11,11,2fP8FcVxsb7YkmdGMnwBLR4l8GQ=,4jwqbYgQ8fgZotfN42pyF3KMcys=
10,11,2fP8FcVxsb7YkmdGMnwBLR4l8GQ=,4jwqbYgQ8fgZotfN42pyF3KMcys=
9,11,2fP8FcVxsb7YkmdGMnwBLR4l8GQ=,4jwqbYgQ8fgZotfN42pyF3KMcys=
14,10,2fP8FcVxsb7YkmdGMnwBLR4l8GQ=,4jwqbYgQ8fgZotfN42pyF3KMcys=
13,10,2fP8FcVxsb7YkmdGMnwBLR4l8GQ=,4jwqbYgQ8fgZotfN42pyF3KMcys=
12,10,2fP8FcVxsb7YkmdGMnwBLR4l8GQ=,4jwqbYgQ8fgZotfN42pyF3KMcys=
11,10,2fP8FcVxsb7YkmdGMnwBLR4l8GQ=,4jwqbYgQ8fgZotfN42pyF3KMcys=
10,10,2fP8FcVxsb7YkmdGMnwBLR4l8GQ=,4jwqbYgQ8fgZotfN42pyF3KMcys=
9,10,oNoBDd2Zwex1x5NSOh4l4oFDhok=,4jwqbYgQ8fgZotfN42pyF3KMcys=
14,9,oNoBDd2Zwex1x5NSOh4l4oFDhok=,4jwqbYgQ8fgZotfN42pyF3KMcys=
13,9,oNoBDd2Zwex1x5NSOh4l4oFDhok=,4jwqbYgQ8fgZotfN42pyF3KMcys=
12,9,oNoBDd2Zwex1x5NSOh4l4oFDhok=,4jwqbYgQ8fgZotfN42pyF3KMcys=
11,9,oNoBDd2Zwex1x5NSOh4l4oFDhok=,4jwqbYgQ8fgZotfN42pyF3KMcys=
10,9,oNoBDd2Zwex1x5NSOh4l4oFDhok=,4jwqbYgQ8fgZotfN42pyF3KMcys=
11,5,oNoBDd2Zwex1x5NSOh4l4oFDhok=,8TJ9E92xYwCuvS6gArEZs0AINJo=
3,5,oNoBDd2Zwex1x5NSOh4l4oFDhok=,Qa9sWljZAoXUHqOQEYZl6T875MA=
9,9,oNoBDd2Zwex1x5NSOh4l4oFDhok=,4jwqbYgQ8fgZotfN42pyF3KMcys=
8,11,oNoBDd2Zwex1x5NSOh4l4oFDhok=,4jwqbYgQ8fgZotfN42pyF3KMcys=
5,4,oNoBDd2Zwex1x5NSOh4l4oFDhok=,Qa9sWljZAoXUHqOQEYZl6T875MA=
10,5,oNoBDd2Zwex1x5NSOh4l4oFDhok=,8TJ9E92xYwCuvS6gArEZs0AINJo=
14,14,oNoBDd2Zwex1x5NSOh4l4oFDhok=,4jwqbYgQ8fgZotfN42pyF3KMcys=
3,11,oNoBDd2Zwex1x5NSOh4l4oFDhok=,jLJ5C1ROy5tGL2WapHxyHvddU8k=
4,4,oNoBDd2Zwex1x5NSOh4l4oFDhok=,Qa9sWljZAoXUHqOQEYZl6T875MA=
13,14,oNoBDd2Zwex1x5NSOh4l4oFDhok=,4jwqbYgQ8fgZotfN42pyF3KMcys=
2,11,oNoBDd2Zwex1x5NSOh4l4oFDhok=,jLJ5C1ROy5tGL2WapHxyHvddU8k=
9,5,oNoBDd2Zwex1x5NSOh4l4oFDhok=,8TJ9E92xYwCuvS6gArEZs0AINJo=
12,14,oNoBDd2Zwex1x5NSOh4l4oFDhok=,4jwqbYgQ8fgZotfN42pyF3KMcys=
3,4,oNoBDd2Zwex1x5NSOh4l4oFDhok=,Qa9sWljZAoXUHqOQEYZl6T875MA=
14,4,oNoBDd2Zwex1x5NSOh4l4oFDhok=,8TJ9E92xYwCuvS6gArEZs0AINJo=
1,11,oNoBDd2Zwex1x5NSOh4l4oFDhok=,jLJ5C1ROy5tGL2WapHxyHvddU8k=
11,14,oNoBDd2Zwex1x5NSOh4l4oFDhok=,4jwqbYgQ8fgZotfN42pyF3KMcys=
13,4,oNoBDd2Zwex1x5NSOh4l4oFDhok=,8TJ9E92xYwCuvS6gArEZs0AINJo=
8,5,oNoBDd2Zwex1x5NSOh4l4oFDhok=,8TJ9E92xYwCuvS6gArEZs0AINJo=
10,14,oNoBDd2Zwex1x5NSOh4l4oFDhok=,4jwqbYgQ8fgZotfN42pyF3KMcys=
7,10,oNoBDd2Zwex1x5NSOh4l4oFDhok=,jLJ5C1ROy5tGL2WapHxyHvddU8k=
12,4,oNoBDd2Zwex1x5NSOh4l4oFDhok=,8TJ9E92xYwCuvS6gArEZs0AINJo=
9,14,57Hfvzu1ak6e9d5pqL4EWcNfZ40=,4jwqbYgQ8fgZotfN42pyF3KMcys=
2,5,57Hfvzu1ak6e9d5pqL4EWcNfZ40=,Qa9sWljZAoXUHqOQEYZl6T875MA=
8,10,57Hfvzu1ak6e9d5pqL4EWcNfZ40=,4jwqbYgQ8fgZotfN42pyF3KMcys=
11,4,57Hfvzu1ak6e9d5pqL4EWcNfZ40=,8TJ9E92xYwCuvS6gArEZs0AINJo=
1,5,57Hfvzu1ak6e9d5pqL4EWcNfZ40=,Qa9sWljZAoXUHqOQEYZl6T875MA=
14,13,57Hfvzu1ak6e9d5pqL4EWcNfZ40=,4jwqbYgQ8fgZotfN42pyF3KMcys=
10,4,57Hfvzu1ak6e9d5pqL4EWcNfZ40=,8TJ9E92xYwCuvS6gArEZs0AINJo=
6,10,57Hfvzu1ak6e9d5pqL4EWcNfZ40=,jLJ5C1ROy5tGL2WapHxyHvddU8k=
13,13,57Hfvzu1ak6e9d5pqL4EWcNfZ40=,4jwqbYgQ8fgZotfN42pyF3KMcys=
2,4,57Hfvzu1ak6e9d5pqL4EWcNfZ40=,Qa9sWljZAoXUHqOQEYZl6T875MA=
9,4,57Hfvzu1ak6e9d5pqL4EWcNfZ40=,8TJ9E92xYwCuvS6gArEZs0AINJo=
12,13,57Hfvzu1ak6e9d5pqL4EWcNfZ40=,4jwqbYgQ8fgZotfN42pyF3KMcys=
5,10,57Hfvzu1ak6e9d5pqL4EWcNfZ40=,jLJ5C1ROy5tGL2WapHxyHvddU8k=
1,1,57Hfvzu1ak6e9d5pqL4EWcNfZ40=,Qa9sWljZAoXUHqOQEYZl6T875MA=
14,3,57Hfvzu1ak6e9d5pqL4EWcNfZ40=,8TJ9E92xYwCuvS6gArEZs0AINJo=
11,13,57Hfvzu1ak6e9d5pqL4EWcNfZ40=,4jwqbYgQ8fgZotfN42pyF3KMcys=
4,10,57Hfvzu1ak6e9d5pqL4EWcNfZ40=,jLJ5C1ROy5tGL2WapHxyHvddU8k=
5,3,57Hfvzu1ak6e9d5pqL4EWcNfZ40=,Qa9sWljZAoXUHqOQEYZl6T875MA=
10,13,57Hfvzu1ak6e9d5pqL4EWcNfZ40=,4jwqbYgQ8fgZotfN42pyF3KMcys=
3,10,57Hfvzu1ak6e9d5pqL4EWcNfZ40=,jLJ5C1ROy5tGL2WapHxyHvddU8k=
13,3,57Hfvzu1ak6e9d5pqL4EWcNfZ40=,8TJ9E92xYwCuvS6gArEZs0AINJo=
9,13,57Hfvzu1ak6e9d5pqL4EWcNfZ40=,4jwqbYgQ8fgZotfN42pyF3KMcys=
2,10,57Hfvzu1ak6e9d5pqL4EWcNfZ40=,jLJ5C1ROy5tGL2WapHxyHvddU8k=
14,12,57Hfvzu1ak6e9d5pqL4EWcNfZ40=,4jwqbYgQ8fgZotfN42pyF3KMcys=
8,4,57Hfvzu1ak6e9d5pqL4EWcNfZ40=,8TJ9E92xYwCuvS6gArEZs0AINJo=
12,3,57Hfvzu1ak6e9d5pqL4EWcNfZ40=,8TJ9E92xYwCuvS6gArEZs0AINJo=
13,12,57Hfvzu1ak6e9d5pqL4EWcNfZ40=,4jwqbYgQ8fgZotfN42pyF3KMcys=
1,10,57Hfvzu1ak6e9d5pqL4EWcNfZ40=,jLJ5C1ROy5tGL2WapHxyHvddU8k=
11,3,57Hfvzu1ak6e9d5pqL4EWcNfZ40=,8TJ9E92xYwCuvS6gArEZs0AINJo=
8,3,E8eRIQlDqm38mSkH+xX9Hm9UhqY=,8TJ9E92xYwCuvS6gArEZs0AINJo=
12,12,E8eRIQlDqm38mSkH+xX9Hm9UhqY=,4jwqbYgQ8fgZotfN42pyF3KMcys=
7,9,E8eRIQlDqm38mSkH+xX9Hm9UhqY=,jLJ5C1ROy5tGL2WapHxyHvddU8k=
10,3,E8eRIQlDqm38mSkH+xX9Hm9UhqY=,8TJ9E92xYwCuvS6gArEZs0AINJo=
11,12,E8eRIQlDqm38mSkH+xX9Hm9UhqY=,4jwqbYgQ8fgZotfN42pyF3KMcys=
7,1,E8eRIQlDqm38mSkH+xX9Hm9UhqY=,Qa9sWljZAoXUHqOQEYZl6T875MA=
6,9,E8eRIQlDqm38mSkH+xX9Hm9UhqY=,jLJ5C1ROy5tGL2WapHxyHvddU8k=
9,3,E8eRIQlDqm38mSkH+xX9Hm9UhqY=,8TJ9E92xYwCuvS6gArEZs0AINJo=
10,12,E8eRIQlDqm38mSkH+xX9Hm9UhqY=,4jwqbYgQ8fgZotfN42pyF3KMcys=
4,3,E8eRIQlDqm38mSkH+xX9Hm9UhqY=,Qa9sWljZAoXUHqOQEYZl6T875MA=
3,3,E8eRIQlDqm38mSkH+xX9Hm9UhqY=,Qa9sWljZAoXUHqOQEYZl6T875MA=
5,9,E8eRIQlDqm38mSkH+xX9Hm9UhqY=,jLJ5C1ROy5tGL2WapHxyHvddU8k=
9,12,E8eRIQlDqm38mSkH+xX9Hm9UhqY=,4jwqbYgQ8fgZotfN42pyF3KMcys=
14,2,E8eRIQlDqm38mSkH+xX9Hm9UhqY=,8TJ9E92xYwCuvS6gArEZs0AINJo=
8,2,E8eRIQlDqm38mSkH+xX9Hm9UhqY=,8TJ9E92xYwCuvS6gArEZs0AINJo=
4,9,E8eRIQlDqm38mSkH+xX9Hm9UhqY=,jLJ5C1ROy5tGL2WapHxyHvddU8k=
14,8,E8eRIQlDqm38mSkH+xX9Hm9UhqY=,4jwqbYgQ8fgZotfN42pyF3KMcys=
14,11,E8eRIQlDqm38mSkH+xX9Hm9UhqY=,4jwqbYgQ8fgZotfN42pyF3KMcys=
6,1,E8eRIQlDqm38mSkH+xX9Hm9UhqY=,Qa9sWljZAoXUHqOQEYZl6T875MA=
3,9,E8eRIQlDqm38mSkH+xX9Hm9UhqY=,jLJ5C1ROy5tGL2WapHxyHvddU8k=
13,2,E8eRIQlDqm38mSkH+xX9Hm9UhqY=,8TJ9E92xYwCuvS6gArEZs0AINJo=
13,11,E8eRIQlDqm38mSkH+xX9Hm9UhqY=,4jwqbYgQ8fgZotfN42pyF3KMcys=
13,8,E8eRIQlDqm38mSkH+xX9Hm9UhqY=,4jwqbYgQ8fgZotfN42pyF3KMcys=
2,9,E8eRIQlDqm38mSkH+xX9Hm9UhqY=,jLJ5C1ROy5tGL2WapHxyHvddU8k=
12,11,E8eRIQlDqm38mSkH+xX9Hm9UhqY=,4jwqbYgQ8fgZotfN42pyF3KMcys=
7,6,E8eRIQlDqm38mSkH+xX9Hm9UhqY=,Qa9sWljZAoXUHqOQEYZl6T875MA=
12,8,E8eRIQlDqm38mSkH+xX9Hm9UhqY=,4jwqbYgQ8fgZotfN42pyF3KMcys=
1,9,E8eRIQlDqm38mSkH+xX9Hm9UhqY=,jLJ5C1ROy5tGL2WapHxyHvddU8k=
6,6,E8eRIQlDqm38mSkH+xX9Hm9UhqY=,Qa9sWljZAoXUHqOQEYZl6T875MA=
11,8,E8eRIQlDqm38mSkH+xX9Hm9UhqY=,4jwqbYgQ8fgZotfN42pyF3KMcys=
6,15,E8eRIQlDqm38mSkH+xX9Hm9UhqY=,jLJ5C1ROy5tGL2WapHxyHvddU8k=
7,8,E8eRIQlDqm38mSkH+xX9Hm9UhqY=,jLJ5C1ROy5tGL2WapHxyHvddU8k=
5,6,E8eRIQlDqm38mSkH+xX9Hm9UhqY=,Qa9sWljZAoXUHqOQEYZl6T875MA=
5,15,E8eRIQlDqm38mSkH+xX9Hm9UhqY=,jLJ5C1ROy5tGL2WapHxyHvddU8k=
10,8,E8eRIQlDqm38mSkH+xX9Hm9UhqY=,4jwqbYgQ8fgZotfN42pyF3KMcys=
5,1,E8eRIQlDqm38mSkH+xX9Hm9UhqY=,Qa9sWljZAoXUHqOQEYZl6T875MA=
8,9,E8eRIQlDqm38mSkH+xX9Hm9UhqY=,4jwqbYgQ8fgZotfN42pyF3KMcys=
4,15,E8eRIQlDqm38mSkH+xX9Hm9UhqY=,jLJ5C1ROy5tGL2WapHxyHvddU8k=
4,6,E8eRIQlDqm38mSkH+xX9Hm9UhqY=,Qa9sWljZAoXUHqOQEYZl6T875MA=
12,2,0mF1fmSxG9mCZvwlPooR8nyUYuw=,8TJ9E92xYwCuvS6gArEZs0AINJo=
3,15,0mF1fmSxG9mCZvwlPooR8nyUYuw=,jLJ5C1ROy5tGL2WapHxyHvddU8k=
3,6,0mF1fmSxG9mCZvwlPooR8nyUYuw=,Qa9sWljZAoXUHqOQEYZl6T875MA=
2,6,0mF1fmSxG9mCZvwlPooR8nyUYuw=,Qa9sWljZAoXUHqOQEYZl6T875MA=
7,14,0mF1fmSxG9mCZvwlPooR8nyUYuw=,jLJ5C1ROy5tGL2WapHxyHvddU8k=
2,15,0mF1fmSxG9mCZvwlPooR8nyUYuw=,jLJ5C1ROy5tGL2WapHxyHvddU8k=
9,8,0mF1fmSxG9mCZvwlPooR8nyUYuw=,4jwqbYgQ8fgZotfN42pyF3KMcys=
6,8,0mF1fmSxG9mCZvwlPooR8nyUYuw=,jLJ5C1ROy5tGL2WapHxyHvddU8k=
1,15,0mF1fmSxG9mCZvwlPooR8nyUYuw=,jLJ5C1ROy5tGL2WapHxyHvddU8k=
6,14,0mF1fmSxG9mCZvwlPooR8nyUYuw=,jLJ5C1ROy5tGL2WapHxyHvddU8k=
14,7,0mF1fmSxG9mCZvwlPooR8nyUYuw=,8TJ9E92xYwCuvS6gArEZs0AINJo=
4,1,0mF1fmSxG9mCZvwlPooR8nyUYuw=,Qa9sWljZAoXUHqOQEYZl6T875MA=
7,15,0mF1fmSxG9mCZvwlPooR8nyUYuw=,jLJ5C1ROy5tGL2WapHxyHvddU8k=
5,8,0mF1fmSxG9mCZvwlPooR8nyUYuw=,jLJ5C1ROy5tGL2WapHxyHvddU8k=
8,1,0mF1fmSxG9mCZvwlPooR8nyUYuw=,8TJ9E92xYwCuvS6gArEZs0AINJo=
14,15,0mF1fmSxG9mCZvwlPooR8nyUYuw=,4jwqbYgQ8fgZotfN42pyF3KMcys=
11,2,0mF1fmSxG9mCZvwlPooR8nyUYuw=,8TJ9E92xYwCuvS6gArEZs0AINJo=
13,15,0mF1fmSxG9mCZvwlPooR8nyUYuw=,4jwqbYgQ8fgZotfN42pyF3KMcys=
4,8,0mF1fmSxG9mCZvwlPooR8nyUYuw=,jLJ5C1ROy5tGL2WapHxyHvddU8k=
1,6,0mF1fmSxG9mCZvwlPooR8nyUYuw=,Qa9sWljZAoXUHqOQEYZl6T875MA=
12,15,0mF1fmSxG9mCZvwlPooR8nyUYuw=,4jwqbYgQ8fgZotfN42pyF3KMcys=
10,2,0mF1fmSxG9mCZvwlPooR8nyUYuw=,8TJ9E92xYwCuvS6gArEZs0AINJo=
3,8,0mF1fmSxG9mCZvwlPooR8nyUYuw=,jLJ5C1ROy5tGL2WapHxyHvddU8k=
7,2,0mF1fmSxG9mCZvwlPooR8nyUYuw=,Qa9sWljZAoXUHqOQEYZl6T875MA=
11,15,0mF1fmSxG9mCZvwlPooR8nyUYuw=,4jwqbYgQ8fgZotfN42pyF3KMcys=
13,7,0mF1fmSxG9mCZvwlPooR8nyUYuw=,8TJ9E92xYwCuvS6gArEZs0AINJo=
5,14,0mF1fmSxG9mCZvwlPooR8nyUYuw=,jLJ5C1ROy5tGL2WapHxyHvddU8k=
10,15,0mF1fmSxG9mCZvwlPooR8nyUYuw=,4jwqbYgQ8fgZotfN42pyF3KMcys=
7,5,0mF1fmSxG9mCZvwlPooR8nyUYuw=,Qa9sWljZAoXUHqOQEYZl6T875MA=
2,8,0mF1fmSxG9mCZvwlPooR8nyUYuw=,jLJ5C1ROy5tGL2WapHxyHvddU8k=
9,2,0mF1fmSxG9mCZvwlPooR8nyUYuw=,8TJ9E92xYwCuvS6gArEZs0AINJo=
9,15,0mF1fmSxG9mCZvwlPooR8nyUYuw=,4jwqbYgQ8fgZotfN42pyF3KMcys=
6,5,0mF1fmSxG9mCZvwlPooR8nyUYuw=,Qa9sWljZAoXUHqOQEYZl6T875MA=
1,8,0mF1fmSxG9mCZvwlPooR8nyUYuw=,jLJ5C1ROy5tGL2WapHxyHvddU8k=
12,7,0mF1fmSxG9mCZvwlPooR8nyUYuw=,8TJ9E92xYwCuvS6gArEZs0AINJo=
8,15,0mF1fmSxG9mCZvwlPooR8nyUYuw=,4jwqbYgQ8fgZotfN42pyF3KMcys=
7,7,0mF1fmSxG9mCZvwlPooR8nyUYuw=,Qa9sWljZAoXUHqOQEYZl6T875MA=
5,5,0mF1fmSxG9mCZvwlPooR8nyUYuw=,Qa9sWljZAoXUHqOQEYZl6T875MA=
15,10,0mF1fmSxG9mCZvwlPooR8nyUYuw=,4jwqbYgQ8fgZotfN42pyF3KMcys=
11,7,0mF1fmSxG9mCZvwlPooR8nyUYuw=,8TJ9E92xYwCuvS6gArEZs0AINJo=
4,5,0mF1fmSxG9mCZvwlPooR8nyUYuw=,Qa9sWljZAoXUHqOQEYZl6T875MA=
15,9,0mF1fmSxG9mCZvwlPooR8nyUYuw=,4jwqbYgQ8fgZotfN42pyF3KMcys=
15,14,0mF1fmSxG9mCZvwlPooR8nyUYuw=,4jwqbYgQ8fgZotfN42pyF3KMcys=
6,7,0mF1fmSxG9mCZvwlPooR8nyUYuw=,Qa9sWljZAoXUHqOQEYZl6T875MA=
6,2,0mF1fmSxG9mCZvwlPooR8nyUYuw=,Qa9sWljZAoXUHqOQEYZl6T875MA=
15,13,0mF1fmSxG9mCZvwlPooR8nyUYuw=,4jwqbYgQ8fgZotfN42pyF3KMcys=
14,1,0mF1fmSxG9mCZvwlPooR8nyUYuw=,8TJ9E92xYwCuvS6gArEZs0AINJo=
5,7,0mF1fmSxG9mCZvwlPooR8nyUYuw=,Qa9sWljZAoXUHqOQEYZl6T875MA=
2,3,0mF1fmSxG9mCZvwlPooR8nyUYuw=,Qa9sWljZAoXUHqOQEYZl6T875MA=
15,12,0mF1fmSxG9mCZvwlPooR8nyUYuw=,4jwqbYgQ8fgZotfN42pyF3KMcys=
4,7,0mF1fmSxG9mCZvwlPooR8nyUYuw=,Qa9sWljZAoXUHqOQEYZl6T875MA=
13,1,0mF1fmSxG9mCZvwlPooR8nyUYuw=,8TJ9E92xYwCuvS6gArEZs0AINJo=
15,11,0mF1fmSxG9mCZvwlPooR8nyUYuw=,4jwqbYgQ8fgZotfN42pyF3KMcys=
5,2,0mF1fmSxG9mCZvwlPooR8nyUYuw=,Qa9sWljZAoXUHqOQEYZl6T875MA=
4,14,0mF1fmSxG9mCZvwlPooR8nyUYuw=,jLJ5C1ROy5tGL2WapHxyHvddU8k=
3,0,0mF1fmSxG9mCZvwlPooR8nyUYuw=,Qa9sWljZAoXUHqOQEYZl6T875MA=
12,1,0mF1fmSxG9mCZvwlPooR8nyUYuw=,8TJ9E92xYwCuvS6gArEZs0AINJo=
4,2,0mF1fmSxG9mCZvwlPooR8nyUYuw=,Qa9sWljZAoXUHqOQEYZl6T875MA=
3,14,5YsA2Xc49AVF/J1QgTSThaIxoh4=,jLJ5C1ROy5tGL2WapHxyHvddU8k=
6,0,5YsA2Xc49AVF/J1QgTSThaIxoh4=,Qa9sWljZAoXUHqOQEYZl6T875MA=
8,6,5YsA2Xc49AVF/J1QgTSThaIxoh4=,8TJ9E92xYwCuvS6gArEZs0AINJo=
10,7,5YsA2Xc49AVF/J1QgTSThaIxoh4=,8TJ9E92xYwCuvS6gArEZs0AINJo=
3,7,5YsA2Xc49AVF/J1QgTSThaIxoh4=,Qa9sWljZAoXUHqOQEYZl6T875MA=
5,0,5YsA2Xc49AVF/J1QgTSThaIxoh4=,Qa9sWljZAoXUHqOQEYZl6T875MA=
3,2,5YsA2Xc49AVF/J1QgTSThaIxoh4=,Qa9sWljZAoXUHqOQEYZl6T875MA=
2,14,5YsA2Xc49AVF/J1QgTSThaIxoh4=,jLJ5C1ROy5tGL2WapHxyHvddU8k=
9,7,5YsA2Xc49AVF/J1QgTSThaIxoh4=,8TJ9E92xYwCuvS6gArEZs0AINJo=
4,0,5YsA2Xc49AVF/J1QgTSThaIxoh4=,Qa9sWljZAoXUHqOQEYZl6T875MA=
2,2,5YsA2Xc49AVF/J1QgTSThaIxoh4=,Qa9sWljZAoXUHqOQEYZl6T875MA=
1,14,5YsA2Xc49AVF/J1QgTSThaIxoh4=,jLJ5C1ROy5tGL2WapHxyHvddU8k=
11,1,5YsA2Xc49AVF/J1QgTSThaIxoh4=,8TJ9E92xYwCuvS6gArEZs0AINJo=
2,0,5YsA2Xc49AVF/J1QgTSThaIxoh4=,Qa9sWljZAoXUHqOQEYZl6T875MA=
1,2,5YsA2Xc49AVF/J1QgTSThaIxoh4=,Qa9sWljZAoXUHqOQEYZl6T875MA=
7,13,5YsA2Xc49AVF/J1QgTSThaIxoh4=,jLJ5C1ROy5tGL2WapHxyHvddU8k=
10,1,5YsA2Xc49AVF/J1QgTSThaIxoh4=,8TJ9E92xYwCuvS6gArEZs0AINJo=
1,0,5YsA2Xc49AVF/J1QgTSThaIxoh4=,Qa9sWljZAoXUHqOQEYZl6T875MA=
1,4,5YsA2Xc49AVF/J1QgTSThaIxoh4=,Qa9sWljZAoXUHqOQEYZl6T875MA=
6,13,5YsA2Xc49AVF/J1QgTSThaIxoh4=,jLJ5C1ROy5tGL2WapHxyHvddU8k=
9,1,5YsA2Xc49AVF/J1QgTSThaIxoh4=,8TJ9E92xYwCuvS6gArEZs0AINJo=
7,0,5YsA2Xc49AVF/J1QgTSThaIxoh4=,Qa9sWljZAoXUHqOQEYZl6T875MA=
3,1,5YsA2Xc49AVF/J1QgTSThaIxoh4=,Qa9sWljZAoXUHqOQEYZl6T875MA=
14,6,5YsA2Xc49AVF/J1QgTSThaIxoh4=,8TJ9E92xYwCuvS6gArEZs0AINJo=
2,1,5YsA2Xc49AVF/J1QgTSThaIxoh4=,Qa9sWljZAoXUHqOQEYZl6T875MA=
8,8,5YsA2Xc49AVF/J1QgTSThaIxoh4=,4jwqbYgQ8fgZotfN42pyF3KMcys=
13,6,5YsA2Xc49AVF/J1QgTSThaIxoh4=,8TJ9E92xYwCuvS6gArEZs0AINJo=
2,7,5YsA2Xc49AVF/J1QgTSThaIxoh4=,Qa9sWljZAoXUHqOQEYZl6T875MA=
14,0,5YsA2Xc49AVF/J1QgTSThaIxoh4=,8TJ9E92xYwCuvS6gArEZs0AINJo=
1,3,5YsA2Xc49AVF/J1QgTSThaIxoh4=,Qa9sWljZAoXUHqOQEYZl6T875MA=
12,6,5YsA2Xc49AVF/J1QgTSThaIxoh4=,8TJ9E92xYwCuvS6gArEZs0AINJo=
13,0,5YsA2Xc49AVF/J1QgTSThaIxoh4=,8TJ9E92xYwCuvS6gArEZs0AINJo=
5,13,5YsA2Xc49AVF/J1QgTSThaIxoh4=,jLJ5C1ROy5tGL2WapHxyHvddU8k=
7,4,5YsA2Xc49AVF/J1QgTSThaIxoh4=,Qa9sWljZAoXUHqOQEYZl6T875MA=
4,13,5YsA2Xc49AVF/J1QgTSThaIxoh4=,jLJ5C1ROy5tGL2WapHxyHvddU8k=
11,6,5YsA2Xc49AVF/J1QgTSThaIxoh4=,8TJ9E92xYwCuvS6gArEZs0AINJo=
12,0,5YsA2Xc49AVF/J1QgTSThaIxoh4=,8TJ9E92xYwCuvS6gArEZs0AINJo=
3,13,5YsA2Xc49AVF/J1QgTSThaIxoh4=,jLJ5C1ROy5tGL2WapHxyHvddU8k=
6,4,5YsA2Xc49AVF/J1QgTSThaIxoh4=,Qa9sWljZAoXUHqOQEYZl6T875MA=
1,7,5YsA2Xc49AVF/J1QgTSThaIxoh4=,Qa9sWljZAoXUHqOQEYZl6T875MA=
7,3,5YsA2Xc49AVF/J1QgTSThaIxoh4=,Qa9sWljZAoXUHqOQEYZl6T875MA=
10,6,5YsA2Xc49AVF/J1QgTSThaIxoh4=,8TJ9E92xYwCuvS6gArEZs0AINJo=
11,0,2wKDEb96ReTMq0m/GtajKaTaG80=,8TJ9E92xYwCuvS6gArEZs0AINJo=
2,13,2wKDEb96ReTMq0m/GtajKaTaG80=,jLJ5C1ROy5tGL2WapHxyHvddU8k=
6,3,2wKDEb96ReTMq0m/GtajKaTaG80=,Qa9sWljZAoXUHqOQEYZl6T875MA=
9,6,2wKDEb96ReTMq0m/GtajKaTaG80=,8TJ9E92xYwCuvS6gArEZs0AINJo=
10,0,2wKDEb96ReTMq0m/GtajKaTaG80=,8TJ9E92xYwCuvS6gArEZs0AINJo=
1,13,2wKDEb96ReTMq0m/GtajKaTaG80=,jLJ5C1ROy5tGL2WapHxyHvddU8k=
15,4,2wKDEb96ReTMq0m/GtajKaTaG80=,8TJ9E92xYwCuvS6gArEZs0AINJo=
14,5,2wKDEb96ReTMq0m/GtajKaTaG80=,8TJ9E92xYwCuvS6gArEZs0AINJo=
9,0,2wKDEb96ReTMq0m/GtajKaTaG80=,8TJ9E92xYwCuvS6gArEZs0AINJo=
8,14,2wKDEb96ReTMq0m/GtajKaTaG80=,4jwqbYgQ8fgZotfN42pyF3KMcys=
13,5,2wKDEb96ReTMq0m/GtajKaTaG80=,8TJ9E92xYwCuvS6gArEZs0AINJo=
15,3,2wKDEb96ReTMq0m/GtajKaTaG80=,8TJ9E92xYwCuvS6gArEZs0AINJo=
8,0,2wKDEb96ReTMq0m/GtajKaTaG80=,8TJ9E92xYwCuvS6gArEZs0AINJo=
12,5,2wKDEb96ReTMq0m/GtajKaTaG80=,8TJ9E92xYwCuvS6gArEZs0AINJo=
7,12,2wKDEb96ReTMq0m/GtajKaTaG80=,jLJ5C1ROy5tGL2WapHxyHvddU8k=
15,0,2wKDEb96ReTMq0m/GtajKaTaG80=,8TJ9E92xYwCuvS6gArEZs0AINJo=
15,2,2wKDEb96ReTMq0m/GtajKaTaG80=,8TJ9E92xYwCuvS6gArEZs0AINJo=
15,8,2wKDEb96ReTMq0m/GtajKaTaG80=,4jwqbYgQ8fgZotfN42pyF3KMcys=
15,15,2wKDEb96ReTMq0m/GtajKaTaG80=,4jwqbYgQ8fgZotfN42pyF3KMcys=
6,12,2wKDEb96ReTMq0m/GtajKaTaG80=,jLJ5C1ROy5tGL2WapHxyHvddU8k=
0,11,2wKDEb96ReTMq0m/GtajKaTaG80=,jLJ5C1ROy5tGL2WapHxyHvddU8k=
15,7,2wKDEb96ReTMq0m/GtajKaTaG80=,8TJ9E92xYwCuvS6gArEZs0AINJo=
0,1,2wKDEb96ReTMq0m/GtajKaTaG80=,Qa9sWljZAoXUHqOQEYZl6T875MA=
5,12,2wKDEb96ReTMq0m/GtajKaTaG80=,jLJ5C1ROy5tGL2WapHxyHvddU8k=
0,10,2wKDEb96ReTMq0m/GtajKaTaG80=,jLJ5C1ROy5tGL2WapHxyHvddU8k=
15,1,2wKDEb96ReTMq0m/GtajKaTaG80=,8TJ9E92xYwCuvS6gArEZs0AINJo=
4,12,2wKDEb96ReTMq0m/GtajKaTaG80=,jLJ5C1ROy5tGL2WapHxyHvddU8k=
0,8,2wKDEb96ReTMq0m/GtajKaTaG80=,jLJ5C1ROy5tGL2WapHxyHvddU8k=
0,9,2wKDEb96ReTMq0m/GtajKaTaG80=,jLJ5C1ROy5tGL2WapHxyHvddU8k=
15,6,2wKDEb96ReTMq0m/GtajKaTaG80=,8TJ9E92xYwCuvS6gArEZs0AINJo=
3,12,2wKDEb96ReTMq0m/GtajKaTaG80=,jLJ5C1ROy5tGL2WapHxyHvddU8k=
0,14,2wKDEb96ReTMq0m/GtajKaTaG80=,jLJ5C1ROy5tGL2WapHxyHvddU8k=
0,7,2wKDEb96ReTMq0m/GtajKaTaG80=,Qa9sWljZAoXUHqOQEYZl6T875MA=
15,5,2wKDEb96ReTMq0m/GtajKaTaG80=,8TJ9E92xYwCuvS6gArEZs0AINJo=
2,12,2wKDEb96ReTMq0m/GtajKaTaG80=,jLJ5C1ROy5tGL2WapHxyHvddU8k=
0,13,2wKDEb96ReTMq0m/GtajKaTaG80=,jLJ5C1ROy5tGL2WapHxyHvddU8k=
0,6,2wKDEb96ReTMq0m/GtajKaTaG80=,Qa9sWljZAoXUHqOQEYZl6T875MA=
0,0,2wKDEb96ReTMq0m/GtajKaTaG80=,Qa9sWljZAoXUHqOQEYZl6T875MA=
1,12,2wKDEb96ReTMq0m/GtajKaTaG80=,jLJ5C1ROy5tGL2WapHxyHvddU8k=
0,12,2wKDEb96ReTMq0m/GtajKaTaG80=,jLJ5C1ROy5tGL2WapHxyHvddU8k=
0,2,2wKDEb96ReTMq0m/GtajKaTaG80=,Qa9sWljZAoXUHqOQEYZl6T875MA=
0,15,2wKDEb96ReTMq0m/GtajKaTaG80=,jLJ5C1ROy5tGL2WapHxyHvddU8k=
0,3,2wKDEb96ReTMq0m/GtajKaTaG80=,Qa9sWljZAoXUHqOQEYZl6T875MA=
8,7,2wKDEb96ReTMq0m/GtajKaTaG80=,8TJ9E92xYwCuvS6gArEZs0AINJo=
0,5,2wKDEb96ReTMq0m/GtajKaTaG80=,Qa9sWljZAoXUHqOQEYZl6T875MA=
0,4,2wKDEb96ReTMq0m/GtajKaTaG80=,Qa9sWljZAoXUHqOQEYZl6T875MA=
8,13,2wKDEb96ReTMq0m/GtajKaTaG80=,4jwqbYgQ8fgZotfN42pyF3KMcys=
7,11,2wKDEb96ReTMq0m/GtajKaTaG80=,jLJ5C1ROy5tGL2WapHxyHvddU8k=
6,11,D0Yx54xwQ32S2W4oRzJZ8miDemE=,jLJ5C1ROy5tGL2WapHxyHvddU8k=
5,11,D0Yx54xwQ32S2W4oRzJZ8miDemE=,jLJ5C1ROy5tGL2WapHxyHvddU8k=
8,12,D0Yx54xwQ32S2W4oRzJZ8miDemE=,4jwqbYgQ8fgZotfN42pyF3KMcys=
4,11,D0Yx54xwQ32S2W4oRzJZ8miDemE=,jLJ5C1ROy5tGL2WapHxyHvddU8k=
11,23,D0Yx54xwQ32S2W4oRzJZ8miDemE=,NjQtXpvWVfxBprWs4EDXOk6HrTc=
10,23,D0Yx54xwQ32S2W4oRzJZ8miDemE=,NjQtXpvWVfxBprWs4EDXOk6HrTc=
9,23,D0Yx54xwQ32S2W4oRzJZ8miDemE=,NjQtXpvWVfxBprWs4EDXOk6HrTc=
15,22,D0Yx54xwQ32S2W4oRzJZ8miDemE=,NjQtXpvWVfxBprWs4EDXOk6HrTc=
14,22,D0Yx54xwQ32S2W4oRzJZ8miDemE=,NjQtXpvWVfxBprWs4EDXOk6HrTc=
13,22,D0Yx54xwQ32S2W4oRzJZ8miDemE=,NjQtXpvWVfxBprWs4EDXOk6HrTc=
12,22,D0Yx54xwQ32S2W4oRzJZ8miDemE=,NjQtXpvWVfxBprWs4EDXOk6HrTc=
11,22,D0Yx54xwQ32S2W4oRzJZ8miDemE=,NjQtXpvWVfxBprWs4EDXOk6HrTc=
10,22,D0Yx54xwQ32S2W4oRzJZ8miDemE=,NjQtXpvWVfxBprWs4EDXOk6HrTc=
9,22,D0Yx54xwQ32S2W4oRzJZ8miDemE=,NjQtXpvWVfxBprWs4EDXOk6HrTc=
15,21,D0Yx54xwQ32S2W4oRzJZ8miDemE=,NjQtXpvWVfxBprWs4EDXOk6HrTc=
14,21,D0Yx54xwQ32S2W4oRzJZ8miDemE=,NjQtXpvWVfxBprWs4EDXOk6HrTc=
13,21,D0Yx54xwQ32S2W4oRzJZ8miDemE=,NjQtXpvWVfxBprWs4EDXOk6HrTc=
12,21,D0Yx54xwQ32S2W4oRzJZ8miDemE=,NjQtXpvWVfxBprWs4EDXOk6HrTc=
11,21,D0Yx54xwQ32S2W4oRzJZ8miDemE=,NjQtXpvWVfxBprWs4EDXOk6HrTc=
10,21,D0Yx54xwQ32S2W4oRzJZ8miDemE=,NjQtXpvWVfxBprWs4EDXOk6HrTc=
9,21,D0Yx54xwQ32S2W4oRzJZ8miDemE=,NjQtXpvWVfxBprWs4EDXOk6HrTc=
15,20,D0Yx54xwQ32S2W4oRzJZ8miDemE=,NjQtXpvWVfxBprWs4EDXOk6HrTc=
14,20,D0Yx54xwQ32S2W4oRzJZ8miDemE=,NjQtXpvWVfxBprWs4EDXOk6HrTc=
13,20,D0Yx54xwQ32S2W4oRzJZ8miDemE=,NjQtXpvWVfxBprWs4EDXOk6HrTc=
12,20,D0Yx54xwQ32S2W4oRzJZ8miDemE=,NjQtXpvWVfxBprWs4EDXOk6HrTc=
11,20,D0Yx54xwQ32S2W4oRzJZ8miDemE=,NjQtXpvWVfxBprWs4EDXOk6HrTc=
10,20,D0Yx54xwQ32S2W4oRzJZ8miDemE=,NjQtXpvWVfxBprWs4EDXOk6HrTc=
9,20,D0Yx54xwQ32S2W4oRzJZ8miDemE=,NjQtXpvWVfxBprWs4EDXOk6HrTc=
15,19,D0Yx54xwQ32S2W4oRzJZ8miDemE=,NjQtXpvWVfxBprWs4EDXOk6HrTc=
5,22,D0Yx54xwQ32S2W4oRzJZ8miDemE=,h3z4J27xAJImOlJI/8hExDFJEfs=
7,20,D0Yx54xwQ32S2W4oRzJZ8miDemE=,h3z4J27xAJImOlJI/8hExDFJEfs=
8,23,D0Yx54xwQ32S2W4oRzJZ8miDemE=,NjQtXpvWVfxBprWs4EDXOk6HrTc=
5,21,D0Yx54xwQ32S2W4oRzJZ8miDemE=,h3z4J27xAJImOlJI/8hExDFJEfs=
14,19,D0Yx54xwQ32S2W4oRzJZ8miDemE=,NjQtXpvWVfxBprWs4EDXOk6HrTc=
13,19,D0Yx54xwQ32S2W4oRzJZ8miDemE=,NjQtXpvWVfxBprWs4EDXOk6HrTc=
1,19,D0Yx54xwQ32S2W4oRzJZ8miDemE=,h3z4J27xAJImOlJI/8hExDFJEfs=
12,19,D0Yx54xwQ32S2W4oRzJZ8miDemE=,NjQtXpvWVfxBprWs4EDXOk6HrTc=
11,19,D0Yx54xwQ32S2W4oRzJZ8miDemE=,NjQtXpvWVfxBprWs4EDXOk6HrTc=
0,18,D0Yx54xwQ32S2W4oRzJZ8miDemE=,h3z4J27xAJImOlJI/8hExDFJEfs=
10,19,D0Yx54xwQ32S2W4oRzJZ8miDemE=,NjQtXpvWVfxBprWs4EDXOk6HrTc=
3,23,D0Yx54xwQ32S2W4oRzJZ8miDemE=,h3z4J27xAJImOlJI/8hExDFJEfs=
9,19,D0Yx54xwQ32S2W4oRzJZ8miDemE=,NjQtXpvWVfxBprWs4EDXOk6HrTc=
15,18,D0Yx54xwQ32S2W4oRzJZ8miDemE=,NjQtXpvWVfxBprWs4EDXOk6HrTc=
14,18,D0Yx54xwQ32S2W4oRzJZ8miDemE=,NjQtXpvWVfxBprWs4EDXOk6HrTc=
2,23,D0Yx54xwQ32S2W4oRzJZ8miDemE=,h3z4J27xAJImOlJI/8hExDFJEfs=
1,23,D0Yx54xwQ32S2W4oRzJZ8miDemE=,h3z4J27xAJImOlJI/8hExDFJEfs=
13,18,D0Yx54xwQ32S2W4oRzJZ8miDemE=,NjQtXpvWVfxBprWs4EDXOk6HrTc=
7,17,D0Yx54xwQ32S2W4oRzJZ8miDemE=,h3z4J27xAJImOlJI/8hExDFJEfs=
12,18,D0Yx54xwQ32S2W4oRzJZ8miDemE=,NjQtXpvWVfxBprWs4EDXOk6HrTc=
4,22,D0Yx54xwQ32S2W4oRzJZ8miDemE=,h3z4J27xAJImOlJI/8hExDFJEfs=
11,18,D0Yx54xwQ32S2W4oRzJZ8miDemE=,NjQtXpvWVfxBprWs4EDXOk6HrTc=
3,22,D0Yx54xwQ32S2W4oRzJZ8miDemE=,h3z4J27xAJImOlJI/8hExDFJEfs=
10,18,D0Yx54xwQ32S2W4oRzJZ8miDemE=,NjQtXpvWVfxBprWs4EDXOk6HrTc=
0,23,D0Yx54xwQ32S2W4oRzJZ8miDemE=,h3z4J27xAJImOlJI/8hExDFJEfs=
9,18,D0Yx54xwQ32S2W4oRzJZ8miDemE=,NjQtXpvWVfxBprWs4EDXOk6HrTc=
4,21,D0Yx54xwQ32S2W4oRzJZ8miDemE=,h3z4J27xAJImOlJI/8hExDFJEfs=
15,17,D0Yx54xwQ32S2W4oRzJZ8miDemE=,NjQtXpvWVfxBprWs4EDXOk6HrTc=
7,22,D0Yx54xwQ32S2W4oRzJZ8miDemE=,h3z4J27xAJImOlJI/8hExDFJEfs=
14,17,D0Yx54xwQ32S2W4oRzJZ8miDemE=,NjQtXpvWVfxBprWs4EDXOk6HrTc=
6,22,D0Yx54xwQ32S2W4oRzJZ8miDemE=,h3z4J27xAJImOlJI/8hExDFJEfs=
13,17,D0Yx54xwQ32S2W4oRzJZ8miDemE=,NjQtXpvWVfxBprWs4EDXOk6HrTc=
2,22,D0Yx54xwQ32S2W4oRzJZ8miDemE=,h3z4J27xAJImOlJI/8hExDFJEfs=
12,17,D0Yx54xwQ32S2W4oRzJZ8miDemE=,NjQtXpvWVfxBprWs4EDXOk6HrTc=
11,17,D0Yx54xwQ32S2W4oRzJZ8miDemE=,NjQtXpvWVfxBprWs4EDXOk6HrTc=
1,17,D0Yx54xwQ32S2W4oRzJZ8miDemE=,h3z4J27xAJImOlJI/8hExDFJEfs=
10,17,D0Yx54xwQ32S2W4oRzJZ8miDemE=,NjQtXpvWVfxBprWs4EDXOk6HrTc=
0,16,D0Yx54xwQ32S2W4oRzJZ8miDemE=,h3z4J27xAJImOlJI/8hExDFJEfs=
9,17,D0Yx54xwQ32S2W4oRzJZ8miDemE=,NjQtXpvWVfxBprWs4EDXOk6HrTc=
1,22,D0Yx54xwQ32S2W4oRzJZ8miDemE=,h3z4J27xAJImOlJI/8hExDFJEfs=
15,16,D0Yx54xwQ32S2W4oRzJZ8miDemE=,NjQtXpvWVfxBprWs4EDXOk6HrTc=
6,17,D0Yx54xwQ32S2W4oRzJZ8miDemE=,h3z4J27xAJImOlJI/8hExDFJEfs=
14,16,D0Yx54xwQ32S2W4oRzJZ8miDemE=,NjQtXpvWVfxBprWs4EDXOk6HrTc=
13,16,D0Yx54xwQ32S2W4oRzJZ8miDemE=,NjQtXpvWVfxBprWs4EDXOk6HrTc=
12,16,D0Yx54xwQ32S2W4oRzJZ8miDemE=,NjQtXpvWVfxBprWs4EDXOk6HrTc=
1,20,D0Yx54xwQ32S2W4oRzJZ8miDemE=,h3z4J27xAJImOlJI/8hExDFJEfs=
11,16,/w1bpBKGRE9ZGYebdOMk17YFeCY=,NjQtXpvWVfxBprWs4EDXOk6HrTc=
10,16,/w1bpBKGRE9ZGYebdOMk17YFeCY=,NjQtXpvWVfxBprWs4EDXOk6HrTc=
5,17,/w1bpBKGRE9ZGYebdOMk17YFeCY=,h3z4J27xAJImOlJI/8hExDFJEfs=
9,16,/w1bpBKGRE9ZGYebdOMk17YFeCY=,NjQtXpvWVfxBprWs4EDXOk6HrTc=
8,22,/w1bpBKGRE9ZGYebdOMk17YFeCY=,NjQtXpvWVfxBprWs4EDXOk6HrTc=
15,23,/w1bpBKGRE9ZGYebdOMk17YFeCY=,NjQtXpvWVfxBprWs4EDXOk6HrTc=
0,22,/w1bpBKGRE9ZGYebdOMk17YFeCY=,h3z4J27xAJImOlJI/8hExDFJEfs=
14,23,/w1bpBKGRE9ZGYebdOMk17YFeCY=,NjQtXpvWVfxBprWs4EDXOk6HrTc=
13,23,/w1bpBKGRE9ZGYebdOMk17YFeCY=,NjQtXpvWVfxBprWs4EDXOk6HrTc=
0,19,/w1bpBKGRE9ZGYebdOMk17YFeCY=,h3z4J27xAJImOlJI/8hExDFJEfs=
12,23,/w1bpBKGRE9ZGYebdOMk17YFeCY=,NjQtXpvWVfxBprWs4EDXOk6HrTc=
6,20,/w1bpBKGRE9ZGYebdOMk17YFeCY=,h3z4J27xAJImOlJI/8hExDFJEfs=
7,18,/w1bpBKGRE9ZGYebdOMk17YFeCY=,h3z4J27xAJImOlJI/8hExDFJEfs=
6,18,/w1bpBKGRE9ZGYebdOMk17YFeCY=,h3z4J27xAJImOlJI/8hExDFJEfs=
8,21,/w1bpBKGRE9ZGYebdOMk17YFeCY=,NjQtXpvWVfxBprWs4EDXOk6HrTc=
0,17,/w1bpBKGRE9ZGYebdOMk17YFeCY=,h3z4J27xAJImOlJI/8hExDFJEfs=
8,20,/w1bpBKGRE9ZGYebdOMk17YFeCY=,NjQtXpvWVfxBprWs4EDXOk6HrTc=
7,21,/w1bpBKGRE9ZGYebdOMk17YFeCY=,h3z4J27xAJImOlJI/8hExDFJEfs=
6,21,/w1bpBKGRE9ZGYebdOMk17YFeCY=,h3z4J27xAJImOlJI/8hExDFJEfs=
5,20,/w1bpBKGRE9ZGYebdOMk17YFeCY=,h3z4J27xAJImOlJI/8hExDFJEfs=
3,21,/w1bpBKGRE9ZGYebdOMk17YFeCY=,h3z4J27xAJImOlJI/8hExDFJEfs=
4,17,/w1bpBKGRE9ZGYebdOMk17YFeCY=,h3z4J27xAJImOlJI/8hExDFJEfs=
5,18,/w1bpBKGRE9ZGYebdOMk17YFeCY=,h3z4J27xAJImOlJI/8hExDFJEfs=
8,19,/w1bpBKGRE9ZGYebdOMk17YFeCY=,NjQtXpvWVfxBprWs4EDXOk6HrTc=
4,18,/w1bpBKGRE9ZGYebdOMk17YFeCY=,h3z4J27xAJImOlJI/8hExDFJEfs=
7,16,/w1bpBKGRE9ZGYebdOMk17YFeCY=,h3z4J27xAJImOlJI/8hExDFJEfs=
8,18,/w1bpBKGRE9ZGYebdOMk17YFeCY=,NjQtXpvWVfxBprWs4EDXOk6HrTc=
3,17,/w1bpBKGRE9ZGYebdOMk17YFeCY=,h3z4J27xAJImOlJI/8hExDFJEfs=
2,21,/w1bpBKGRE9ZGYebdOMk17YFeCY=,h3z4J27xAJImOlJI/8hExDFJEfs=
4,20,/w1bpBKGRE9ZGYebdOMk17YFeCY=,h3z4J27xAJImOlJI/8hExDFJEfs=
3,20,/w1bpBKGRE9ZGYebdOMk17YFeCY=,h3z4J27xAJImOlJI/8hExDFJEfs=
1,18,/w1bpBKGRE9ZGYebdOMk17YFeCY=,h3z4J27xAJImOlJI/8hExDFJEfs=
2,17,YCpkdO/0sqVk9agX2lZWgKNDpww=,h3z4J27xAJImOlJI/8hExDFJEfs=
6,16,YCpkdO/0sqVk9agX2lZWgKNDpww=,h3z4J27xAJImOlJI/8hExDFJEfs=
0,20,YCpkdO/0sqVk9agX2lZWgKNDpww=,h3z4J27xAJImOlJI/8hExDFJEfs=
7,19,YCpkdO/0sqVk9agX2lZWgKNDpww=,h3z4J27xAJImOlJI/8hExDFJEfs=
6,19,YCpkdO/0sqVk9agX2lZWgKNDpww=,h3z4J27xAJImOlJI/8hExDFJEfs=
1,21,YCpkdO/0sqVk9agX2lZWgKNDpww=,h3z4J27xAJImOlJI/8hExDFJEfs=
3,18,YCpkdO/0sqVk9agX2lZWgKNDpww=,h3z4J27xAJImOlJI/8hExDFJEfs=
8,17,YCpkdO/0sqVk9agX2lZWgKNDpww=,NjQtXpvWVfxBprWs4EDXOk6HrTc=
2,20,YCpkdO/0sqVk9agX2lZWgKNDpww=,h3z4J27xAJImOlJI/8hExDFJEfs=
5,19,YCpkdO/0sqVk9agX2lZWgKNDpww=,h3z4J27xAJImOlJI/8hExDFJEfs=
4,19,YCpkdO/0sqVk9agX2lZWgKNDpww=,h3z4J27xAJImOlJI/8hExDFJEfs=
5,16,YCpkdO/0sqVk9agX2lZWgKNDpww=,h3z4J27xAJImOlJI/8hExDFJEfs=
3,19,YCpkdO/0sqVk9agX2lZWgKNDpww=,h3z4J27xAJImOlJI/8hExDFJEfs=
2,19,YCpkdO/0sqVk9agX2lZWgKNDpww=,h3z4J27xAJImOlJI/8hExDFJEfs=
0,21,YCpkdO/0sqVk9agX2lZWgKNDpww=,h3z4J27xAJImOlJI/8hExDFJEfs=
2,18,YCpkdO/0sqVk9agX2lZWgKNDpww=,h3z4J27xAJImOlJI/8hExDFJEfs=
1,16,YCpkdO/0sqVk9agX2lZWgKNDpww=,h3z4J27xAJImOlJI/8hExDFJEfs=
4,16,YCpkdO/0sqVk9agX2lZWgKNDpww=,h3z4J27xAJImOlJI/8hExDFJEfs=
3,16,YCpkdO/0sqVk9agX2lZWgKNDpww=,h3z4J27xAJImOlJI/8hExDFJEfs=
8,16,YCpkdO/0sqVk9agX2lZWgKNDpww=,NjQtXpvWVfxBprWs4EDXOk6HrTc=
7,23,YCpkdO/0sqVk9agX2lZWgKNDpww=,h3z4J27xAJImOlJI/8hExDFJEfs=
6,23,YCpkdO/0sqVk9agX2lZWgKNDpww=,h3z4J27xAJImOlJI/8hExDFJEfs=
5,23,YCpkdO/0sqVk9agX2lZWgKNDpww=,h3z4J27xAJImOlJI/8hExDFJEfs=
2,16,YCpkdO/0sqVk9agX2lZWgKNDpww=,h3z4J27xAJImOlJI/8hExDFJEfs=
4,23,YCpkdO/0sqVk9agX2lZWgKNDpww=,h3z4J27xAJImOlJI/8hExDFJEfs=
21,4,smgcEyyfv1X1nxyoDmgws2cWXQ0=,jLJ5C1ROy5tGL2WapHxyHvddU8k=
20,4,smgcEyyfv1X1nxyoDmgws2cWXQ0=,jLJ5C1ROy5tGL2WapHxyHvddU8k=
21,3,smgcEyyfv1X1nxyoDmgws2cWXQ0=,jLJ5C1ROy5tGL2WapHxyHvddU8k=
19,5,smgcEyyfv1X1nxyoDmgws2cWXQ0=,jLJ5C1ROy5tGL2WapHxyHvddU8k=
23,2,smgcEyyfv1X1nxyoDmgws2cWXQ0=,jLJ5C1ROy5tGL2WapHxyHvddU8k=
18,5,smgcEyyfv1X1nxyoDmgws2cWXQ0=,jLJ5C1ROy5tGL2WapHxyHvddU8k=
22,2,smgcEyyfv1X1nxyoDmgws2cWXQ0=,jLJ5C1ROy5tGL2WapHxyHvddU8k=
20,3,smgcEyyfv1X1nxyoDmgws2cWXQ0=,jLJ5C1ROy5tGL2WapHxyHvddU8k=
17,5,smgcEyyfv1X1nxyoDmgws2cWXQ0=,jLJ5C1ROy5tGL2WapHxyHvddU8k=
19,4,smgcEyyfv1X1nxyoDmgws2cWXQ0=,jLJ5C1ROy5tGL2WapHxyHvddU8k=
19,3,smgcEyyfv1X1nxyoDmgws2cWXQ0=,jLJ5C1ROy5tGL2WapHxyHvddU8k=
19,0,smgcEyyfv1X1nxyoDmgws2cWXQ0=,jLJ5C1ROy5tGL2WapHxyHvddU8k=
23,1,smgcEyyfv1X1nxyoDmgws2cWXQ0=,jLJ5C1ROy5tGL2WapHxyHvddU8k=
22,1,smgcEyyfv1X1nxyoDmgws2cWXQ0=,jLJ5C1ROy5tGL2WapHxyHvddU8k=
21,1,smgcEyyfv1X1nxyoDmgws2cWXQ0=,jLJ5C1ROy5tGL2WapHxyHvddU8k=
20,1,smgcEyyfv1X1nxyoDmgws2cWXQ0=,jLJ5C1ROy5tGL2WapHxyHvddU8k=
19,1,smgcEyyfv1X1nxyoDmgws2cWXQ0=,jLJ5C1ROy5tGL2WapHxyHvddU8k=
18,3,smgcEyyfv1X1nxyoDmgws2cWXQ0=,jLJ5C1ROy5tGL2WapHxyHvddU8k=
16,5,smgcEyyfv1X1nxyoDmgws2cWXQ0=,jLJ5C1ROy5tGL2WapHxyHvddU8k=
18,1,smgcEyyfv1X1nxyoDmgws2cWXQ0=,jLJ5C1ROy5tGL2WapHxyHvddU8k=
18,0,smgcEyyfv1X1nxyoDmgws2cWXQ0=,jLJ5C1ROy5tGL2WapHxyHvddU8k=
17,0,smgcEyyfv1X1nxyoDmgws2cWXQ0=,jLJ5C1ROy5tGL2WapHxyHvddU8k=
17,1,smgcEyyfv1X1nxyoDmgws2cWXQ0=,jLJ5C1ROy5tGL2WapHxyHvddU8k=
16,1,smgcEyyfv1X1nxyoDmgws2cWXQ0=,jLJ5C1ROy5tGL2WapHxyHvddU8k=
23,0,smgcEyyfv1X1nxyoDmgws2cWXQ0=,jLJ5C1ROy5tGL2WapHxyHvddU8k=
22,0,smgcEyyfv1X1nxyoDmgws2cWXQ0=,jLJ5C1ROy5tGL2WapHxyHvddU8k=
21,0,smgcEyyfv1X1nxyoDmgws2cWXQ0=,jLJ5C1ROy5tGL2WapHxyHvddU8k=
20,0,smgcEyyfv1X1nxyoDmgws2cWXQ0=,jLJ5C1ROy5tGL2WapHxyHvddU8k=
16,0,smgcEyyfv1X1nxyoDmgws2cWXQ0=,jLJ5C1ROy5tGL2WapHxyHvddU8k=
18,4,smgcEyyfv1X1nxyoDmgws2cWXQ0=,jLJ5C1ROy5tGL2WapHxyHvddU8k=
17,4,smgcEyyfv1X1nxyoDmgws2cWXQ0=,jLJ5C1ROy5tGL2WapHxyHvddU8k=
17,3,smgcEyyfv1X1nxyoDmgws2cWXQ0=,jLJ5C1ROy5tGL2WapHxyHvddU8k=
23,4,smgcEyyfv1X1nxyoDmgws2cWXQ0=,jLJ5C1ROy5tGL2WapHxyHvddU8k=
21,2,smgcEyyfv1X1nxyoDmgws2cWXQ0=,jLJ5C1ROy5tGL2WapHxyHvddU8k=
16,4,smgcEyyfv1X1nxyoDmgws2cWXQ0=,jLJ5C1ROy5tGL2WapHxyHvddU8k=
23,7,smgcEyyfv1X1nxyoDmgws2cWXQ0=,jLJ5C1ROy5tGL2WapHxyHvddU8k=
22,7,smgcEyyfv1X1nxyoDmgws2cWXQ0=,jLJ5C1ROy5tGL2WapHxyHvddU8k=
21,7,smgcEyyfv1X1nxyoDmgws2cWXQ0=,jLJ5C1ROy5tGL2WapHxyHvddU8k=
20,7,smgcEyyfv1X1nxyoDmgws2cWXQ0=,jLJ5C1ROy5tGL2WapHxyHvddU8k=
19,7,smgcEyyfv1X1nxyoDmgws2cWXQ0=,jLJ5C1ROy5tGL2WapHxyHvddU8k=
18,7,smgcEyyfv1X1nxyoDmgws2cWXQ0=,jLJ5C1ROy5tGL2WapHxyHvddU8k=
17,7,smgcEyyfv1X1nxyoDmgws2cWXQ0=,jLJ5C1ROy5tGL2WapHxyHvddU8k=
16,7,smgcEyyfv1X1nxyoDmgws2cWXQ0=,jLJ5C1ROy5tGL2WapHxyHvddU8k=
23,6,smgcEyyfv1X1nxyoDmgws2cWXQ0=,jLJ5C1ROy5tGL2WapHxyHvddU8k=
22,6,smgcEyyfv1X1nxyoDmgws2cWXQ0=,jLJ5C1ROy5tGL2WapHxyHvddU8k=
21,6,smgcEyyfv1X1nxyoDmgws2cWXQ0=,jLJ5C1ROy5tGL2WapHxyHvddU8k=
20,6,smgcEyyfv1X1nxyoDmgws2cWXQ0=,jLJ5C1ROy5tGL2WapHxyHvddU8k=
16,3,smgcEyyfv1X1nxyoDmgws2cWXQ0=,jLJ5C1ROy5tGL2WapHxyHvddU8k=
22,4,smgcEyyfv1X1nxyoDmgws2cWXQ0=,jLJ5C1ROy5tGL2WapHxyHvddU8k=
19,6,smgcEyyfv1X1nxyoDmgws2cWXQ0=,jLJ5C1ROy5tGL2WapHxyHvddU8k=
18,6,smgcEyyfv1X1nxyoDmgws2cWXQ0=,jLJ5C1ROy5tGL2WapHxyHvddU8k=
20,2,smgcEyyfv1X1nxyoDmgws2cWXQ0=,jLJ5C1ROy5tGL2WapHxyHvddU8k=
17,6,smgcEyyfv1X1nxyoDmgws2cWXQ0=,jLJ5C1ROy5tGL2WapHxyHvddU8k=
19,2,smgcEyyfv1X1nxyoDmgws2cWXQ0=,jLJ5C1ROy5tGL2WapHxyHvddU8k=
16,6,smgcEyyfv1X1nxyoDmgws2cWXQ0=,jLJ5C1ROy5tGL2WapHxyHvddU8k=
23,5,smgcEyyfv1X1nxyoDmgws2cWXQ0=,jLJ5C1ROy5tGL2WapHxyHvddU8k=
18,2,smgcEyyfv1X1nxyoDmgws2cWXQ0=,jLJ5C1ROy5tGL2WapHxyHvddU8k=
22,5,smgcEyyfv1X1nxyoDmgws2cWXQ0=,jLJ5C1ROy5tGL2WapHxyHvddU8k=
17,2,smgcEyyfv1X1nxyoDmgws2cWXQ0=,jLJ5C1ROy5tGL2WapHxyHvddU8k=
23,3,smgcEyyfv1X1nxyoDmgws2cWXQ0=,jLJ5C1ROy5tGL2WapHxyHvddU8k=
16,2,smgcEyyfv1X1nxyoDmgws2cWXQ0=,jLJ5C1ROy5tGL2WapHxyHvddU8k=
22,3,smgcEyyfv1X1nxyoDmgws2cWXQ0=,jLJ5C1ROy5tGL2WapHxyHvddU8k=
21,5,smgcEyyfv1X1nxyoDmgws2cWXQ0=,jLJ5C1ROy5tGL2WapHxyHvddU8k=
20,5,smgcEyyfv1X1nxyoDmgws2cWXQ0=,jLJ5C1ROy5tGL2WapHxyHvddU8k=
