11,-13,3xHHwcTc9fmU5PQMGmrWt+eLK4Q=,dEFxB1pSzS9OTMBThiK/S8lFZkg=
7,-9,3xHHwcTc9fmU5PQMGmrWt+eLK4Q=,JJ+Tz3N55oKX630sGRsVr3DxmWk=
3,-8,3xHHwcTc9fmU5PQMGmrWt+eLK4Q=,rdZjLuSfDyFJ8ut79DTxMvNfW8I=
3,-13,3xHHwcTc9fmU5PQMGmrWt+eLK4Q=,JJ+Tz3N55oKX630sGRsVr3DxmWk=
10,-13,3xHHwcTc9fmU5PQMGmrWt+eLK4Q=,dEFxB1pSzS9OTMBThiK/S8lFZkg=
2,-13,3xHHwcTc9fmU5PQMGmrWt+eLK4Q=,JJ+Tz3N55oKX630sGRsVr3DxmWk=
6,-9,3xHHwcTc9fmU5PQMGmrWt+eLK4Q=,JJ+Tz3N55oKX630sGRsVr3DxmWk=
11,-3,3xHHwcTc9fmU5PQMGmrWt+eLK4Q=,QcQy2+4RYUnN10t2FtDYK6IlJds=
1,-13,3xHHwcTc9fmU5PQMGmrWt+eLK4Q=,JJ+Tz3N55oKX630sGRsVr3DxmWk=
9,-13,3xHHwcTc9fmU5PQMGmrWt+eLK4Q=,dEFxB1pSzS9OTMBThiK/S8lFZkg=
5,-9,3xHHwcTc9fmU5PQMGmrWt+eLK4Q=,JJ+Tz3N55oKX630sGRsVr3DxmWk=
10,-3,3xHHwcTc9fmU5PQMGmrWt+eLK4Q=,QcQy2+4RYUnN10t2FtDYK6IlJds=
7,-14,3xHHwcTc9fmU5PQMGmrWt+eLK4Q=,JJ+Tz3N55oKX630sGRsVr3DxmWk=
14,-14,3xHHwcTc9fmU5PQMGmrWt+eLK4Q=,dEFxB1pSzS9OTMBThiK/S8lFZkg=
1,-7,3xHHwcTc9fmU5PQMGmrWt+eLK4Q=,rdZjLuSfDyFJ8ut79DTxMvNfW8I=
8,-13,3xHHwcTc9fmU5PQMGmrWt+eLK4Q=,dEFxB1pSzS9OTMBThiK/S8lFZkg=
9,-3,3xHHwcTc9fmU5PQMGmrWt+eLK4Q=,QcQy2+4RYUnN10t2FtDYK6IlJds=
13,-14,3xHHwcTc9fmU5PQMGmrWt+eLK4Q=,dEFxB1pSzS9OTMBThiK/S8lFZkg=
6,-7,3xHHwcTc9fmU5PQMGmrWt+eLK4Q=,rdZjLuSfDyFJ8ut79DTxMvNfW8I=
8,-3,3xHHwcTc9fmU5PQMGmrWt+eLK4Q=,QcQy2+4RYUnN10t2FtDYK6IlJds=
12,-14,3xHHwcTc9fmU5PQMGmrWt+eLK4Q=,dEFxB1pSzS9OTMBThiK/S8lFZkg=
6,-14,3xHHwcTc9fmU5PQMGmrWt+eLK4Q=,JJ+Tz3N55oKX630sGRsVr3DxmWk=
7,-7,iQbUKNrHtm/5srGw8cPWfv32uys=,rdZjLuSfDyFJ8ut79DTxMvNfW8I=
4,-9,iQbUKNrHtm/5srGw8cPWfv32uys=,JJ+Tz3N55oKX630sGRsVr3DxmWk=
11,-14,iQbUKNrHtm/5srGw8cPWfv32uys=,dEFxB1pSzS9OTMBThiK/S8lFZkg=
5,-14,iQbUKNrHtm/5srGw8cPWfv32uys=,JJ+Tz3N55oKX630sGRsVr3DxmWk=
14,-4,iQbUKNrHtm/5srGw8cPWfv32uys=,QcQy2+4RYUnN10t2FtDYK6IlJds=
3,-9,iQbUKNrHtm/5srGw8cPWfv32uys=,JJ+Tz3N55oKX630sGRsVr3DxmWk=
10,-14,iQbUKNrHtm/5srGw8cPWfv32uys=,dEFxB1pSzS9OTMBThiK/S8lFZkg=
5,-7,iQbUKNrHtm/5srGw8cPWfv32uys=,rdZjLuSfDyFJ8ut79DTxMvNfW8I=
7,-10,iQbUKNrHtm/5srGw8cPWfv32uys=,JJ+Tz3N55oKX630sGRsVr3DxmWk=
2,-9,iQbUKNrHtm/5srGw8cPWfv32uys=,JJ+Tz3N55oKX630sGRsVr3DxmWk=
14,-9,iQbUKNrHtm/5srGw8cPWfv32uys=,dEFxB1pSzS9OTMBThiK/S8lFZkg=
4,-14,iQbUKNrHtm/5srGw8cPWfv32uys=,JJ+Tz3N55oKX630sGRsVr3DxmWk=
14,-10,iQbUKNrHtm/5srGw8cPWfv32uys=,dEFxB1pSzS9OTMBThiK/S8lFZkg=
7,-2,iQbUKNrHtm/5srGw8cPWfv32uys=,rdZjLuSfDyFJ8ut79DTxMvNfW8I=
1,-9,iQbUKNrHtm/5srGw8cPWfv32uys=,JJ+Tz3N55oKX630sGRsVr3DxmWk=
8,-14,iQbUKNrHtm/5srGw8cPWfv32uys=,dEFxB1pSzS9OTMBThiK/S8lFZkg=
9,-14,iQbUKNrHtm/5srGw8cPWfv32uys=,dEFxB1pSzS9OTMBThiK/S8lFZkg=
13,-4,iQbUKNrHtm/5srGw8cPWfv32uys=,QcQy2+4RYUnN10t2FtDYK6IlJds=
4,-7,iQbUKNrHtm/5srGw8cPWfv32uys=,rdZjLuSfDyFJ8ut79DTxMvNfW8I=
3,-14,iQbUKNrHtm/5srGw8cPWfv32uys=,JJ+Tz3N55oKX630sGRsVr3DxmWk=
13,-10,iQbUKNrHtm/5srGw8cPWfv32uys=,dEFxB1pSzS9OTMBThiK/S8lFZkg=
3,-7,iQbUKNrHtm/5srGw8cPWfv32uys=,rdZjLuSfDyFJ8ut79DTxMvNfW8I=
2,-14,iQbUKNrHtm/5srGw8cPWfv32uys=,JJ+Tz3N55oKX630sGRsVr3DxmWk=
13,-9,iQbUKNrHtm/5srGw8cPWfv32uys=,dEFxB1pSzS9OTMBThiK/S8lFZkg=
6,-10,iQbUKNrHtm/5srGw8cPWfv32uys=,JJ+Tz3N55oKX630sGRsVr3DxmWk=
2,-7,iQbUKNrHtm/5srGw8cPWfv32uys=,rdZjLuSfDyFJ8ut79DTxMvNfW8I=
12,-10,iQbUKNrHtm/5srGw8cPWfv32uys=,dEFxB1pSzS9OTMBThiK/S8lFZkg=
12,-4,iQbUKNrHtm/5srGw8cPWfv32uys=,QcQy2+4RYUnN10t2FtDYK6IlJds=
2,-8,iQbUKNrHtm/5srGw8cPWfv32uys=,rdZjLuSfDyFJ8ut79DTxMvNfW8I=
8,-10,iQbUKNrHtm/5srGw8cPWfv32uys=,dEFxB1pSzS9OTMBThiK/S8lFZkg=
11,-10,iQbUKNrHtm/5srGw8cPWfv32uys=,dEFxB1pSzS9OTMBThiK/S8lFZkg=
11,-4,iQbUKNrHtm/5srGw8cPWfv32uys=,QcQy2+4RYUnN10t2FtDYK6IlJds=
6,-2,iQbUKNrHtm/5srGw8cPWfv32uys=,rdZjLuSfDyFJ8ut79DTxMvNfW8I=
10,-10,iQbUKNrHtm/5srGw8cPWfv32uys=,dEFxB1pSzS9OTMBThiK/S8lFZkg=
5,-10,iQbUKNrHtm/5srGw8cPWfv32uys=,JJ+Tz3N55oKX630sGRsVr3DxmWk=
10,-4,iQbUKNrHtm/5srGw8cPWfv32uys=,QcQy2+4RYUnN10t2FtDYK6IlJds=
5,-6,iQbUKNrHtm/5srGw8cPWfv32uys=,rdZjLuSfDyFJ8ut79DTxMvNfW8I=
5,-2,iQbUKNrHtm/5srGw8cPWfv32uys=,rdZjLuSfDyFJ8ut79DTxMvNfW8I=
9,-4,iQbUKNrHtm/5srGw8cPWfv32uys=,QcQy2+4RYUnN10t2FtDYK6IlJds=
9,-10,iQbUKNrHtm/5srGw8cPWfv32uys=,dEFxB1pSzS9OTMBThiK/S8lFZkg=
4,-10,TbKisvM9vR/K/YSKoxFoPX7gBnA=,JJ+Tz3N55oKX630sGRsVr3DxmWk=
14,-15,TbKisvM9vR/K/YSKoxFoPX7gBnA=,dEFxB1pSzS9OTMBThiK/S8lFZkg=
4,-2,TbKisvM9vR/K/YSKoxFoPX7gBnA=,rdZjLuSfDyFJ8ut79DTxMvNfW8I=
8,-4,TbKisvM9vR/K/YSKoxFoPX7gBnA=,QcQy2+4RYUnN10t2FtDYK6IlJds=
3,-10,TbKisvM9vR/K/YSKoxFoPX7gBnA=,JJ+Tz3N55oKX630sGRsVr3DxmWk=
13,-15,TbKisvM9vR/K/YSKoxFoPX7gBnA=,dEFxB1pSzS9OTMBThiK/S8lFZkg=
3,-2,TbKisvM9vR/K/YSKoxFoPX7gBnA=,rdZjLuSfDyFJ8ut79DTxMvNfW8I=
2,-10,TbKisvM9vR/K/YSKoxFoPX7gBnA=,JJ+Tz3N55oKX630sGRsVr3DxmWk=
12,-15,TbKisvM9vR/K/YSKoxFoPX7gBnA=,dEFxB1pSzS9OTMBThiK/S8lFZkg=
12,-9,TbKisvM9vR/K/YSKoxFoPX7gBnA=,dEFxB1pSzS9OTMBThiK/S8lFZkg=
2,-2,TbKisvM9vR/K/YSKoxFoPX7gBnA=,rdZjLuSfDyFJ8ut79DTxMvNfW8I=
1,-14,TbKisvM9vR/K/YSKoxFoPX7gBnA=,JJ+Tz3N55oKX630sGRsVr3DxmWk=
11,-15,TbKisvM9vR/K/YSKoxFoPX7gBnA=,dEFxB1pSzS9OTMBThiK/S8lFZkg=
1,-10,TbKisvM9vR/K/YSKoxFoPX7gBnA=,JJ+Tz3N55oKX630sGRsVr3DxmWk=
4,-6,TbKisvM9vR/K/YSKoxFoPX7gBnA=,rdZjLuSfDyFJ8ut79DTxMvNfW8I=
14,-5,TbKisvM9vR/K/YSKoxFoPX7gBnA=,QcQy2+4RYUnN10t2FtDYK6IlJds=
10,-15,TbKisvM9vR/K/YSKoxFoPX7gBnA=,dEFxB1pSzS9OTMBThiK/S8lFZkg=
8,-15,TbKisvM9vR/K/YSKoxFoPX7gBnA=,dEFxB1pSzS9OTMBThiK/S8lFZkg=
1,-2,TbKisvM9vR/K/YSKoxFoPX7gBnA=,rdZjLuSfDyFJ8ut79DTxMvNfW8I=
13,-5,TbKisvM9vR/K/YSKoxFoPX7gBnA=,QcQy2+4RYUnN10t2FtDYK6IlJds=
9,-15,TbKisvM9vR/K/YSKoxFoPX7gBnA=,dEFxB1pSzS9OTMBThiK/S8lFZkg=
7,-15,TbKisvM9vR/K/YSKoxFoPX7gBnA=,JJ+Tz3N55oKX630sGRsVr3DxmWk=
3,-6,TbKisvM9vR/K/YSKoxFoPX7gBnA=,rdZjLuSfDyFJ8ut79DTxMvNfW8I=
14,-11,TbKisvM9vR/K/YSKoxFoPX7gBnA=,dEFxB1pSzS9OTMBThiK/S8lFZkg=
11,-9,TbKisvM9vR/K/YSKoxFoPX7gBnA=,dEFxB1pSzS9OTMBThiK/S8lFZkg=
6,-15,TbKisvM9vR/K/YSKoxFoPX7gBnA=,JJ+Tz3N55oKX630sGRsVr3DxmWk=
6,-3,TbKisvM9vR/K/YSKoxFoPX7gBnA=,rdZjLuSfDyFJ8ut79DTxMvNfW8I=
13,-11,TbKisvM9vR/K/YSKoxFoPX7gBnA=,dEFxB1pSzS9OTMBThiK/S8lFZkg=
5,-3,TbKisvM9vR/K/YSKoxFoPX7gBnA=,rdZjLuSfDyFJ8ut79DTxMvNfW8I=
12,-5,TbKisvM9vR/K/YSKoxFoPX7gBnA=,QcQy2+4RYUnN10t2FtDYK6IlJds=
5,-15,TbKisvM9vR/K/YSKoxFoPX7gBnA=,JJ+Tz3N55oKX630sGRsVr3DxmWk=
4,-3,TbKisvM9vR/K/YSKoxFoPX7gBnA=,rdZjLuSfDyFJ8ut79DTxMvNfW8I=
12,-11,TbKisvM9vR/K/YSKoxFoPX7gBnA=,dEFxB1pSzS9OTMBThiK/S8lFZkg=
11,-5,TbKisvM9vR/K/YSKoxFoPX7gBnA=,QcQy2+4RYUnN10t2FtDYK6IlJds=
3,-3,TbKisvM9vR/K/YSKoxFoPX7gBnA=,rdZjLuSfDyFJ8ut79DTxMvNfW8I=
11,-11,TbKisvM9vR/K/YSKoxFoPX7gBnA=,dEFxB1pSzS9OTMBThiK/S8lFZkg=
4,-15,TbKisvM9vR/K/YSKoxFoPX7gBnA=,JJ+Tz3N55oKX630sGRsVr3DxmWk=
2,-3,sqoTrzTZyYjQOdBQKlkrC06Zhn4=,rdZjLuSfDyFJ8ut79DTxMvNfW8I=
10,-9,sqoTrzTZyYjQOdBQKlkrC06Zhn4=,dEFxB1pSzS9OTMBThiK/S8lFZkg=
10,-11,sqoTrzTZyYjQOdBQKlkrC06Zhn4=,dEFxB1pSzS9OTMBThiK/S8lFZkg=
7,-11,sqoTrzTZyYjQOdBQKlkrC06Zhn4=,JJ+Tz3N55oKX630sGRsVr3DxmWk=
9,-9,sqoTrzTZyYjQOdBQKlkrC06Zhn4=,dEFxB1pSzS9OTMBThiK/S8lFZkg=
1,-3,sqoTrzTZyYjQOdBQKlkrC06Zhn4=,rdZjLuSfDyFJ8ut79DTxMvNfW8I=
9,-11,sqoTrzTZyYjQOdBQKlkrC06Zhn4=,dEFxB1pSzS9OTMBThiK/S8lFZkg=
6,-8,sqoTrzTZyYjQOdBQKlkrC06Zhn4=,rdZjLuSfDyFJ8ut79DTxMvNfW8I=
3,-15,sqoTrzTZyYjQOdBQKlkrC06Zhn4=,JJ+Tz3N55oKX630sGRsVr3DxmWk=
8,-9,sqoTrzTZyYjQOdBQKlkrC06Zhn4=,dEFxB1pSzS9OTMBThiK/S8lFZkg=
2,-15,sqoTrzTZyYjQOdBQKlkrC06Zhn4=,JJ+Tz3N55oKX630sGRsVr3DxmWk=
14,-12,sqoTrzTZyYjQOdBQKlkrC06Zhn4=,dEFxB1pSzS9OTMBThiK/S8lFZkg=
10,-5,sqoTrzTZyYjQOdBQKlkrC06Zhn4=,QcQy2+4RYUnN10t2FtDYK6IlJds=
1,-8,sqoTrzTZyYjQOdBQKlkrC06Zhn4=,rdZjLuSfDyFJ8ut79DTxMvNfW8I=
6,-11,sqoTrzTZyYjQOdBQKlkrC06Zhn4=,JJ+Tz3N55oKX630sGRsVr3DxmWk=
9,-5,sqoTrzTZyYjQOdBQKlkrC06Zhn4=,QcQy2+4RYUnN10t2FtDYK6IlJds=
6,-4,sqoTrzTZyYjQOdBQKlkrC06Zhn4=,rdZjLuSfDyFJ8ut79DTxMvNfW8I=
13,-12,sqoTrzTZyYjQOdBQKlkrC06Zhn4=,dEFxB1pSzS9OTMBThiK/S8lFZkg=
5,-11,sqoTrzTZyYjQOdBQKlkrC06Zhn4=,JJ+Tz3N55oKX630sGRsVr3DxmWk=
8,-5,sqoTrzTZyYjQOdBQKlkrC06Zhn4=,QcQy2+4RYUnN10t2FtDYK6IlJds=
5,-4,sqoTrzTZyYjQOdBQKlkrC06Zhn4=,rdZjLuSfDyFJ8ut79DTxMvNfW8I=
4,-4,sqoTrzTZyYjQOdBQKlkrC06Zhn4=,rdZjLuSfDyFJ8ut79DTxMvNfW8I=
12,-12,sqoTrzTZyYjQOdBQKlkrC06Zhn4=,dEFxB1pSzS9OTMBThiK/S8lFZkg=
14,-6,sqoTrzTZyYjQOdBQKlkrC06Zhn4=,QcQy2+4RYUnN10t2FtDYK6IlJds=
4,-11,sqoTrzTZyYjQOdBQKlkrC06Zhn4=,JJ+Tz3N55oKX630sGRsVr3DxmWk=
5,-8,sqoTrzTZyYjQOdBQKlkrC06Zhn4=,rdZjLuSfDyFJ8ut79DTxMvNfW8I=
1,-15,sqoTrzTZyYjQOdBQKlkrC06Zhn4=,JJ+Tz3N55oKX630sGRsVr3DxmWk=
11,-12,sqoTrzTZyYjQOdBQKlkrC06Zhn4=,dEFxB1pSzS9OTMBThiK/S8lFZkg=
3,-4,sqoTrzTZyYjQOdBQKlkrC06Zhn4=,rdZjLuSfDyFJ8ut79DTxMvNfW8I=
13,-6,sqoTrzTZyYjQOdBQKlkrC06Zhn4=,QcQy2+4RYUnN10t2FtDYK6IlJds=
3,-11,sqoTrzTZyYjQOdBQKlkrC06Zhn4=,JJ+Tz3N55oKX630sGRsVr3DxmWk=
10,-12,sqoTrzTZyYjQOdBQKlkrC06Zhn4=,dEFxB1pSzS9OTMBThiK/S8lFZkg=
2,-4,sqoTrzTZyYjQOdBQKlkrC06Zhn4=,rdZjLuSfDyFJ8ut79DTxMvNfW8I=
12,-6,Rbel5utZLWGavhQ2rZNKJE8x0fY=,QcQy2+4RYUnN10t2FtDYK6IlJds=
2,-11,Rbel5utZLWGavhQ2rZNKJE8x0fY=,JJ+Tz3N55oKX630sGRsVr3DxmWk=
2,-6,Rbel5utZLWGavhQ2rZNKJE8x0fY=,rdZjLuSfDyFJ8ut79DTxMvNfW8I=
9,-12,Rbel5utZLWGavhQ2rZNKJE8x0fY=,dEFxB1pSzS9OTMBThiK/S8lFZkg=
1,-11,Rbel5utZLWGavhQ2rZNKJE8x0fY=,JJ+Tz3N55oKX630sGRsVr3DxmWk=
11,-6,Rbel5utZLWGavhQ2rZNKJE8x0fY=,QcQy2+4RYUnN10t2FtDYK6IlJds=
14,-13,Rbel5utZLWGavhQ2rZNKJE8x0fY=,dEFxB1pSzS9OTMBThiK/S8lFZkg=
1,-6,Rbel5utZLWGavhQ2rZNKJE8x0fY=,rdZjLuSfDyFJ8ut79DTxMvNfW8I=
10,-6,Rbel5utZLWGavhQ2rZNKJE8x0fY=,QcQy2+4RYUnN10t2FtDYK6IlJds=
7,-12,Rbel5utZLWGavhQ2rZNKJE8x0fY=,JJ+Tz3N55oKX630sGRsVr3DxmWk=
13,-13,Rbel5utZLWGavhQ2rZNKJE8x0fY=,dEFxB1pSzS9OTMBThiK/S8lFZkg=
9,-6,Rbel5utZLWGavhQ2rZNKJE8x0fY=,QcQy2+4RYUnN10t2FtDYK6IlJds=
1,-4,Rbel5utZLWGavhQ2rZNKJE8x0fY=,rdZjLuSfDyFJ8ut79DTxMvNfW8I=
6,-12,Rbel5utZLWGavhQ2rZNKJE8x0fY=,JJ+Tz3N55oKX630sGRsVr3DxmWk=
12,-13,Rbel5utZLWGavhQ2rZNKJE8x0fY=,dEFxB1pSzS9OTMBThiK/S8lFZkg=
8,-6,Rbel5utZLWGavhQ2rZNKJE8x0fY=,QcQy2+4RYUnN10t2FtDYK6IlJds=
6,-5,Rbel5utZLWGavhQ2rZNKJE8x0fY=,rdZjLuSfDyFJ8ut79DTxMvNfW8I=
5,-12,Rbel5utZLWGavhQ2rZNKJE8x0fY=,JJ+Tz3N55oKX630sGRsVr3DxmWk=
6,-1,Rbel5utZLWGavhQ2rZNKJE8x0fY=,rdZjLuSfDyFJ8ut79DTxMvNfW8I=
14,-7,Rbel5utZLWGavhQ2rZNKJE8x0fY=,QcQy2+4RYUnN10t2FtDYK6IlJds=
5,-5,Rbel5utZLWGavhQ2rZNKJE8x0fY=,rdZjLuSfDyFJ8ut79DTxMvNfW8I=
5,-1,Rbel5utZLWGavhQ2rZNKJE8x0fY=,rdZjLuSfDyFJ8ut79DTxMvNfW8I=
8,-11,Rbel5utZLWGavhQ2rZNKJE8x0fY=,dEFxB1pSzS9OTMBThiK/S8lFZkg=
13,-7,Rbel5utZLWGavhQ2rZNKJE8x0fY=,QcQy2+4RYUnN10t2FtDYK6IlJds=
4,-12,Rbel5utZLWGavhQ2rZNKJE8x0fY=,JJ+Tz3N55oKX630sGRsVr3DxmWk=
4,-5,Rbel5utZLWGavhQ2rZNKJE8x0fY=,rdZjLuSfDyFJ8ut79DTxMvNfW8I=
4,-1,Rbel5utZLWGavhQ2rZNKJE8x0fY=,rdZjLuSfDyFJ8ut79DTxMvNfW8I=
12,-7,Rbel5utZLWGavhQ2rZNKJE8x0fY=,QcQy2+4RYUnN10t2FtDYK6IlJds=
3,-5,Rbel5utZLWGavhQ2rZNKJE8x0fY=,rdZjLuSfDyFJ8ut79DTxMvNfW8I=
3,-12,Rbel5utZLWGavhQ2rZNKJE8x0fY=,JJ+Tz3N55oKX630sGRsVr3DxmWk=
3,-1,Rbel5utZLWGavhQ2rZNKJE8x0fY=,rdZjLuSfDyFJ8ut79DTxMvNfW8I=
11,-7,Rbel5utZLWGavhQ2rZNKJE8x0fY=,QcQy2+4RYUnN10t2FtDYK6IlJds=
2,-5,Rbel5utZLWGavhQ2rZNKJE8x0fY=,rdZjLuSfDyFJ8ut79DTxMvNfW8I=
8,-12,Rbel5utZLWGavhQ2rZNKJE8x0fY=,dEFxB1pSzS9OTMBThiK/S8lFZkg=
2,-1,Rbel5utZLWGavhQ2rZNKJE8x0fY=,rdZjLuSfDyFJ8ut79DTxMvNfW8I=
7,-3,Rbel5utZLWGavhQ2rZNKJE8x0fY=,rdZjLuSfDyFJ8ut79DTxMvNfW8I=
2,-12,3XEoMhK5tskz/7gq13mOOgqQ3mc=,JJ+Tz3N55oKX630sGRsVr3DxmWk=
1,-5,3XEoMhK5tskz/7gq13mOOgqQ3mc=,rdZjLuSfDyFJ8ut79DTxMvNfW8I=
1,-1,3XEoMhK5tskz/7gq13mOOgqQ3mc=,rdZjLuSfDyFJ8ut79DTxMvNfW8I=
1,-12,3XEoMhK5tskz/7gq13mOOgqQ3mc=,JJ+Tz3N55oKX630sGRsVr3DxmWk=
10,-7,3XEoMhK5tskz/7gq13mOOgqQ3mc=,QcQy2+4RYUnN10t2FtDYK6IlJds=
4,-8,3XEoMhK5tskz/7gq13mOOgqQ3mc=,rdZjLuSfDyFJ8ut79DTxMvNfW8I=
7,-13,3XEoMhK5tskz/7gq13mOOgqQ3mc=,JJ+Tz3N55oKX630sGRsVr3DxmWk=
7,-1,3XEoMhK5tskz/7gq13mOOgqQ3mc=,rdZjLuSfDyFJ8ut79DTxMvNfW8I=
7,-8,3XEoMhK5tskz/7gq13mOOgqQ3mc=,rdZjLuSfDyFJ8ut79DTxMvNfW8I=
6,-6,3XEoMhK5tskz/7gq13mOOgqQ3mc=,rdZjLuSfDyFJ8ut79DTxMvNfW8I=
6,-13,3XEoMhK5tskz/7gq13mOOgqQ3mc=,JJ+Tz3N55oKX630sGRsVr3DxmWk=
9,-7,3XEoMhK5tskz/7gq13mOOgqQ3mc=,QcQy2+4RYUnN10t2FtDYK6IlJds=
14,-1,3XEoMhK5tskz/7gq13mOOgqQ3mc=,QcQy2+4RYUnN10t2FtDYK6IlJds=
15,-4,3XEoMhK5tskz/7gq13mOOgqQ3mc=,QcQy2+4RYUnN10t2FtDYK6IlJds=
8,-7,3XEoMhK5tskz/7gq13mOOgqQ3mc=,QcQy2+4RYUnN10t2FtDYK6IlJds=
5,-13,3XEoMhK5tskz/7gq13mOOgqQ3mc=,JJ+Tz3N55oKX630sGRsVr3DxmWk=
13,-1,3XEoMhK5tskz/7gq13mOOgqQ3mc=,QcQy2+4RYUnN10t2FtDYK6IlJds=
4,-13,3XEoMhK5tskz/7gq13mOOgqQ3mc=,JJ+Tz3N55oKX630sGRsVr3DxmWk=
15,-5,3XEoMhK5tskz/7gq13mOOgqQ3mc=,QcQy2+4RYUnN10t2FtDYK6IlJds=
14,-8,3XEoMhK5tskz/7gq13mOOgqQ3mc=,QcQy2+4RYUnN10t2FtDYK6IlJds=
12,-1,3XEoMhK5tskz/7gq13mOOgqQ3mc=,QcQy2+4RYUnN10t2FtDYK6IlJds=
15,-6,3XEoMhK5tskz/7gq13mOOgqQ3mc=,QcQy2+4RYUnN10t2FtDYK6IlJds=
15,-9,3XEoMhK5tskz/7gq13mOOgqQ3mc=,dEFxB1pSzS9OTMBThiK/S8lFZkg=
13,-8,3XEoMhK5tskz/7gq13mOOgqQ3mc=,QcQy2+4RYUnN10t2FtDYK6IlJds=
15,-7,3XEoMhK5tskz/7gq13mOOgqQ3mc=,QcQy2+4RYUnN10t2FtDYK6IlJds=
11,-1,3XEoMhK5tskz/7gq13mOOgqQ3mc=,QcQy2+4RYUnN10t2FtDYK6IlJds=
15,-14,3XEoMhK5tskz/7gq13mOOgqQ3mc=,dEFxB1pSzS9OTMBThiK/S8lFZkg=
12,-8,3XEoMhK5tskz/7gq13mOOgqQ3mc=,QcQy2+4RYUnN10t2FtDYK6IlJds=
10,-1,3XEoMhK5tskz/7gq13mOOgqQ3mc=,QcQy2+4RYUnN10t2FtDYK6IlJds=
15,-2,3XEoMhK5tskz/7gq13mOOgqQ3mc=,QcQy2+4RYUnN10t2FtDYK6IlJds=
15,-10,3XEoMhK5tskz/7gq13mOOgqQ3mc=,dEFxB1pSzS9OTMBThiK/S8lFZkg=
9,-1,3XEoMhK5tskz/7gq13mOOgqQ3mc=,QcQy2+4RYUnN10t2FtDYK6IlJds=
11,-8,3XEoMhK5tskz/7gq13mOOgqQ3mc=,QcQy2+4RYUnN10t2FtDYK6IlJds=
15,-15,3XEoMhK5tskz/7gq13mOOgqQ3mc=,dEFxB1pSzS9OTMBThiK/S8lFZkg=
15,-3,3XEoMhK5tskz/7gq13mOOgqQ3mc=,QcQy2+4RYUnN10t2FtDYK6IlJds=
8,-1,3XEoMhK5tskz/7gq13mOOgqQ3mc=,QcQy2+4RYUnN10t2FtDYK6IlJds=
10,-8,3XEoMhK5tskz/7gq13mOOgqQ3mc=,QcQy2+4RYUnN10t2FtDYK6IlJds=
15,-11,3XEoMhK5tskz/7gq13mOOgqQ3mc=,dEFxB1pSzS9OTMBThiK/S8lFZkg=
14,-16,3XEoMhK5tskz/7gq13mOOgqQ3mc=,dEFxB1pSzS9OTMBThiK/S8lFZkg=
6,-16,3XEoMhK5tskz/7gq13mOOgqQ3mc=,JJ+Tz3N55oKX630sGRsVr3DxmWk=
7,-4,3XEoMhK5tskz/7gq13mOOgqQ3mc=,rdZjLuSfDyFJ8ut79DTxMvNfW8I=
13,-16,3XEoMhK5tskz/7gq13mOOgqQ3mc=,dEFxB1pSzS9OTMBThiK/S8lFZkg=
15,-8,JsxiLVV0EK1R/wD13mSM+iydfSU=,QcQy2+4RYUnN10t2FtDYK6IlJds=
5,-16,JsxiLVV0EK1R/wD13mSM+iydfSU=,JJ+Tz3N55oKX630sGRsVr3DxmWk=
14,-2,JsxiLVV0EK1R/wD13mSM+iydfSU=,QcQy2+4RYUnN10t2FtDYK6IlJds=
12,-16,JsxiLVV0EK1R/wD13mSM+iydfSU=,dEFxB1pSzS9OTMBThiK/S8lFZkg=
15,-12,JsxiLVV0EK1R/wD13mSM+iydfSU=,dEFxB1pSzS9OTMBThiK/S8lFZkg=
4,-16,JsxiLVV0EK1R/wD13mSM+iydfSU=,JJ+Tz3N55oKX630sGRsVr3DxmWk=
11,-16,JsxiLVV0EK1R/wD13mSM+iydfSU=,dEFxB1pSzS9OTMBThiK/S8lFZkg=
15,-13,JsxiLVV0EK1R/wD13mSM+iydfSU=,dEFxB1pSzS9OTMBThiK/S8lFZkg=
13,-2,JsxiLVV0EK1R/wD13mSM+iydfSU=,QcQy2+4RYUnN10t2FtDYK6IlJds=
10,-16,JsxiLVV0EK1R/wD13mSM+iydfSU=,dEFxB1pSzS9OTMBThiK/S8lFZkg=
3,-16,JsxiLVV0EK1R/wD13mSM+iydfSU=,JJ+Tz3N55oKX630sGRsVr3DxmWk=
12,-2,JsxiLVV0EK1R/wD13mSM+iydfSU=,QcQy2+4RYUnN10t2FtDYK6IlJds=
0,-13,JsxiLVV0EK1R/wD13mSM+iydfSU=,JJ+Tz3N55oKX630sGRsVr3DxmWk=
9,-16,JsxiLVV0EK1R/wD13mSM+iydfSU=,dEFxB1pSzS9OTMBThiK/S8lFZkg=
2,-16,JsxiLVV0EK1R/wD13mSM+iydfSU=,JJ+Tz3N55oKX630sGRsVr3DxmWk=
11,-2,JsxiLVV0EK1R/wD13mSM+iydfSU=,QcQy2+4RYUnN10t2FtDYK6IlJds=
0,-14,JsxiLVV0EK1R/wD13mSM+iydfSU=,JJ+Tz3N55oKX630sGRsVr3DxmWk=
1,-16,JsxiLVV0EK1R/wD13mSM+iydfSU=,JJ+Tz3N55oKX630sGRsVr3DxmWk=
10,-2,JsxiLVV0EK1R/wD13mSM+iydfSU=,QcQy2+4RYUnN10t2FtDYK6IlJds=
8,-16,JsxiLVV0EK1R/wD13mSM+iydfSU=,dEFxB1pSzS9OTMBThiK/S8lFZkg=
9,-2,JsxiLVV0EK1R/wD13mSM+iydfSU=,QcQy2+4RYUnN10t2FtDYK6IlJds=
0,-10,JsxiLVV0EK1R/wD13mSM+iydfSU=,JJ+Tz3N55oKX630sGRsVr3DxmWk=
0,-9,JsxiLVV0EK1R/wD13mSM+iydfSU=,JJ+Tz3N55oKX630sGRsVr3DxmWk=
7,-5,JsxiLVV0EK1R/wD13mSM+iydfSU=,rdZjLuSfDyFJ8ut79DTxMvNfW8I=
7,-16,JsxiLVV0EK1R/wD13mSM+iydfSU=,JJ+Tz3N55oKX630sGRsVr3DxmWk=
0,-15,JsxiLVV0EK1R/wD13mSM+iydfSU=,JJ+Tz3N55oKX630sGRsVr3DxmWk=
8,-2,JsxiLVV0EK1R/wD13mSM+iydfSU=,QcQy2+4RYUnN10t2FtDYK6IlJds=
0,-1,JsxiLVV0EK1R/wD13mSM+iydfSU=,rdZjLuSfDyFJ8ut79DTxMvNfW8I=
0,-11,JsxiLVV0EK1R/wD13mSM+iydfSU=,JJ+Tz3N55oKX630sGRsVr3DxmWk=
9,-8,JsxiLVV0EK1R/wD13mSM+iydfSU=,QcQy2+4RYUnN10t2FtDYK6IlJds=
0,-2,JsxiLVV0EK1R/wD13mSM+iydfSU=,rdZjLuSfDyFJ8ut79DTxMvNfW8I=
0,-12,JsxiLVV0EK1R/wD13mSM+iydfSU=,JJ+Tz3N55oKX630sGRsVr3DxmWk=
8,-8,JsxiLVV0EK1R/wD13mSM+iydfSU=,QcQy2+4RYUnN10t2FtDYK6IlJds=
15,-16,JsxiLVV0EK1R/wD13mSM+iydfSU=,dEFxB1pSzS9OTMBThiK/S8lFZkg=
0,-7,JsxiLVV0EK1R/wD13mSM+iydfSU=,rdZjLuSfDyFJ8ut79DTxMvNfW8I=
15,-1,JsxiLVV0EK1R/wD13mSM+iydfSU=,QcQy2+4RYUnN10t2FtDYK6IlJds=
14,-3,JsxiLVV0EK1R/wD13mSM+iydfSU=,QcQy2+4RYUnN10t2FtDYK6IlJds=
0,-3,JsxiLVV0EK1R/wD13mSM+iydfSU=,rdZjLuSfDyFJ8ut79DTxMvNfW8I=
7,-6,JsxiLVV0EK1R/wD13mSM+iydfSU=,rdZjLuSfDyFJ8ut79DTxMvNfW8I=
0,-16,JsxiLVV0EK1R/wD13mSM+iydfSU=,JJ+Tz3N55oKX630sGRsVr3DxmWk=
0,-8,JsxiLVV0EK1R/wD13mSM+iydfSU=,rdZjLuSfDyFJ8ut79DTxMvNfW8I=
13,-3,OQKPLbosMcxJw+dsYd6NLiDiQHw=,QcQy2+4RYUnN10t2FtDYK6IlJds=
0,-4,OQKPLbosMcxJw+dsYd6NLiDiQHw=,rdZjLuSfDyFJ8ut79DTxMvNfW8I=
12,-3,OQKPLbosMcxJw+dsYd6NLiDiQHw=,QcQy2+4RYUnN10t2FtDYK6IlJds=
0,-6,OQKPLbosMcxJw+dsYd6NLiDiQHw=,rdZjLuSfDyFJ8ut79DTxMvNfW8I=
0,-5,OQKPLbosMcxJw+dsYd6NLiDiQHw=,rdZjLuSfDyFJ8ut79DTxMvNfW8I=
11,-17,OQKPLbosMcxJw+dsYd6NLiDiQHw=,rb6zh2IdR64Qz0j0zDSn57VV7lg=
10,-17,OQKPLbosMcxJw+dsYd6NLiDiQHw=,rb6zh2IdR64Qz0j0zDSn57VV7lg=
9,-17,OQKPLbosMcxJw+dsYd6NLiDiQHw=,rb6zh2IdR64Qz0j0zDSn57VV7lg=
15,-18,OQKPLbosMcxJw+dsYd6NLiDiQHw=,rb6zh2IdR64Qz0j0zDSn57VV7lg=
14,-18,OQKPLbosMcxJw+dsYd6NLiDiQHw=,rb6zh2IdR64Qz0j0zDSn57VV7lg=
13,-18,OQKPLbosMcxJw+dsYd6NLiDiQHw=,rb6zh2IdR64Qz0j0zDSn57VV7lg=
12,-18,OQKPLbosMcxJw+dsYd6NLiDiQHw=,rb6zh2IdR64Qz0j0zDSn57VV7lg=
11,-18,OQKPLbosMcxJw+dsYd6NLiDiQHw=,rb6zh2IdR64Qz0j0zDSn57VV7lg=
10,-18,OQKPLbosMcxJw+dsYd6NLiDiQHw=,rb6zh2IdR64Qz0j0zDSn57VV7lg=
9,-18,OQKPLbosMcxJw+dsYd6NLiDiQHw=,rb6zh2IdR64Qz0j0zDSn57VV7lg=
15,-19,OQKPLbosMcxJw+dsYd6NLiDiQHw=,rb6zh2IdR64Qz0j0zDSn57VV7lg=
14,-19,OQKPLbosMcxJw+dsYd6NLiDiQHw=,rb6zh2IdR64Qz0j0zDSn57VV7lg=
13,-19,OQKPLbosMcxJw+dsYd6NLiDiQHw=,rb6zh2IdR64Qz0j0zDSn57VV7lg=
12,-19,OQKPLbosMcxJw+dsYd6NLiDiQHw=,rb6zh2IdR64Qz0j0zDSn57VV7lg=
11,-19,OQKPLbosMcxJw+dsYd6NLiDiQHw=,rb6zh2IdR64Qz0j0zDSn57VV7lg=
10,-19,OQKPLbosMcxJw+dsYd6NLiDiQHw=,rb6zh2IdR64Qz0j0zDSn57VV7lg=
9,-19,OQKPLbosMcxJw+dsYd6NLiDiQHw=,rb6zh2IdR64Qz0j0zDSn57VV7lg=
15,-20,OQKPLbosMcxJw+dsYd6NLiDiQHw=,rb6zh2IdR64Qz0j0zDSn57VV7lg=
14,-20,OQKPLbosMcxJw+dsYd6NLiDiQHw=,rb6zh2IdR64Qz0j0zDSn57VV7lg=
5,-18,OQKPLbosMcxJw+dsYd6NLiDiQHw=,ZivmU0cdVNvOEZZeembWiqkwovU=
13,-20,OQKPLbosMcxJw+dsYd6NLiDiQHw=,rb6zh2IdR64Qz0j0zDSn57VV7lg=
12,-20,OQKPLbosMcxJw+dsYd6NLiDiQHw=,rb6zh2IdR64Qz0j0zDSn57VV7lg=
3,-17,OQKPLbosMcxJw+dsYd6NLiDiQHw=,ZivmU0cdVNvOEZZeembWiqkwovU=
11,-20,OQKPLbosMcxJw+dsYd6NLiDiQHw=,rb6zh2IdR64Qz0j0zDSn57VV7lg=
2,-17,OQKPLbosMcxJw+dsYd6NLiDiQHw=,ZivmU0cdVNvOEZZeembWiqkwovU=
10,-20,OQKPLbosMcxJw+dsYd6NLiDiQHw=,rb6zh2IdR64Qz0j0zDSn57VV7lg=
9,-20,OQKPLbosMcxJw+dsYd6NLiDiQHw=,rb6zh2IdR64Qz0j0zDSn57VV7lg=
1,-17,OQKPLbosMcxJw+dsYd6NLiDiQHw=,ZivmU0cdVNvOEZZeembWiqkwovU=
15,-21,OQKPLbosMcxJw+dsYd6NLiDiQHw=,rb6zh2IdR64Qz0j0zDSn57VV7lg=
14,-21,OQKPLbosMcxJw+dsYd6NLiDiQHw=,rb6zh2IdR64Qz0j0zDSn57VV7lg=
13,-21,OQKPLbosMcxJw+dsYd6NLiDiQHw=,rb6zh2IdR64Qz0j0zDSn57VV7lg=
0,-17,OQKPLbosMcxJw+dsYd6NLiDiQHw=,ZivmU0cdVNvOEZZeembWiqkwovU=
12,-21,OQKPLbosMcxJw+dsYd6NLiDiQHw=,rb6zh2IdR64Qz0j0zDSn57VV7lg=
11,-21,OQKPLbosMcxJw+dsYd6NLiDiQHw=,rb6zh2IdR64Qz0j0zDSn57VV7lg=
7,-18,OQKPLbosMcxJw+dsYd6NLiDiQHw=,ZivmU0cdVNvOEZZeembWiqkwovU=
10,-21,OQKPLbosMcxJw+dsYd6NLiDiQHw=,rb6zh2IdR64Qz0j0zDSn57VV7lg=
9,-21,OQKPLbosMcxJw+dsYd6NLiDiQHw=,rb6zh2IdR64Qz0j0zDSn57VV7lg=
7,-20,OQKPLbosMcxJw+dsYd6NLiDiQHw=,ZivmU0cdVNvOEZZeembWiqkwovU=
15,-22,OQKPLbosMcxJw+dsYd6NLiDiQHw=,rb6zh2IdR64Qz0j0zDSn57VV7lg=
14,-22,OQKPLbosMcxJw+dsYd6NLiDiQHw=,rb6zh2IdR64Qz0j0zDSn57VV7lg=
13,-22,OQKPLbosMcxJw+dsYd6NLiDiQHw=,rb6zh2IdR64Qz0j0zDSn57VV7lg=
8,-17,OQKPLbosMcxJw+dsYd6NLiDiQHw=,rb6zh2IdR64Qz0j0zDSn57VV7lg=
12,-22,OQKPLbosMcxJw+dsYd6NLiDiQHw=,rb6zh2IdR64Qz0j0zDSn57VV7lg=
1,-22,OQKPLbosMcxJw+dsYd6NLiDiQHw=,ZivmU0cdVNvOEZZeembWiqkwovU=
11,-22,OQKPLbosMcxJw+dsYd6NLiDiQHw=,rb6zh2IdR64Qz0j0zDSn57VV7lg=
5,-19,OQKPLbosMcxJw+dsYd6NLiDiQHw=,ZivmU0cdVNvOEZZeembWiqkwovU=
10,-22,EuTdLX09yvt1dTyGyforRSVrGT4=,rb6zh2IdR64Qz0j0zDSn57VV7lg=
9,-22,EuTdLX09yvt1dTyGyforRSVrGT4=,rb6zh2IdR64Qz0j0zDSn57VV7lg=
6,-18,EuTdLX09yvt1dTyGyforRSVrGT4=,ZivmU0cdVNvOEZZeembWiqkwovU=
15,-23,EuTdLX09yvt1dTyGyforRSVrGT4=,rb6zh2IdR64Qz0j0zDSn57VV7lg=
3,-24,EuTdLX09yvt1dTyGyforRSVrGT4=,ZivmU0cdVNvOEZZeembWiqkwovU=
14,-23,EuTdLX09yvt1dTyGyforRSVrGT4=,rb6zh2IdR64Qz0j0zDSn57VV7lg=
13,-23,EuTdLX09yvt1dTyGyforRSVrGT4=,rb6zh2IdR64Qz0j0zDSn57VV7lg=
6,-20,EuTdLX09yvt1dTyGyforRSVrGT4=,ZivmU0cdVNvOEZZeembWiqkwovU=
12,-23,EuTdLX09yvt1dTyGyforRSVrGT4=,rb6zh2IdR64Qz0j0zDSn57VV7lg=
11,-23,EuTdLX09yvt1dTyGyforRSVrGT4=,rb6zh2IdR64Qz0j0zDSn57VV7lg=
4,-19,EuTdLX09yvt1dTyGyforRSVrGT4=,ZivmU0cdVNvOEZZeembWiqkwovU=
10,-23,EuTdLX09yvt1dTyGyforRSVrGT4=,rb6zh2IdR64Qz0j0zDSn57VV7lg=
3,-23,EuTdLX09yvt1dTyGyforRSVrGT4=,ZivmU0cdVNvOEZZeembWiqkwovU=
9,-23,EuTdLX09yvt1dTyGyforRSVrGT4=,rb6zh2IdR64Qz0j0zDSn57VV7lg=
8,-18,EuTdLX09yvt1dTyGyforRSVrGT4=,rb6zh2IdR64Qz0j0zDSn57VV7lg=
15,-24,EuTdLX09yvt1dTyGyforRSVrGT4=,rb6zh2IdR64Qz0j0zDSn57VV7lg=
14,-24,EuTdLX09yvt1dTyGyforRSVrGT4=,rb6zh2IdR64Qz0j0zDSn57VV7lg=
5,-20,EuTdLX09yvt1dTyGyforRSVrGT4=,ZivmU0cdVNvOEZZeembWiqkwovU=
13,-24,EuTdLX09yvt1dTyGyforRSVrGT4=,rb6zh2IdR64Qz0j0zDSn57VV7lg=
8,-19,EuTdLX09yvt1dTyGyforRSVrGT4=,rb6zh2IdR64Qz0j0zDSn57VV7lg=
12,-24,EuTdLX09yvt1dTyGyforRSVrGT4=,rb6zh2IdR64Qz0j0zDSn57VV7lg=
3,-19,EuTdLX09yvt1dTyGyforRSVrGT4=,ZivmU0cdVNvOEZZeembWiqkwovU=
11,-24,EuTdLX09yvt1dTyGyforRSVrGT4=,rb6zh2IdR64Qz0j0zDSn57VV7lg=
10,-24,EuTdLX09yvt1dTyGyforRSVrGT4=,rb6zh2IdR64Qz0j0zDSn57VV7lg=
4,-20,EuTdLX09yvt1dTyGyforRSVrGT4=,ZivmU0cdVNvOEZZeembWiqkwovU=
9,-24,EuTdLX09yvt1dTyGyforRSVrGT4=,rb6zh2IdR64Qz0j0zDSn57VV7lg=
8,-20,EuTdLX09yvt1dTyGyforRSVrGT4=,rb6zh2IdR64Qz0j0zDSn57VV7lg=
15,-17,EuTdLX09yvt1dTyGyforRSVrGT4=,rb6zh2IdR64Qz0j0zDSn57VV7lg=
14,-17,EuTdLX09yvt1dTyGyforRSVrGT4=,rb6zh2IdR64Qz0j0zDSn57VV7lg=
3,-20,EuTdLX09yvt1dTyGyforRSVrGT4=,ZivmU0cdVNvOEZZeembWiqkwovU=
13,-17,EuTdLX09yvt1dTyGyforRSVrGT4=,rb6zh2IdR64Qz0j0zDSn57VV7lg=
8,-21,EuTdLX09yvt1dTyGyforRSVrGT4=,rb6zh2IdR64Qz0j0zDSn57VV7lg=
12,-17,EuTdLX09yvt1dTyGyforRSVrGT4=,rb6zh2IdR64Qz0j0zDSn57VV7lg=
0,-22,EuTdLX09yvt1dTyGyforRSVrGT4=,ZivmU0cdVNvOEZZeembWiqkwovU=
2,-24,EuTdLX09yvt1dTyGyforRSVrGT4=,ZivmU0cdVNvOEZZeembWiqkwovU=
7,-23,EuTdLX09yvt1dTyGyforRSVrGT4=,ZivmU0cdVNvOEZZeembWiqkwovU=
7,-21,EuTdLX09yvt1dTyGyforRSVrGT4=,ZivmU0cdVNvOEZZeembWiqkwovU=
6,-21,EuTdLX09yvt1dTyGyforRSVrGT4=,ZivmU0cdVNvOEZZeembWiqkwovU=
2,-19,EuTdLX09yvt1dTyGyforRSVrGT4=,ZivmU0cdVNvOEZZeembWiqkwovU=
5,-21,EuTdLX09yvt1dTyGyforRSVrGT4=,ZivmU0cdVNvOEZZeembWiqkwovU=
4,-21,EuTdLX09yvt1dTyGyforRSVrGT4=,ZivmU0cdVNvOEZZeembWiqkwovU=
3,-21,EuTdLX09yvt1dTyGyforRSVrGT4=,ZivmU0cdVNvOEZZeembWiqkwovU=
2,-21,EuTdLX09yvt1dTyGyforRSVrGT4=,ZivmU0cdVNvOEZZeembWiqkwovU=
1,-21,b+fvHcM1f4FhkPRKtlvvC+WHOho=,ZivmU0cdVNvOEZZeembWiqkwovU=
1,-24,b+fvHcM1f4FhkPRKtlvvC+WHOho=,ZivmU0cdVNvOEZZeembWiqkwovU=
2,-23,b+fvHcM1f4FhkPRKtlvvC+WHOho=,ZivmU0cdVNvOEZZeembWiqkwovU=
1,-23,b+fvHcM1f4FhkPRKtlvvC+WHOho=,ZivmU0cdVNvOEZZeembWiqkwovU=
4,-18,b+fvHcM1f4FhkPRKtlvvC+WHOho=,ZivmU0cdVNvOEZZeembWiqkwovU=
6,-23,b+fvHcM1f4FhkPRKtlvvC+WHOho=,ZivmU0cdVNvOEZZeembWiqkwovU=
3,-18,b+fvHcM1f4FhkPRKtlvvC+WHOho=,ZivmU0cdVNvOEZZeembWiqkwovU=
2,-20,b+fvHcM1f4FhkPRKtlvvC+WHOho=,ZivmU0cdVNvOEZZeembWiqkwovU=
0,-21,b+fvHcM1f4FhkPRKtlvvC+WHOho=,ZivmU0cdVNvOEZZeembWiqkwovU=
7,-22,b+fvHcM1f4FhkPRKtlvvC+WHOho=,ZivmU0cdVNvOEZZeembWiqkwovU=
6,-22,b+fvHcM1f4FhkPRKtlvvC+WHOho=,ZivmU0cdVNvOEZZeembWiqkwovU=
0,-23,b+fvHcM1f4FhkPRKtlvvC+WHOho=,ZivmU0cdVNvOEZZeembWiqkwovU=
2,-18,b+fvHcM1f4FhkPRKtlvvC+WHOho=,ZivmU0cdVNvOEZZeembWiqkwovU=
5,-22,b+fvHcM1f4FhkPRKtlvvC+WHOho=,ZivmU0cdVNvOEZZeembWiqkwovU=
4,-22,b+fvHcM1f4FhkPRKtlvvC+WHOho=,ZivmU0cdVNvOEZZeembWiqkwovU=
8,-22,b+fvHcM1f4FhkPRKtlvvC+WHOho=,rb6zh2IdR64Qz0j0zDSn57VV7lg=
3,-22,b+fvHcM1f4FhkPRKtlvvC+WHOho=,ZivmU0cdVNvOEZZeembWiqkwovU=
2,-22,b+fvHcM1f4FhkPRKtlvvC+WHOho=,ZivmU0cdVNvOEZZeembWiqkwovU=
1,-18,b+fvHcM1f4FhkPRKtlvvC+WHOho=,ZivmU0cdVNvOEZZeembWiqkwovU=
0,-18,b+fvHcM1f4FhkPRKtlvvC+WHOho=,ZivmU0cdVNvOEZZeembWiqkwovU=
0,-24,b+fvHcM1f4FhkPRKtlvvC+WHOho=,ZivmU0cdVNvOEZZeembWiqkwovU=
7,-19,b+fvHcM1f4FhkPRKtlvvC+WHOho=,ZivmU0cdVNvOEZZeembWiqkwovU=
5,-23,b+fvHcM1f4FhkPRKtlvvC+WHOho=,ZivmU0cdVNvOEZZeembWiqkwovU=
6,-19,b+fvHcM1f4FhkPRKtlvvC+WHOho=,ZivmU0cdVNvOEZZeembWiqkwovU=
1,-19,b+fvHcM1f4FhkPRKtlvvC+WHOho=,ZivmU0cdVNvOEZZeembWiqkwovU=
7,-24,b+fvHcM1f4FhkPRKtlvvC+WHOho=,ZivmU0cdVNvOEZZeembWiqkwovU=
1,-20,b+fvHcM1f4FhkPRKtlvvC+WHOho=,ZivmU0cdVNvOEZZeembWiqkwovU=
8,-23,b+fvHcM1f4FhkPRKtlvvC+WHOho=,rb6zh2IdR64Qz0j0zDSn57VV7lg=
6,-24,b+fvHcM1f4FhkPRKtlvvC+WHOho=,ZivmU0cdVNvOEZZeembWiqkwovU=
8,-24,b+fvHcM1f4FhkPRKtlvvC+WHOho=,rb6zh2IdR64Qz0j0zDSn57VV7lg=
4,-23,b+fvHcM1f4FhkPRKtlvvC+WHOho=,ZivmU0cdVNvOEZZeembWiqkwovU=
7,-17,b+fvHcM1f4FhkPRKtlvvC+WHOho=,ZivmU0cdVNvOEZZeembWiqkwovU=
0,-19,b+fvHcM1f4FhkPRKtlvvC+WHOho=,ZivmU0cdVNvOEZZeembWiqkwovU=
0,-20,b+fvHcM1f4FhkPRKtlvvC+WHOho=,ZivmU0cdVNvOEZZeembWiqkwovU=
5,-24,2fP8FcVxsb7YkmdGMnwBLR4l8GQ=,ZivmU0cdVNvOEZZeembWiqkwovU=
4,-24,2fP8FcVxsb7YkmdGMnwBLR4l8GQ=,ZivmU0cdVNvOEZZeembWiqkwovU=
6,-17,2fP8FcVxsb7YkmdGMnwBLR4l8GQ=,ZivmU0cdVNvOEZZeembWiqkwovU=
5,-17,2fP8FcVxsb7YkmdGMnwBLR4l8GQ=,ZivmU0cdVNvOEZZeembWiqkwovU=
4,-17,2fP8FcVxsb7YkmdGMnwBLR4l8GQ=,ZivmU0cdVNvOEZZeembWiqkwovU=
19,-13,LOG7nGVayk17VzLw85AytcZ8hHk=,QcQy2+4RYUnN10t2FtDYK6IlJds=
18,-13,LOG7nGVayk17VzLw85AytcZ8hHk=,QcQy2+4RYUnN10t2FtDYK6IlJds=
17,-13,LOG7nGVayk17VzLw85AytcZ8hHk=,QcQy2+4RYUnN10t2FtDYK6IlJds=
16,-13,LOG7nGVayk17VzLw85AytcZ8hHk=,QcQy2+4RYUnN10t2FtDYK6IlJds=
23,-14,LOG7nGVayk17VzLw85AytcZ8hHk=,QcQy2+4RYUnN10t2FtDYK6IlJds=
22,-14,LOG7nGVayk17VzLw85AytcZ8hHk=,QcQy2+4RYUnN10t2FtDYK6IlJds=
21,-14,LOG7nGVayk17VzLw85AytcZ8hHk=,QcQy2+4RYUnN10t2FtDYK6IlJds=
23,-9,LOG7nGVayk17VzLw85AytcZ8hHk=,QcQy2+4RYUnN10t2FtDYK6IlJds=
20,-14,LOG7nGVayk17VzLw85AytcZ8hHk=,QcQy2+4RYUnN10t2FtDYK6IlJds=
19,-3,LOG7nGVayk17VzLw85AytcZ8hHk=,+yHiGnKlSwagDb8wHFpyzO1CdmQ=
19,-14,LOG7nGVayk17VzLw85AytcZ8hHk=,QcQy2+4RYUnN10t2FtDYK6IlJds=
18,-3,LOG7nGVayk17VzLw85AytcZ8hHk=,+yHiGnKlSwagDb8wHFpyzO1CdmQ=
23,-10,LOG7nGVayk17VzLw85AytcZ8hHk=,QcQy2+4RYUnN10t2FtDYK6IlJds=
22,-10,LOG7nGVayk17VzLw85AytcZ8hHk=,QcQy2+4RYUnN10t2FtDYK6IlJds=
17,-3,LOG7nGVayk17VzLw85AytcZ8hHk=,+yHiGnKlSwagDb8wHFpyzO1CdmQ=
21,-10,LOG7nGVayk17VzLw85AytcZ8hHk=,QcQy2+4RYUnN10t2FtDYK6IlJds=
21,-4,LOG7nGVayk17VzLw85AytcZ8hHk=,+yHiGnKlSwagDb8wHFpyzO1CdmQ=
20,-10,LOG7nGVayk17VzLw85AytcZ8hHk=,QcQy2+4RYUnN10t2FtDYK6IlJds=
19,-10,LOG7nGVayk17VzLw85AytcZ8hHk=,QcQy2+4RYUnN10t2FtDYK6IlJds=
22,-9,LOG7nGVayk17VzLw85AytcZ8hHk=,QcQy2+4RYUnN10t2FtDYK6IlJds=
18,-14,LOG7nGVayk17VzLw85AytcZ8hHk=,QcQy2+4RYUnN10t2FtDYK6IlJds=
21,-9,LOG7nGVayk17VzLw85AytcZ8hHk=,QcQy2+4RYUnN10t2FtDYK6IlJds=
17,-14,LOG7nGVayk17VzLw85AytcZ8hHk=,QcQy2+4RYUnN10t2FtDYK6IlJds=
23,-7,LOG7nGVayk17VzLw85AytcZ8hHk=,+yHiGnKlSwagDb8wHFpyzO1CdmQ=
16,-14,LOG7nGVayk17VzLw85AytcZ8hHk=,QcQy2+4RYUnN10t2FtDYK6IlJds=
17,-7,LOG7nGVayk17VzLw85AytcZ8hHk=,+yHiGnKlSwagDb8wHFpyzO1CdmQ=
20,-4,LOG7nGVayk17VzLw85AytcZ8hHk=,+yHiGnKlSwagDb8wHFpyzO1CdmQ=
18,-10,LOG7nGVayk17VzLw85AytcZ8hHk=,QcQy2+4RYUnN10t2FtDYK6IlJds=
19,-4,LOG7nGVayk17VzLw85AytcZ8hHk=,+yHiGnKlSwagDb8wHFpyzO1CdmQ=
23,-15,LOG7nGVayk17VzLw85AytcZ8hHk=,QcQy2+4RYUnN10t2FtDYK6IlJds=
18,-4,LOG7nGVayk17VzLw85AytcZ8hHk=,+yHiGnKlSwagDb8wHFpyzO1CdmQ=
22,-15,LOG7nGVayk17VzLw85AytcZ8hHk=,QcQy2+4RYUnN10t2FtDYK6IlJds=
20,-9,LOG7nGVayk17VzLw85AytcZ8hHk=,QcQy2+4RYUnN10t2FtDYK6IlJds=
21,-15,LOG7nGVayk17VzLw85AytcZ8hHk=,QcQy2+4RYUnN10t2FtDYK6IlJds=
20,-15,LOG7nGVayk17VzLw85AytcZ8hHk=,QcQy2+4RYUnN10t2FtDYK6IlJds=
19,-9,LOG7nGVayk17VzLw85AytcZ8hHk=,QcQy2+4RYUnN10t2FtDYK6IlJds=
19,-15,LOG7nGVayk17VzLw85AytcZ8hHk=,QcQy2+4RYUnN10t2FtDYK6IlJds=
19,-8,LOG7nGVayk17VzLw85AytcZ8hHk=,+yHiGnKlSwagDb8wHFpyzO1CdmQ=
17,-10,LOG7nGVayk17VzLw85AytcZ8hHk=,QcQy2+4RYUnN10t2FtDYK6IlJds=
18,-9,LOG7nGVayk17VzLw85AytcZ8hHk=,QcQy2+4RYUnN10t2FtDYK6IlJds=
18,-15,LOG7nGVayk17VzLw85AytcZ8hHk=,QcQy2+4RYUnN10t2FtDYK6IlJds=
17,-15,LOG7nGVayk17VzLw85AytcZ8hHk=,QcQy2+4RYUnN10t2FtDYK6IlJds=
17,-9,LOG7nGVayk17VzLw85AytcZ8hHk=,QcQy2+4RYUnN10t2FtDYK6IlJds=
16,-15,LOG7nGVayk17VzLw85AytcZ8hHk=,QcQy2+4RYUnN10t2FtDYK6IlJds=
16,-9,LOG7nGVayk17VzLw85AytcZ8hHk=,QcQy2+4RYUnN10t2FtDYK6IlJds=
23,-16,LOG7nGVayk17VzLw85AytcZ8hHk=,QcQy2+4RYUnN10t2FtDYK6IlJds=
18,-8,LOG7nGVayk17VzLw85AytcZ8hHk=,+yHiGnKlSwagDb8wHFpyzO1CdmQ=
22,-16,LOG7nGVayk17VzLw85AytcZ8hHk=,QcQy2+4RYUnN10t2FtDYK6IlJds=
22,-7,LOG7nGVayk17VzLw85AytcZ8hHk=,+yHiGnKlSwagDb8wHFpyzO1CdmQ=
21,-7,LOG7nGVayk17VzLw85AytcZ8hHk=,+yHiGnKlSwagDb8wHFpyzO1CdmQ=
21,-16,LOG7nGVayk17VzLw85AytcZ8hHk=,QcQy2+4RYUnN10t2FtDYK6IlJds=
20,-16,LOG7nGVayk17VzLw85AytcZ8hHk=,QcQy2+4RYUnN10t2FtDYK6IlJds=
16,-7,LOG7nGVayk17VzLw85AytcZ8hHk=,+yHiGnKlSwagDb8wHFpyzO1CdmQ=
19,-16,LOG7nGVayk17VzLw85AytcZ8hHk=,QcQy2+4RYUnN10t2FtDYK6IlJds=
23,-8,LOG7nGVayk17VzLw85AytcZ8hHk=,+yHiGnKlSwagDb8wHFpyzO1CdmQ=
18,-16,LOG7nGVayk17VzLw85AytcZ8hHk=,QcQy2+4RYUnN10t2FtDYK6IlJds=
20,-7,LOG7nGVayk17VzLw85AytcZ8hHk=,+yHiGnKlSwagDb8wHFpyzO1CdmQ=
16,-10,LOG7nGVayk17VzLw85AytcZ8hHk=,QcQy2+4RYUnN10t2FtDYK6IlJds=
22,-8,LOG7nGVayk17VzLw85AytcZ8hHk=,+yHiGnKlSwagDb8wHFpyzO1CdmQ=
23,-11,LOG7nGVayk17VzLw85AytcZ8hHk=,QcQy2+4RYUnN10t2FtDYK6IlJds=
23,-1,LOG7nGVayk17VzLw85AytcZ8hHk=,+yHiGnKlSwagDb8wHFpyzO1CdmQ=
22,-11,LOG7nGVayk17VzLw85AytcZ8hHk=,QcQy2+4RYUnN10t2FtDYK6IlJds=
22,-1,LOG7nGVayk17VzLw85AytcZ8hHk=,+yHiGnKlSwagDb8wHFpyzO1CdmQ=
17,-16,LOG7nGVayk17VzLw85AytcZ8hHk=,QcQy2+4RYUnN10t2FtDYK6IlJds=
21,-1,LOG7nGVayk17VzLw85AytcZ8hHk=,+yHiGnKlSwagDb8wHFpyzO1CdmQ=
21,-11,LOG7nGVayk17VzLw85AytcZ8hHk=,QcQy2+4RYUnN10t2FtDYK6IlJds=
20,-1,LOG7nGVayk17VzLw85AytcZ8hHk=,+yHiGnKlSwagDb8wHFpyzO1CdmQ=
16,-16,LOG7nGVayk17VzLw85AytcZ8hHk=,QcQy2+4RYUnN10t2FtDYK6IlJds=
19,-1,LOG7nGVayk17VzLw85AytcZ8hHk=,+yHiGnKlSwagDb8wHFpyzO1CdmQ=
20,-11,LOG7nGVayk17VzLw85AytcZ8hHk=,QcQy2+4RYUnN10t2FtDYK6IlJds=
21,-8,LOG7nGVayk17VzLw85AytcZ8hHk=,+yHiGnKlSwagDb8wHFpyzO1CdmQ=
19,-11,LOG7nGVayk17VzLw85AytcZ8hHk=,QcQy2+4RYUnN10t2FtDYK6IlJds=
18,-1,LOG7nGVayk17VzLw85AytcZ8hHk=,+yHiGnKlSwagDb8wHFpyzO1CdmQ=
18,-11,LOG7nGVayk17VzLw85AytcZ8hHk=,QcQy2+4RYUnN10t2FtDYK6IlJds=
17,-11,LOG7nGVayk17VzLw85AytcZ8hHk=,QcQy2+4RYUnN10t2FtDYK6IlJds=
17,-1,LOG7nGVayk17VzLw85AytcZ8hHk=,+yHiGnKlSwagDb8wHFpyzO1CdmQ=
16,-11,LOG7nGVayk17VzLw85AytcZ8hHk=,QcQy2+4RYUnN10t2FtDYK6IlJds=
23,-12,LOG7nGVayk17VzLw85AytcZ8hHk=,QcQy2+4RYUnN10t2FtDYK6IlJds=
22,-12,LOG7nGVayk17VzLw85AytcZ8hHk=,QcQy2+4RYUnN10t2FtDYK6IlJds=
16,-1,LOG7nGVayk17VzLw85AytcZ8hHk=,+yHiGnKlSwagDb8wHFpyzO1CdmQ=
21,-12,LOG7nGVayk17VzLw85AytcZ8hHk=,QcQy2+4RYUnN10t2FtDYK6IlJds=
23,-2,LOG7nGVayk17VzLw85AytcZ8hHk=,+yHiGnKlSwagDb8wHFpyzO1CdmQ=
20,-12,LOG7nGVayk17VzLw85AytcZ8hHk=,QcQy2+4RYUnN10t2FtDYK6IlJds=
22,-2,LOG7nGVayk17VzLw85AytcZ8hHk=,+yHiGnKlSwagDb8wHFpyzO1CdmQ=
19,-12,LOG7nGVayk17VzLw85AytcZ8hHk=,QcQy2+4RYUnN10t2FtDYK6IlJds=
23,-6,LOG7nGVayk17VzLw85AytcZ8hHk=,+yHiGnKlSwagDb8wHFpyzO1CdmQ=
21,-2,LOG7nGVayk17VzLw85AytcZ8hHk=,+yHiGnKlSwagDb8wHFpyzO1CdmQ=
18,-12,LOG7nGVayk17VzLw85AytcZ8hHk=,QcQy2+4RYUnN10t2FtDYK6IlJds=
20,-2,LOG7nGVayk17VzLw85AytcZ8hHk=,+yHiGnKlSwagDb8wHFpyzO1CdmQ=
17,-12,LOG7nGVayk17VzLw85AytcZ8hHk=,QcQy2+4RYUnN10t2FtDYK6IlJds=
20,-8,LOG7nGVayk17VzLw85AytcZ8hHk=,+yHiGnKlSwagDb8wHFpyzO1CdmQ=
16,-12,LOG7nGVayk17VzLw85AytcZ8hHk=,QcQy2+4RYUnN10t2FtDYK6IlJds=
19,-2,LOG7nGVayk17VzLw85AytcZ8hHk=,+yHiGnKlSwagDb8wHFpyzO1CdmQ=
23,-13,LOG7nGVayk17VzLw85AytcZ8hHk=,QcQy2+4RYUnN10t2FtDYK6IlJds=
18,-2,LOG7nGVayk17VzLw85AytcZ8hHk=,+yHiGnKlSwagDb8wHFpyzO1CdmQ=
22,-13,LOG7nGVayk17VzLw85AytcZ8hHk=,QcQy2+4RYUnN10t2FtDYK6IlJds=
21,-13,LOG7nGVayk17VzLw85AytcZ8hHk=,QcQy2+4RYUnN10t2FtDYK6IlJds=
17,-2,LOG7nGVayk17VzLw85AytcZ8hHk=,+yHiGnKlSwagDb8wHFpyzO1CdmQ=
20,-13,LOG7nGVayk17VzLw85AytcZ8hHk=,QcQy2+4RYUnN10t2FtDYK6IlJds=
16,-2,LOG7nGVayk17VzLw85AytcZ8hHk=,+yHiGnKlSwagDb8wHFpyzO1CdmQ=
23,-3,LOG7nGVayk17VzLw85AytcZ8hHk=,+yHiGnKlSwagDb8wHFpyzO1CdmQ=
21,-5,LOG7nGVayk17VzLw85AytcZ8hHk=,+yHiGnKlSwagDb8wHFpyzO1CdmQ=
19,-7,LOG7nGVayk17VzLw85AytcZ8hHk=,+yHiGnKlSwagDb8wHFpyzO1CdmQ=
22,-3,LOG7nGVayk17VzLw85AytcZ8hHk=,+yHiGnKlSwagDb8wHFpyzO1CdmQ=
21,-3,LOG7nGVayk17VzLw85AytcZ8hHk=,+yHiGnKlSwagDb8wHFpyzO1CdmQ=
20,-3,LOG7nGVayk17VzLw85AytcZ8hHk=,+yHiGnKlSwagDb8wHFpyzO1CdmQ=
17,-8,LOG7nGVayk17VzLw85AytcZ8hHk=,+yHiGnKlSwagDb8wHFpyzO1CdmQ=
22,-6,LOG7nGVayk17VzLw85AytcZ8hHk=,+yHiGnKlSwagDb8wHFpyzO1CdmQ=
21,-6,LOG7nGVayk17VzLw85AytcZ8hHk=,+yHiGnKlSwagDb8wHFpyzO1CdmQ=
20,-6,LOG7nGVayk17VzLw85AytcZ8hHk=,+yHiGnKlSwagDb8wHFpyzO1CdmQ=
19,-6,LOG7nGVayk17VzLw85AytcZ8hHk=,+yHiGnKlSwagDb8wHFpyzO1CdmQ=
18,-6,LOG7nGVayk17VzLw85AytcZ8hHk=,+yHiGnKlSwagDb8wHFpyzO1CdmQ=
17,-6,LOG7nGVayk17VzLw85AytcZ8hHk=,+yHiGnKlSwagDb8wHFpyzO1CdmQ=
20,-5,LOG7nGVayk17VzLw85AytcZ8hHk=,+yHiGnKlSwagDb8wHFpyzO1CdmQ=
18,-7,LOG7nGVayk17VzLw85AytcZ8hHk=,+yHiGnKlSwagDb8wHFpyzO1CdmQ=
16,-8,smgcEyyfv1X1nxyoDmgws2cWXQ0=,+yHiGnKlSwagDb8wHFpyzO1CdmQ=
19,-5,smgcEyyfv1X1nxyoDmgws2cWXQ0=,+yHiGnKlSwagDb8wHFpyzO1CdmQ=
16,-3,smgcEyyfv1X1nxyoDmgws2cWXQ0=,+yHiGnKlSwagDb8wHFpyzO1CdmQ=
18,-5,smgcEyyfv1X1nxyoDmgws2cWXQ0=,+yHiGnKlSwagDb8wHFpyzO1CdmQ=
17,-5,smgcEyyfv1X1nxyoDmgws2cWXQ0=,+yHiGnKlSwagDb8wHFpyzO1CdmQ=
16,-6,smgcEyyfv1X1nxyoDmgws2cWXQ0=,+yHiGnKlSwagDb8wHFpyzO1CdmQ=
17,-4,smgcEyyfv1X1nxyoDmgws2cWXQ0=,+yHiGnKlSwagDb8wHFpyzO1CdmQ=
16,-4,smgcEyyfv1X1nxyoDmgws2cWXQ0=,+yHiGnKlSwagDb8wHFpyzO1CdmQ=
23,-5,smgcEyyfv1X1nxyoDmgws2cWXQ0=,+yHiGnKlSwagDb8wHFpyzO1CdmQ=
16,-5,smgcEyyfv1X1nxyoDmgws2cWXQ0=,+yHiGnKlSwagDb8wHFpyzO1CdmQ=
23,-4,smgcEyyfv1X1nxyoDmgws2cWXQ0=,+yHiGnKlSwagDb8wHFpyzO1CdmQ=
22,-5,smgcEyyfv1X1nxyoDmgws2cWXQ0=,+yHiGnKlSwagDb8wHFpyzO1CdmQ=
22,-4,smgcEyyfv1X1nxyoDmgws2cWXQ0=,+yHiGnKlSwagDb8wHFpyzO1CdmQ=
