-215509,26993,QL2G5AWt+biwAWiIvh5qj2z0bQ8=,9amA3rBET/N98eyKbraV6pOilL8=
-215510,26993,QL2G5AWt+biwAWiIvh5qj2z0bQ8=,9amA3rBET/N98eyKbraV6pOilL8=
-215511,26993,QL2G5AWt+biwAWiIvh5qj2z0bQ8=,9amA3rBET/N98eyKbraV6pOilL8=
-215512,26993,QL2G5AWt+biwAWiIvh5qj2z0bQ8=,9amA3rBET/N98eyKbraV6pOilL8=
-215509,26995,QL2G5AWt+biwAWiIvh5qj2z0bQ8=,9amA3rBET/N98eyKbraV6pOilL8=
-215510,26995,QL2G5AWt+biwAWiIvh5qj2z0bQ8=,9amA3rBET/N98eyKbraV6pOilL8=
-215509,26994,QL2G5AWt+biwAWiIvh5qj2z0bQ8=,9amA3rBET/N98eyKbraV6pOilL8=
-215510,26994,QL2G5AWt+biwAWiIvh5qj2z0bQ8=,9amA3rBET/N98eyKbraV6pOilL8=
-215511,26995,QL2G5AWt+biwAWiIvh5qj2z0bQ8=,9amA3rBET/N98eyKbraV6pOilL8=
-215512,26995,QL2G5AWt+biwAWiIvh5qj2z0bQ8=,9amA3rBET/N98eyKbraV6pOilL8=
-215511,26994,QL2G5AWt+biwAWiIvh5qj2z0bQ8=,9amA3rBET/N98eyKbraV6pOilL8=
-215512,26994,QL2G5AWt+biwAWiIvh5qj2z0bQ8=,9amA3rBET/N98eyKbraV6pOilL8=
-215507,26995,QL2G5AWt+biwAWiIvh5qj2z0bQ8=,aenCDvywb9AzUDCSKgNvhJs5d0Y=
-215508,26995,QL2G5AWt+biwAWiIvh5qj2z0bQ8=,aenCDvywb9AzUDCSKgNvhJs5d0Y=
-215507,26994,QL2G5AWt+biwAWiIvh5qj2z0bQ8=,aenCDvywb9AzUDCSKgNvhJs5d0Y=
-215508,26994,QL2G5AWt+biwAWiIvh5qj2z0bQ8=,aenCDvywb9AzUDCSKgNvhJs5d0Y=
-215509,26992,QL2G5AWt+biwAWiIvh5qj2z0bQ8=,9amA3rBET/N98eyKbraV6pOilL8=
-215510,26992,QL2G5AWt+biwAWiIvh5qj2z0bQ8=,9amA3rBET/N98eyKbraV6pOilL8=
-215507,26993,QL2G5AWt+biwAWiIvh5qj2z0bQ8=,aenCDvywb9AzUDCSKgNvhJs5d0Y=
-215508,26993,QL2G5AWt+biwAWiIvh5qj2z0bQ8=,aenCDvywb9AzUDCSKgNvhJs5d0Y=
-215511,26992,QL2G5AWt+biwAWiIvh5qj2z0bQ8=,9amA3rBET/N98eyKbraV6pOilL8=
-215512,26992,QL2G5AWt+biwAWiIvh5qj2z0bQ8=,9amA3rBET/N98eyKbraV6pOilL8=
-215507,26992,QL2G5AWt+biwAWiIvh5qj2z0bQ8=,aenCDvywb9AzUDCSKgNvhJs5d0Y=
-215508,26992,QL2G5AWt+biwAWiIvh5qj2z0bQ8=,aenCDvywb9AzUDCSKgNvhJs5d0Y=
-215509,26989,QL2G5AWt+biwAWiIvh5qj2z0bQ8=,rUVlGFcQzXqpMKgz//N5SR+utsc=
-215509,26990,QL2G5AWt+biwAWiIvh5qj2z0bQ8=,rUVlGFcQzXqpMKgz//N5SR+utsc=
-215510,26989,QL2G5AWt+biwAWiIvh5qj2z0bQ8=,rUVlGFcQzXqpMKgz//N5SR+utsc=
-215510,26990,QL2G5AWt+biwAWiIvh5qj2z0bQ8=,rUVlGFcQzXqpMKgz//N5SR+utsc=
-215511,26989,QL2G5AWt+biwAWiIvh5qj2z0bQ8=,rUVlGFcQzXqpMKgz//N5SR+utsc=
-215511,26990,QL2G5AWt+biwAWiIvh5qj2z0bQ8=,rUVlGFcQzXqpMKgz//N5SR+utsc=
-215512,26989,QL2G5AWt+biwAWiIvh5qj2z0bQ8=,rUVlGFcQzXqpMKgz//N5SR+utsc=
-215509,26988,QL2G5AWt+biwAWiIvh5qj2z0bQ8=,rUVlGFcQzXqpMKgz//N5SR+utsc=
-215512,26990,QL2G5AWt+biwAWiIvh5qj2z0bQ8=,rUVlGFcQzXqpMKgz//N5SR+utsc=
-215510,26988,QL2G5AWt+biwAWiIvh5qj2z0bQ8=,rUVlGFcQzXqpMKgz//N5SR+utsc=
-215509,26991,QL2G5AWt+biwAWiIvh5qj2z0bQ8=,rUVlGFcQzXqpMKgz//N5SR+utsc=
-215511,26988,QL2G5AWt+biwAWiIvh5qj2z0bQ8=,rUVlGFcQzXqpMKgz//N5SR+utsc=
-215512,26988,QL2G5AWt+biwAWiIvh5qj2z0bQ8=,rUVlGFcQzXqpMKgz//N5SR+utsc=
-215510,26991,QL2G5AWt+biwAWiIvh5qj2z0bQ8=,rUVlGFcQzXqpMKgz//N5SR+utsc=
-215511,26991,QL2G5AWt+biwAWiIvh5qj2z0bQ8=,rUVlGFcQzXqpMKgz//N5SR+utsc=
-215512,26991,QL2G5AWt+biwAWiIvh5qj2z0bQ8=,rUVlGFcQzXqpMKgz//N5SR+utsc=
