-13,-16,wPDLrRS/V1dTim5pkIqi7lBXUJw=,3uYL1thAIX8kqpWweJmyh1CqYrw=
-13,-14,kRrYmYzZkNTkWg6P+CTp6HsKH9s=,csXRgkxDgFVN3kFHCkwQavEIfB8=
-13,-15,kRrYmYzZkNTkWg6P+CTp6HsKH9s=,3uYL1thAIX8kqpWweJmyh1CqYrw=
-14,-14,tC857LdTL2lggB4Ij9N8ZCtT2h0=,csXRgkxDgFVN3kFHCkwQavEIfB8=
-14,-16,fv1TDSva518x/NhCpYnL7EcpkPQ=,3uYL1thAIX8kqpWweJmyh1CqYrw=
-14,-15,tC857LdTL2lggB4Ij9N8ZCtT2h0=,3uYL1thAIX8kqpWweJmyh1CqYrw=
-16,-14,tC857LdTL2lggB4Ij9N8ZCtT2h0=,Ph1AJbrxGwG91TampYmmJdgEgjE=
-16,-12,tC857LdTL2lggB4Ij9N8ZCtT2h0=,grXWD//RdIHeRnRgC5cdCOXSImY=
-16,-13,tC857LdTL2lggB4Ij9N8ZCtT2h0=,Ph1AJbrxGwG91TampYmmJdgEgjE=
-15,-14,tC857LdTL2lggB4Ij9N8ZCtT2h0=,Ph1AJbrxGwG91TampYmmJdgEgjE=
-11,-12,wPDLrRS/V1dTim5pkIqi7lBXUJw=,dquENLtfabhYJr+d+K1c1ENVSmo=
-16,-16,wPDLrRS/V1dTim5pkIqi7lBXUJw=,KAJGz4gwLHZFwQU/RooQjTgXKY4=
-15,-16,fv1TDSva518x/NhCpYnL7EcpkPQ=,KAJGz4gwLHZFwQU/RooQjTgXKY4=
-16,-15,tC857LdTL2lggB4Ij9N8ZCtT2h0=,KAJGz4gwLHZFwQU/RooQjTgXKY4=
-15,-15,tC857LdTL2lggB4Ij9N8ZCtT2h0=,KAJGz4gwLHZFwQU/RooQjTgXKY4=
-12,-12,lv5wXWkHAliREdOF6Whd5p9wS84=,dquENLtfabhYJr+d+K1c1ENVSmo=
-14,-12,tC857LdTL2lggB4Ij9N8ZCtT2h0=,ztbF6AF1QlMHs21DxosQ5z5IsZE=
-13,-12,lv5wXWkHAliREdOF6Whd5p9wS84=,ztbF6AF1QlMHs21DxosQ5z5IsZE=
-14,-13,tC857LdTL2lggB4Ij9N8ZCtT2h0=,csXRgkxDgFVN3kFHCkwQavEIfB8=
-13,-13,lv5wXWkHAliREdOF6Whd5p9wS84=,csXRgkxDgFVN3kFHCkwQavEIfB8=
-15,-12,tC857LdTL2lggB4Ij9N8ZCtT2h0=,grXWD//RdIHeRnRgC5cdCOXSImY=
-15,-13,tC857LdTL2lggB4Ij9N8ZCtT2h0=,Ph1AJbrxGwG91TampYmmJdgEgjE=
-12,-10,lv5wXWkHAliREdOF6Whd5p9wS84=,Gs0yXx624Asp6yxDpl4NTUcScuM=
-12,-11,lv5wXWkHAliREdOF6Whd5p9wS84=,dquENLtfabhYJr+d+K1c1ENVSmo=
-13,-10,lv5wXWkHAliREdOF6Whd5p9wS84=,l4agRgCreIDTsdc7Hhaw9oTXglI=
-13,-11,lv5wXWkHAliREdOF6Whd5p9wS84=,ztbF6AF1QlMHs21DxosQ5z5IsZE=
-14,-10,lv5wXWkHAliREdOF6Whd5p9wS84=,l4agRgCreIDTsdc7Hhaw9oTXglI=
-14,-11,lv5wXWkHAliREdOF6Whd5p9wS84=,ztbF6AF1QlMHs21DxosQ5z5IsZE=
-16,-10,tC857LdTL2lggB4Ij9N8ZCtT2h0=,ZN3tk1S1VPHtm/B4jMrvJfkydOU=
-15,-10,lv5wXWkHAliREdOF6Whd5p9wS84=,ZN3tk1S1VPHtm/B4jMrvJfkydOU=
-16,-11,tC857LdTL2lggB4Ij9N8ZCtT2h0=,grXWD//RdIHeRnRgC5cdCOXSImY=
-15,-11,lv5wXWkHAliREdOF6Whd5p9wS84=,grXWD//RdIHeRnRgC5cdCOXSImY=
-10,-10,XRkYxYYW5lzO6o2wCW5HqUboMRo=,ecL5bzMG4CdgKQpUYwvzgvdgWdo=
-11,-10,XRkYxYYW5lzO6o2wCW5HqUboMRo=,Gs0yXx624Asp6yxDpl4NTUcScuM=
-11,-11,XRkYxYYW5lzO6o2wCW5HqUboMRo=,dquENLtfabhYJr+d+K1c1ENVSmo=
-8,-10,XRkYxYYW5lzO6o2wCW5HqUboMRo=,4E4dPhGrg74OCA4BPonl+ZgwCFU=
-9,-10,XRkYxYYW5lzO6o2wCW5HqUboMRo=,ecL5bzMG4CdgKQpUYwvzgvdgWdo=
-8,-8,fv1TDSva518x/NhCpYnL7EcpkPQ=,Ej/8wc04PhXBlqPQI+6k0y+HGtI=
-8,-9,fv1TDSva518x/NhCpYnL7EcpkPQ=,4E4dPhGrg74OCA4BPonl+ZgwCFU=
-9,-8,fv1TDSva518x/NhCpYnL7EcpkPQ=,eVv62DAwnWgkgwn6wXUu3zBBFCc=
-6,-10,XRkYxYYW5lzO6o2wCW5HqUboMRo=,dwQw0ny3WP85Gc32AwpruRFbCUk=
-6,-11,XRkYxYYW5lzO6o2wCW5HqUboMRo=,UcVzt+VJpw02NCK1Oo4poUqMGI0=
-6,-8,fv1TDSva518x/NhCpYnL7EcpkPQ=,/MEOHoMX+sD2uJWTPm2UGn2ut3s=
-7,-10,XRkYxYYW5lzO6o2wCW5HqUboMRo=,4E4dPhGrg74OCA4BPonl+ZgwCFU=
-9,-9,fv1TDSva518x/NhCpYnL7EcpkPQ=,ecL5bzMG4CdgKQpUYwvzgvdgWdo=
-6,-9,fv1TDSva518x/NhCpYnL7EcpkPQ=,dwQw0ny3WP85Gc32AwpruRFbCUk=
-7,-8,fv1TDSva518x/NhCpYnL7EcpkPQ=,Ej/8wc04PhXBlqPQI+6k0y+HGtI=
-7,-9,fv1TDSva518x/NhCpYnL7EcpkPQ=,4E4dPhGrg74OCA4BPonl+ZgwCFU=
-4,-8,IbH+BC0thugenl/QN+MehEUGQLw=,ddYyGEhOsr2LuuxVvKyZvJ12CnI=
-4,-9,IbH+BC0thugenl/QN+MehEUGQLw=,WYWbfQdHp8QhFQZZ2MiPtToaDAA=
-5,-8,IbH+BC0thugenl/QN+MehEUGQLw=,/MEOHoMX+sD2uJWTPm2UGn2ut3s=
-5,-9,IbH+BC0thugenl/QN+MehEUGQLw=,dwQw0ny3WP85Gc32AwpruRFbCUk=
-2,-8,OITzq+Yue5BmcEiss0+SnmIXRUg=,+/WWhUdMu+nS3GMWmRAWxRdCP4U=
-1,-8,wPDLrRS/V1dTim5pkIqi7lBXUJw=,+/WWhUdMu+nS3GMWmRAWxRdCP4U=
-2,-9,cPZzeSgD57lxL1HJkF7AJcIgs3Q=,wrc7uEME+7nU7wXYzwqqE75qHTw=
-1,-9,wPDLrRS/V1dTim5pkIqi7lBXUJw=,wrc7uEME+7nU7wXYzwqqE75qHTw=
-3,-8,cPZzeSgD57lxL1HJkF7AJcIgs3Q=,ddYyGEhOsr2LuuxVvKyZvJ12CnI=
-3,-9,OITzq+Yue5BmcEiss0+SnmIXRUg=,WYWbfQdHp8QhFQZZ2MiPtToaDAA=
-2,-6,OITzq+Yue5BmcEiss0+SnmIXRUg=,KDgwsg6xNcKAwqjGxVeZ+wwH/l4=
-1,-6,9zQKWDWGEi47mAzJA9tK6a/DFSM=,KDgwsg6xNcKAwqjGxVeZ+wwH/l4=
-2,-7,OITzq+Yue5BmcEiss0+SnmIXRUg=,+/WWhUdMu+nS3GMWmRAWxRdCP4U=
-2,-4,OITzq+Yue5BmcEiss0+SnmIXRUg=,lEg4XuHFpJjbKCK+8gDMDTiyZCc=
-1,-7,9zQKWDWGEi47mAzJA9tK6a/DFSM=,+/WWhUdMu+nS3GMWmRAWxRdCP4U=
-1,-4,9zQKWDWGEi47mAzJA9tK6a/DFSM=,lEg4XuHFpJjbKCK+8gDMDTiyZCc=
-3,-6,OITzq+Yue5BmcEiss0+SnmIXRUg=,9QD8jKlqhCSuZRuE/Ftxjdc0Uc8=
-2,-5,OITzq+Yue5BmcEiss0+SnmIXRUg=,KDgwsg6xNcKAwqjGxVeZ+wwH/l4=
-3,-7,OITzq+Yue5BmcEiss0+SnmIXRUg=,ddYyGEhOsr2LuuxVvKyZvJ12CnI=
-2,-2,9zQKWDWGEi47mAzJA9tK6a/DFSM=,Gu6UlEvSH742VSEEQpPuMTKoWZA=
-1,-5,9zQKWDWGEi47mAzJA9tK6a/DFSM=,KDgwsg6xNcKAwqjGxVeZ+wwH/l4=
-1,-2,9zQKWDWGEi47mAzJA9tK6a/DFSM=,Gu6UlEvSH742VSEEQpPuMTKoWZA=
-3,-4,OITzq+Yue5BmcEiss0+SnmIXRUg=,oYuSAona34I8X5Y8ikYXSzEWDlQ=
-2,-1,Gc5AIU1yBLRGV4usw0O89faSma8=,Gu6UlEvSH742VSEEQpPuMTKoWZA=
-3,-5,OITzq+Yue5BmcEiss0+SnmIXRUg=,9QD8jKlqhCSuZRuE/Ftxjdc0Uc8=
-1,-1,wPDLrRS/V1dTim5pkIqi7lBXUJw=,Gu6UlEvSH742VSEEQpPuMTKoWZA=
-4,-1,m86OwhOgccPYlIxv0rN0Y7JJoCQ=,l9435d98itqetLHQkHf7J4A/5LY=
-2,-3,9zQKWDWGEi47mAzJA9tK6a/DFSM=,lEg4XuHFpJjbKCK+8gDMDTiyZCc=
-5,-1,m86OwhOgccPYlIxv0rN0Y7JJoCQ=,6nLWncyuREmtxYtYVX8HiYGwwE8=
-1,-3,9zQKWDWGEi47mAzJA9tK6a/DFSM=,lEg4XuHFpJjbKCK+8gDMDTiyZCc=
-3,-2,9zQKWDWGEi47mAzJA9tK6a/DFSM=,l9435d98itqetLHQkHf7J4A/5LY=
-3,-1,Gc5AIU1yBLRGV4usw0O89faSma8=,l9435d98itqetLHQkHf7J4A/5LY=
-4,-2,9GVdHOUd5IPYD1Ktmh4gcvuY3LI=,l9435d98itqetLHQkHf7J4A/5LY=
-3,-3,9zQKWDWGEi47mAzJA9tK6a/DFSM=,oYuSAona34I8X5Y8ikYXSzEWDlQ=
-4,-3,9GVdHOUd5IPYD1Ktmh4gcvuY3LI=,oYuSAona34I8X5Y8ikYXSzEWDlQ=
-5,-2,9GVdHOUd5IPYD1Ktmh4gcvuY3LI=,6nLWncyuREmtxYtYVX8HiYGwwE8=
-5,-3,9GVdHOUd5IPYD1Ktmh4gcvuY3LI=,qUVaafDkjNooONeXWv6JAsiIBBo=
-4,-4,KzrVeWEhZqrXLBdvfaAzAfOi558=,oYuSAona34I8X5Y8ikYXSzEWDlQ=
-4,-6,IbH+BC0thugenl/QN+MehEUGQLw=,9QD8jKlqhCSuZRuE/Ftxjdc0Uc8=
-4,-5,KzrVeWEhZqrXLBdvfaAzAfOi558=,9QD8jKlqhCSuZRuE/Ftxjdc0Uc8=
-4,-7,IbH+BC0thugenl/QN+MehEUGQLw=,ddYyGEhOsr2LuuxVvKyZvJ12CnI=
-5,-4,KzrVeWEhZqrXLBdvfaAzAfOi558=,qUVaafDkjNooONeXWv6JAsiIBBo=
-5,-6,IbH+BC0thugenl/QN+MehEUGQLw=,7wa1BhTxO6269lMg3v/+fTm8uPw=
-5,-5,KzrVeWEhZqrXLBdvfaAzAfOi558=,7wa1BhTxO6269lMg3v/+fTm8uPw=
-6,-4,KzrVeWEhZqrXLBdvfaAzAfOi558=,qUVaafDkjNooONeXWv6JAsiIBBo=
-6,-2,vNBOq9jXCbJnxAJSskQQ1Pl9P24=,6nLWncyuREmtxYtYVX8HiYGwwE8=
-5,-7,IbH+BC0thugenl/QN+MehEUGQLw=,/MEOHoMX+sD2uJWTPm2UGn2ut3s=
-6,-6,fv1TDSva518x/NhCpYnL7EcpkPQ=,7wa1BhTxO6269lMg3v/+fTm8uPw=
-6,-1,m86OwhOgccPYlIxv0rN0Y7JJoCQ=,6nLWncyuREmtxYtYVX8HiYGwwE8=
-6,-5,KzrVeWEhZqrXLBdvfaAzAfOi558=,7wa1BhTxO6269lMg3v/+fTm8uPw=
-6,-3,vNBOq9jXCbJnxAJSskQQ1Pl9P24=,qUVaafDkjNooONeXWv6JAsiIBBo=
-6,-7,fv1TDSva518x/NhCpYnL7EcpkPQ=,/MEOHoMX+sD2uJWTPm2UGn2ut3s=
-7,-2,vNBOq9jXCbJnxAJSskQQ1Pl9P24=,LOpBv/uOcecNskmeNu7NBUeVtJc=
-7,-4,KzrVeWEhZqrXLBdvfaAzAfOi558=,MtFI3geedtkhEWQjaonNjMEKv1I=
-7,-1,m86OwhOgccPYlIxv0rN0Y7JJoCQ=,LOpBv/uOcecNskmeNu7NBUeVtJc=
-7,-6,fv1TDSva518x/NhCpYnL7EcpkPQ=,+lH6+CDU1ukW5+PxEld+wGJYvDI=
-7,-3,vNBOq9jXCbJnxAJSskQQ1Pl9P24=,MtFI3geedtkhEWQjaonNjMEKv1I=
-7,-5,KzrVeWEhZqrXLBdvfaAzAfOi558=,+lH6+CDU1ukW5+PxEld+wGJYvDI=
-7,-7,fv1TDSva518x/NhCpYnL7EcpkPQ=,Ej/8wc04PhXBlqPQI+6k0y+HGtI=
-8,-2,vNBOq9jXCbJnxAJSskQQ1Pl9P24=,LOpBv/uOcecNskmeNu7NBUeVtJc=
-8,-1,kRrYmYzZkNTkWg6P+CTp6HsKH9s=,LOpBv/uOcecNskmeNu7NBUeVtJc=
-8,-3,vNBOq9jXCbJnxAJSskQQ1Pl9P24=,MtFI3geedtkhEWQjaonNjMEKv1I=
-9,-2,vNBOq9jXCbJnxAJSskQQ1Pl9P24=,8XWZuILo74I5/d9SWi4Q/ZlNuZ4=
-9,-1,kRrYmYzZkNTkWg6P+CTp6HsKH9s=,8XWZuILo74I5/d9SWi4Q/ZlNuZ4=
-9,-3,vNBOq9jXCbJnxAJSskQQ1Pl9P24=,M9ql5B+KLy0CiRlmaKvKl0+b/Tk=
-10,-1,kRrYmYzZkNTkWg6P+CTp6HsKH9s=,8XWZuILo74I5/d9SWi4Q/ZlNuZ4=
-11,-1,kRrYmYzZkNTkWg6P+CTp6HsKH9s=,xBLBmACYcdvA1yF7QXbl4ChanDQ=
-10,-2,vNBOq9jXCbJnxAJSskQQ1Pl9P24=,8XWZuILo74I5/d9SWi4Q/ZlNuZ4=
-10,-3,vNBOq9jXCbJnxAJSskQQ1Pl9P24=,M9ql5B+KLy0CiRlmaKvKl0+b/Tk=
-11,-2,vNBOq9jXCbJnxAJSskQQ1Pl9P24=,xBLBmACYcdvA1yF7QXbl4ChanDQ=
-11,-3,vNBOq9jXCbJnxAJSskQQ1Pl9P24=,zSyGy1ylLJGj+Lsd4xlQLd4XetI=
-8,-4,KzrVeWEhZqrXLBdvfaAzAfOi558=,MtFI3geedtkhEWQjaonNjMEKv1I=
-8,-6,fv1TDSva518x/NhCpYnL7EcpkPQ=,+lH6+CDU1ukW5+PxEld+wGJYvDI=
-10,-6,fv1TDSva518x/NhCpYnL7EcpkPQ=,tocOL/kRY5MQFrSCOlDrvw7vlPk=
-8,-5,KzrVeWEhZqrXLBdvfaAzAfOi558=,+lH6+CDU1ukW5+PxEld+wGJYvDI=
-10,-8,fv1TDSva518x/NhCpYnL7EcpkPQ=,eVv62DAwnWgkgwn6wXUu3zBBFCc=
-8,-7,fv1TDSva518x/NhCpYnL7EcpkPQ=,Ej/8wc04PhXBlqPQI+6k0y+HGtI=
-10,-7,fv1TDSva518x/NhCpYnL7EcpkPQ=,eVv62DAwnWgkgwn6wXUu3zBBFCc=
-10,-9,fv1TDSva518x/NhCpYnL7EcpkPQ=,ecL5bzMG4CdgKQpUYwvzgvdgWdo=
-10,-4,zmf/vFwIKB+aMW/6HWTY0GZnrOY=,M9ql5B+KLy0CiRlmaKvKl0+b/Tk=
-11,-6,fv1TDSva518x/NhCpYnL7EcpkPQ=,/PKBn7Rab6TDzFrA1SvHNieAA34=
-9,-4,KzrVeWEhZqrXLBdvfaAzAfOi558=,M9ql5B+KLy0CiRlmaKvKl0+b/Tk=
-12,-4,zmf/vFwIKB+aMW/6HWTY0GZnrOY=,zSyGy1ylLJGj+Lsd4xlQLd4XetI=
-11,-8,fv1TDSva518x/NhCpYnL7EcpkPQ=,V1mjhZuPzAqfnkoW2A3WK7MhS7E=
-9,-6,fv1TDSva518x/NhCpYnL7EcpkPQ=,tocOL/kRY5MQFrSCOlDrvw7vlPk=
-12,-5,zmf/vFwIKB+aMW/6HWTY0GZnrOY=,/PKBn7Rab6TDzFrA1SvHNieAA34=
-11,-7,fv1TDSva518x/NhCpYnL7EcpkPQ=,V1mjhZuPzAqfnkoW2A3WK7MhS7E=
-13,-4,zmf/vFwIKB+aMW/6HWTY0GZnrOY=,PLyQCY3f8JLfqc9sPjBxHUScTQs=
-10,-5,zmf/vFwIKB+aMW/6HWTY0GZnrOY=,tocOL/kRY5MQFrSCOlDrvw7vlPk=
-9,-5,KzrVeWEhZqrXLBdvfaAzAfOi558=,tocOL/kRY5MQFrSCOlDrvw7vlPk=
-11,-9,fv1TDSva518x/NhCpYnL7EcpkPQ=,Gs0yXx624Asp6yxDpl4NTUcScuM=
-13,-5,zmf/vFwIKB+aMW/6HWTY0GZnrOY=,2ZZSKYLlxjHrEUSxAs8o7aqsOtY=
-12,-6,jvQBHw9A1xHIY/xLpLK1h7Yp5R4=,/PKBn7Rab6TDzFrA1SvHNieAA34=
-9,-7,fv1TDSva518x/NhCpYnL7EcpkPQ=,eVv62DAwnWgkgwn6wXUu3zBBFCc=
-12,-8,9qxSa8lH3YilxLYki5cME80aW/w=,V1mjhZuPzAqfnkoW2A3WK7MhS7E=
-11,-4,zmf/vFwIKB+aMW/6HWTY0GZnrOY=,zSyGy1ylLJGj+Lsd4xlQLd4XetI=
-12,-7,jvQBHw9A1xHIY/xLpLK1h7Yp5R4=,V1mjhZuPzAqfnkoW2A3WK7MhS7E=
-11,-5,zmf/vFwIKB+aMW/6HWTY0GZnrOY=,/PKBn7Rab6TDzFrA1SvHNieAA34=
-12,-9,9qxSa8lH3YilxLYki5cME80aW/w=,Gs0yXx624Asp6yxDpl4NTUcScuM=
-13,-6,jvQBHw9A1xHIY/xLpLK1h7Yp5R4=,2ZZSKYLlxjHrEUSxAs8o7aqsOtY=
-13,-8,9qxSa8lH3YilxLYki5cME80aW/w=,QzUrZHGvDiKZuxPQF1g082ChzYU=
-13,-7,jvQBHw9A1xHIY/xLpLK1h7Yp5R4=,QzUrZHGvDiKZuxPQF1g082ChzYU=
-13,-9,9qxSa8lH3YilxLYki5cME80aW/w=,l4agRgCreIDTsdc7Hhaw9oTXglI=
-6,-12,fv1TDSva518x/NhCpYnL7EcpkPQ=,UcVzt+VJpw02NCK1Oo4poUqMGI0=
-6,-13,fv1TDSva518x/NhCpYnL7EcpkPQ=,kZyvyMUKT46SnzO9cWUt5MfrvCg=
-14,-4,BcMBW3Jxe4pkJzFKffIdCCrrNI0=,PLyQCY3f8JLfqc9sPjBxHUScTQs=
-6,-14,fv1TDSva518x/NhCpYnL7EcpkPQ=,kZyvyMUKT46SnzO9cWUt5MfrvCg=
-6,-16,wPDLrRS/V1dTim5pkIqi7lBXUJw=,vFPriRb9xnYPXGJuKMP3YHoBeL8=
-6,-15,fv1TDSva518x/NhCpYnL7EcpkPQ=,vFPriRb9xnYPXGJuKMP3YHoBeL8=
-14,-5,BcMBW3Jxe4pkJzFKffIdCCrrNI0=,2ZZSKYLlxjHrEUSxAs8o7aqsOtY=
-16,-4,kRrYmYzZkNTkWg6P+CTp6HsKH9s=,b0OhSmhZE+xtFbRgZx601WQ+qgo=
-16,-2,kRrYmYzZkNTkWg6P+CTp6HsKH9s=,WoS7oUefxOaUWRDIIiQV9grgO8s=
-15,-4,BcMBW3Jxe4pkJzFKffIdCCrrNI0=,b0OhSmhZE+xtFbRgZx601WQ+qgo=
-16,-1,XRkYxYYW5lzO6o2wCW5HqUboMRo=,WoS7oUefxOaUWRDIIiQV9grgO8s=
-16,-5,kRrYmYzZkNTkWg6P+CTp6HsKH9s=,qyggRO9UgmyoMOTZbJPOcRYn4a0=
-12,-2,k5DPAXiiblKL5OnXMlfQ1PF9wtA=,xBLBmACYcdvA1yF7QXbl4ChanDQ=
-16,-3,kRrYmYzZkNTkWg6P+CTp6HsKH9s=,b0OhSmhZE+xtFbRgZx601WQ+qgo=
-15,-5,BcMBW3Jxe4pkJzFKffIdCCrrNI0=,qyggRO9UgmyoMOTZbJPOcRYn4a0=
-12,-1,kRrYmYzZkNTkWg6P+CTp6HsKH9s=,xBLBmACYcdvA1yF7QXbl4ChanDQ=
-12,-3,k5DPAXiiblKL5OnXMlfQ1PF9wtA=,zSyGy1ylLJGj+Lsd4xlQLd4XetI=
-4,-16,wPDLrRS/V1dTim5pkIqi7lBXUJw=,X2r3emxvoiIjuEj1dRYnpOaVX5Q=
-3,-16,wPDLrRS/V1dTim5pkIqi7lBXUJw=,X2r3emxvoiIjuEj1dRYnpOaVX5Q=
-14,-2,k5DPAXiiblKL5OnXMlfQ1PF9wtA=,Mey0FgdRgJBhfQHTOvy/8grHJVg=
-5,-16,wPDLrRS/V1dTim5pkIqi7lBXUJw=,vFPriRb9xnYPXGJuKMP3YHoBeL8=
-1,-14,fv1TDSva518x/NhCpYnL7EcpkPQ=,BXnu1nok/UfxalO15Qh+A8EX60o=
-13,-2,k5DPAXiiblKL5OnXMlfQ1PF9wtA=,Mey0FgdRgJBhfQHTOvy/8grHJVg=
-14,-1,kRrYmYzZkNTkWg6P+CTp6HsKH9s=,Mey0FgdRgJBhfQHTOvy/8grHJVg=
-13,-1,kRrYmYzZkNTkWg6P+CTp6HsKH9s=,Mey0FgdRgJBhfQHTOvy/8grHJVg=
-14,-3,BcMBW3Jxe4pkJzFKffIdCCrrNI0=,PLyQCY3f8JLfqc9sPjBxHUScTQs=
-13,-3,k5DPAXiiblKL5OnXMlfQ1PF9wtA=,PLyQCY3f8JLfqc9sPjBxHUScTQs=
-15,-2,k5DPAXiiblKL5OnXMlfQ1PF9wtA=,WoS7oUefxOaUWRDIIiQV9grgO8s=
-15,-1,kRrYmYzZkNTkWg6P+CTp6HsKH9s=,WoS7oUefxOaUWRDIIiQV9grgO8s=
-1,-10,wPDLrRS/V1dTim5pkIqi7lBXUJw=,wrc7uEME+7nU7wXYzwqqE75qHTw=
-1,-12,wPDLrRS/V1dTim5pkIqi7lBXUJw=,bdeVV/G77YMCizhxupKrGnhjnUY=
-15,-3,k5DPAXiiblKL5OnXMlfQ1PF9wtA=,b0OhSmhZE+xtFbRgZx601WQ+qgo=
-2,-14,gOmbs5ERUrOcK/hz70z2ymoUqOY=,BXnu1nok/UfxalO15Qh+A8EX60o=
-1,-11,wPDLrRS/V1dTim5pkIqi7lBXUJw=,bdeVV/G77YMCizhxupKrGnhjnUY=
-1,-13,wPDLrRS/V1dTim5pkIqi7lBXUJw=,BXnu1nok/UfxalO15Qh+A8EX60o=
-4,-14,gOmbs5ERUrOcK/hz70z2ymoUqOY=,ouhJtQ743uhSgRIfFhdQsYeisnc=
-3,-14,gOmbs5ERUrOcK/hz70z2ymoUqOY=,ouhJtQ743uhSgRIfFhdQsYeisnc=
-4,-15,gOmbs5ERUrOcK/hz70z2ymoUqOY=,X2r3emxvoiIjuEj1dRYnpOaVX5Q=
-2,-10,cPZzeSgD57lxL1HJkF7AJcIgs3Q=,wrc7uEME+7nU7wXYzwqqE75qHTw=
-2,-12,gOmbs5ERUrOcK/hz70z2ymoUqOY=,bdeVV/G77YMCizhxupKrGnhjnUY=
-3,-15,gOmbs5ERUrOcK/hz70z2ymoUqOY=,X2r3emxvoiIjuEj1dRYnpOaVX5Q=
-5,-14,gOmbs5ERUrOcK/hz70z2ymoUqOY=,kZyvyMUKT46SnzO9cWUt5MfrvCg=
-2,-11,cPZzeSgD57lxL1HJkF7AJcIgs3Q=,bdeVV/G77YMCizhxupKrGnhjnUY=
-5,-15,gOmbs5ERUrOcK/hz70z2ymoUqOY=,vFPriRb9xnYPXGJuKMP3YHoBeL8=
-2,-13,gOmbs5ERUrOcK/hz70z2ymoUqOY=,BXnu1nok/UfxalO15Qh+A8EX60o=
-4,-10,orlNbECw2BurKEkPSnayNH5v4fI=,WYWbfQdHp8QhFQZZ2MiPtToaDAA=
-3,-10,cPZzeSgD57lxL1HJkF7AJcIgs3Q=,WYWbfQdHp8QhFQZZ2MiPtToaDAA=
-14,-6,H2AGxesLQl7kK1yl4+EW09l6QpE=,2ZZSKYLlxjHrEUSxAs8o7aqsOtY=
-14,-8,H2AGxesLQl7kK1yl4+EW09l6QpE=,QzUrZHGvDiKZuxPQF1g082ChzYU=
-4,-12,orlNbECw2BurKEkPSnayNH5v4fI=,y87CNB6MIyKgU3htk0F+Itfwph0=
-14,-7,H2AGxesLQl7kK1yl4+EW09l6QpE=,QzUrZHGvDiKZuxPQF1g082ChzYU=
-3,-12,gOmbs5ERUrOcK/hz70z2ymoUqOY=,y87CNB6MIyKgU3htk0F+Itfwph0=
-14,-9,H2AGxesLQl7kK1yl4+EW09l6QpE=,l4agRgCreIDTsdc7Hhaw9oTXglI=
-4,-11,IbH+BC0thugenl/QN+MehEUGQLw=,y87CNB6MIyKgU3htk0F+Itfwph0=
-16,-6,kRrYmYzZkNTkWg6P+CTp6HsKH9s=,qyggRO9UgmyoMOTZbJPOcRYn4a0=
-3,-11,cPZzeSgD57lxL1HJkF7AJcIgs3Q=,y87CNB6MIyKgU3htk0F+Itfwph0=
-15,-6,H2AGxesLQl7kK1yl4+EW09l6QpE=,qyggRO9UgmyoMOTZbJPOcRYn4a0=
-4,-13,orlNbECw2BurKEkPSnayNH5v4fI=,ouhJtQ743uhSgRIfFhdQsYeisnc=
-16,-8,tC857LdTL2lggB4Ij9N8ZCtT2h0=,bdeVV/G77YMCizhxupKrGnhjnUY=
-3,-13,gOmbs5ERUrOcK/hz70z2ymoUqOY=,ouhJtQ743uhSgRIfFhdQsYeisnc=
-15,-8,H2AGxesLQl7kK1yl4+EW09l6QpE=,bdeVV/G77YMCizhxupKrGnhjnUY=
-5,-10,IbH+BC0thugenl/QN+MehEUGQLw=,dwQw0ny3WP85Gc32AwpruRFbCUk=
-16,-7,kRrYmYzZkNTkWg6P+CTp6HsKH9s=,bdeVV/G77YMCizhxupKrGnhjnUY=
-5,-12,orlNbECw2BurKEkPSnayNH5v4fI=,UcVzt+VJpw02NCK1Oo4poUqMGI0=
-5,-11,IbH+BC0thugenl/QN+MehEUGQLw=,UcVzt+VJpw02NCK1Oo4poUqMGI0=
-5,-13,orlNbECw2BurKEkPSnayNH5v4fI=,kZyvyMUKT46SnzO9cWUt5MfrvCg=
-15,-7,H2AGxesLQl7kK1yl4+EW09l6QpE=,bdeVV/G77YMCizhxupKrGnhjnUY=
-16,-9,tC857LdTL2lggB4Ij9N8ZCtT2h0=,ZN3tk1S1VPHtm/B4jMrvJfkydOU=
-15,-9,H2AGxesLQl7kK1yl4+EW09l6QpE=,ZN3tk1S1VPHtm/B4jMrvJfkydOU=
-18,-16,LqkQ5LrJ59yOxOckQvCC9kTEVsE=,SBgajV2YxR0I4ehlw8taWivL7GY=
-19,-16,LqkQ5LrJ59yOxOckQvCC9kTEVsE=,8uK1l/viKz0Aj4ayTpeI+EUtzhQ=
-17,-16,P7x6mbX6FA/2X2ISCUYvS1QNc8c=,SBgajV2YxR0I4ehlw8taWivL7GY=
-17,-15,LqkQ5LrJ59yOxOckQvCC9kTEVsE=,SBgajV2YxR0I4ehlw8taWivL7GY=
-21,-15,IhZ9G26OyB3dQ1Zm7MiQ06RxBBo=,An/WJ5veNGj7UV8x0zCB/s2c8kg=
-21,-16,qK/HajIO2WgK4VEA9JV0MnYO1Kg=,An/WJ5veNGj7UV8x0zCB/s2c8kg=
-20,-15,IhZ9G26OyB3dQ1Zm7MiQ06RxBBo=,8uK1l/viKz0Aj4ayTpeI+EUtzhQ=
-17,-14,LqkQ5LrJ59yOxOckQvCC9kTEVsE=,/KYzusMqR5CUfev9gAqKtzUzScg=
-18,-14,LqkQ5LrJ59yOxOckQvCC9kTEVsE=,/KYzusMqR5CUfev9gAqKtzUzScg=
-20,-16,qK/HajIO2WgK4VEA9JV0MnYO1Kg=,8uK1l/viKz0Aj4ayTpeI+EUtzhQ=
-19,-15,LqkQ5LrJ59yOxOckQvCC9kTEVsE=,8uK1l/viKz0Aj4ayTpeI+EUtzhQ=
-21,-14,IhZ9G26OyB3dQ1Zm7MiQ06RxBBo=,RxJq0QimE1D5z2HuU2qbirQVLMA=
-18,-15,LqkQ5LrJ59yOxOckQvCC9kTEVsE=,SBgajV2YxR0I4ehlw8taWivL7GY=
-22,-16,qK/HajIO2WgK4VEA9JV0MnYO1Kg=,An/WJ5veNGj7UV8x0zCB/s2c8kg=
-20,-14,IhZ9G26OyB3dQ1Zm7MiQ06RxBBo=,IagyXcMnGpRgDxkF6a2y8XT4w3s=
-19,-14,LqkQ5LrJ59yOxOckQvCC9kTEVsE=,IagyXcMnGpRgDxkF6a2y8XT4w3s=
-23,-16,qK/HajIO2WgK4VEA9JV0MnYO1Kg=,SC5cM7UZpQlmCvBECOM3RonJak0=
-25,-11,P7x6mbX6FA/2X2ISCUYvS1QNc8c=,pademeWaLZmeBAEBXPhCUki4414=
-24,-11,P7x6mbX6FA/2X2ISCUYvS1QNc8c=,L9LiSJdA2CoXN6ROlFp9vJfej/0=
-23,-14,g5HY/4RuzG6vuCiZbJvtlzojwp8=,2/BxsRSvc3o5MSuBGlPAMZHaRhM=
-22,-15,g5HY/4RuzG6vuCiZbJvtlzojwp8=,An/WJ5veNGj7UV8x0zCB/s2c8kg=
-22,-14,g5HY/4RuzG6vuCiZbJvtlzojwp8=,RxJq0QimE1D5z2HuU2qbirQVLMA=
-23,-15,g5HY/4RuzG6vuCiZbJvtlzojwp8=,SC5cM7UZpQlmCvBECOM3RonJak0=
-30,-15,P7x6mbX6FA/2X2ISCUYvS1QNc8c=,veIifWlJmKMjnM1tngBbwxl/0nE=
-30,-16,P7x6mbX6FA/2X2ISCUYvS1QNc8c=,veIifWlJmKMjnM1tngBbwxl/0nE=
-30,-14,P7x6mbX6FA/2X2ISCUYvS1QNc8c=,hJbU8MO29VXtv4AUwRYCWa8qdbM=
-26,-11,P7x6mbX6FA/2X2ISCUYvS1QNc8c=,pademeWaLZmeBAEBXPhCUki4414=
-27,-11,P7x6mbX6FA/2X2ISCUYvS1QNc8c=,6KKlCY5OOhBDSxb7Q6C6dL0e9NQ=
-29,-13,qK/HajIO2WgK4VEA9JV0MnYO1Kg=,hJbU8MO29VXtv4AUwRYCWa8qdbM=
-30,-13,P7x6mbX6FA/2X2ISCUYvS1QNc8c=,hJbU8MO29VXtv4AUwRYCWa8qdbM=
-28,-13,qK/HajIO2WgK4VEA9JV0MnYO1Kg=,V51CHlS0rdD00DKUG1ll6eB5C7s=
-28,-11,P7x6mbX6FA/2X2ISCUYvS1QNc8c=,6KKlCY5OOhBDSxb7Q6C6dL0e9NQ=
-28,-12,qK/HajIO2WgK4VEA9JV0MnYO1Kg=,6KKlCY5OOhBDSxb7Q6C6dL0e9NQ=
-25,-16,qK/HajIO2WgK4VEA9JV0MnYO1Kg=,LqbTmgdPG5z9LPBiinNcsJzy8Lg=
-24,-12,qK/HajIO2WgK4VEA9JV0MnYO1Kg=,L9LiSJdA2CoXN6ROlFp9vJfej/0=
-24,-16,qK/HajIO2WgK4VEA9JV0MnYO1Kg=,SC5cM7UZpQlmCvBECOM3RonJak0=
-24,-2,dzc8mHwPVndyGz5fiuBfioRAr68=,zdM5K/+DK/5JlvGix0iwZvTn8No=
-24,-1,dzc8mHwPVndyGz5fiuBfioRAr68=,zdM5K/+DK/5JlvGix0iwZvTn8No=
-25,-15,1vBMvGqH65pR1tMlm7mgPeJZk5g=,LqbTmgdPG5z9LPBiinNcsJzy8Lg=
-27,-16,npSEt18KUQbBoRPudJ/fvxYclFs=,KOzGzHhOYOBRgleK5RuxC8jdSl4=
-29,-16,P7x6mbX6FA/2X2ISCUYvS1QNc8c=,veIifWlJmKMjnM1tngBbwxl/0nE=
-25,-13,qK/HajIO2WgK4VEA9JV0MnYO1Kg=,LdMjEwgAN12Pw8N736YGSeaJldg=
-26,-15,npSEt18KUQbBoRPudJ/fvxYclFs=,LqbTmgdPG5z9LPBiinNcsJzy8Lg=
-28,-16,P7x6mbX6FA/2X2ISCUYvS1QNc8c=,KOzGzHhOYOBRgleK5RuxC8jdSl4=
-24,-13,qK/HajIO2WgK4VEA9JV0MnYO1Kg=,2/BxsRSvc3o5MSuBGlPAMZHaRhM=
-29,-14,npSEt18KUQbBoRPudJ/fvxYclFs=,hJbU8MO29VXtv4AUwRYCWa8qdbM=
-24,-14,1vBMvGqH65pR1tMlm7mgPeJZk5g=,2/BxsRSvc3o5MSuBGlPAMZHaRhM=
-27,-15,npSEt18KUQbBoRPudJ/fvxYclFs=,KOzGzHhOYOBRgleK5RuxC8jdSl4=
-22,-5,P7x6mbX6FA/2X2ISCUYvS1QNc8c=,7FBMBUHC841X2l9cKBMRU5z+2m4=
-23,-1,dzc8mHwPVndyGz5fiuBfioRAr68=,zdM5K/+DK/5JlvGix0iwZvTn8No=
-27,-13,qK/HajIO2WgK4VEA9JV0MnYO1Kg=,V51CHlS0rdD00DKUG1ll6eB5C7s=
-22,-4,P7x6mbX6FA/2X2ISCUYvS1QNc8c=,2YuU8R+4Y9Hft2qbr02cSyxVWSg=
-22,-3,dzc8mHwPVndyGz5fiuBfioRAr68=,2YuU8R+4Y9Hft2qbr02cSyxVWSg=
-26,-16,npSEt18KUQbBoRPudJ/fvxYclFs=,LqbTmgdPG5z9LPBiinNcsJzy8Lg=
-25,-12,qK/HajIO2WgK4VEA9JV0MnYO1Kg=,pademeWaLZmeBAEBXPhCUki4414=
-27,-14,npSEt18KUQbBoRPudJ/fvxYclFs=,V51CHlS0rdD00DKUG1ll6eB5C7s=
-22,-1,dzc8mHwPVndyGz5fiuBfioRAr68=,gjhEuwd/WdO8JJFEMVg30k0Yjdo=
-26,-13,qK/HajIO2WgK4VEA9JV0MnYO1Kg=,LdMjEwgAN12Pw8N736YGSeaJldg=
-22,-7,dzc8mHwPVndyGz5fiuBfioRAr68=,pt87bdqSIx6MYcN2Ixkas6xO2a0=
-22,-6,dzc8mHwPVndyGz5fiuBfioRAr68=,7FBMBUHC841X2l9cKBMRU5z+2m4=
-22,-2,dzc8mHwPVndyGz5fiuBfioRAr68=,gjhEuwd/WdO8JJFEMVg30k0Yjdo=
-26,-12,qK/HajIO2WgK4VEA9JV0MnYO1Kg=,pademeWaLZmeBAEBXPhCUki4414=
-28,-15,npSEt18KUQbBoRPudJ/fvxYclFs=,KOzGzHhOYOBRgleK5RuxC8jdSl4=
-23,-2,dzc8mHwPVndyGz5fiuBfioRAr68=,zdM5K/+DK/5JlvGix0iwZvTn8No=
-25,-14,1vBMvGqH65pR1tMlm7mgPeJZk5g=,LdMjEwgAN12Pw8N736YGSeaJldg=
-28,-14,npSEt18KUQbBoRPudJ/fvxYclFs=,V51CHlS0rdD00DKUG1ll6eB5C7s=
-29,-15,npSEt18KUQbBoRPudJ/fvxYclFs=,veIifWlJmKMjnM1tngBbwxl/0nE=
-24,-15,1vBMvGqH65pR1tMlm7mgPeJZk5g=,SC5cM7UZpQlmCvBECOM3RonJak0=
-26,-14,npSEt18KUQbBoRPudJ/fvxYclFs=,LdMjEwgAN12Pw8N736YGSeaJldg=
-27,-12,qK/HajIO2WgK4VEA9JV0MnYO1Kg=,6KKlCY5OOhBDSxb7Q6C6dL0e9NQ=
-22,-8,dzc8mHwPVndyGz5fiuBfioRAr68=,pt87bdqSIx6MYcN2Ixkas6xO2a0=
-22,-9,dzc8mHwPVndyGz5fiuBfioRAr68=,G2xr7rOckZBWQY+X7epbAFQfQLg=
-20,-8,dzc8mHwPVndyGz5fiuBfioRAr68=,3Eyp4Ur6TC81ZwF0ynECZfYpHRQ=
-19,-8,umXWDY1TAbJDk/v9pNkdroTkQLo=,3Eyp4Ur6TC81ZwF0ynECZfYpHRQ=
-20,-9,dzc8mHwPVndyGz5fiuBfioRAr68=,P3wRtEgWgSG6jIawpkpMtlAikf8=
-18,-9,umXWDY1TAbJDk/v9pNkdroTkQLo=,KRglRqAKhmf3RCstbe2L3WUsJ5M=
-21,-8,dzc8mHwPVndyGz5fiuBfioRAr68=,pt87bdqSIx6MYcN2Ixkas6xO2a0=
-21,-9,dzc8mHwPVndyGz5fiuBfioRAr68=,G2xr7rOckZBWQY+X7epbAFQfQLg=
-18,-8,umXWDY1TAbJDk/v9pNkdroTkQLo=,bNaIyn7+Ax/tAFMIepq/XYf2dMY=
-19,-9,umXWDY1TAbJDk/v9pNkdroTkQLo=,P3wRtEgWgSG6jIawpkpMtlAikf8=
-17,-9,npSEt18KUQbBoRPudJ/fvxYclFs=,KRglRqAKhmf3RCstbe2L3WUsJ5M=
-17,-8,npSEt18KUQbBoRPudJ/fvxYclFs=,bNaIyn7+Ax/tAFMIepq/XYf2dMY=
-18,-11,HYt2fjFy8zcc1F8xSjlaQQe4lXk=,msC0nO2vz6seCqKOTGEc+D69vBQ=
-18,-13,HYt2fjFy8zcc1F8xSjlaQQe4lXk=,/KYzusMqR5CUfev9gAqKtzUzScg=
-23,-12,g5HY/4RuzG6vuCiZbJvtlzojwp8=,L9LiSJdA2CoXN6ROlFp9vJfej/0=
-19,-11,HYt2fjFy8zcc1F8xSjlaQQe4lXk=,pNHVWeU7Z8mbF8gFkGFTfuN8290=
-20,-11,g5HY/4RuzG6vuCiZbJvtlzojwp8=,pNHVWeU7Z8mbF8gFkGFTfuN8290=
-19,-12,HYt2fjFy8zcc1F8xSjlaQQe4lXk=,pNHVWeU7Z8mbF8gFkGFTfuN8290=
-17,-1,dzc8mHwPVndyGz5fiuBfioRAr68=,PHpsOGOPlpwjnNj0fGXJaJaK4aI=
-20,-12,g5HY/4RuzG6vuCiZbJvtlzojwp8=,pNHVWeU7Z8mbF8gFkGFTfuN8290=
-18,-1,P7x6mbX6FA/2X2ISCUYvS1QNc8c=,PHpsOGOPlpwjnNj0fGXJaJaK4aI=
-17,-12,npSEt18KUQbBoRPudJ/fvxYclFs=,msC0nO2vz6seCqKOTGEc+D69vBQ=
-23,-11,P7x6mbX6FA/2X2ISCUYvS1QNc8c=,L9LiSJdA2CoXN6ROlFp9vJfej/0=
-21,-1,P7x6mbX6FA/2X2ISCUYvS1QNc8c=,gjhEuwd/WdO8JJFEMVg30k0Yjdo=
-18,-12,HYt2fjFy8zcc1F8xSjlaQQe4lXk=,msC0nO2vz6seCqKOTGEc+D69vBQ=
-23,-13,g5HY/4RuzG6vuCiZbJvtlzojwp8=,2/BxsRSvc3o5MSuBGlPAMZHaRhM=
-21,-3,n2g9v5ZU23f/Iu3ewIsSXAvIJXc=,2YuU8R+4Y9Hft2qbr02cSyxVWSg=
-22,-10,P7x6mbX6FA/2X2ISCUYvS1QNc8c=,G2xr7rOckZBWQY+X7epbAFQfQLg=
-19,-1,P7x6mbX6FA/2X2ISCUYvS1QNc8c=,IW76nc9SP5C+kwRNILwiK7JfqUs=
-18,-10,HYt2fjFy8zcc1F8xSjlaQQe4lXk=,KRglRqAKhmf3RCstbe2L3WUsJ5M=
-20,-1,P7x6mbX6FA/2X2ISCUYvS1QNc8c=,IW76nc9SP5C+kwRNILwiK7JfqUs=
-21,-2,n2g9v5ZU23f/Iu3ewIsSXAvIJXc=,gjhEuwd/WdO8JJFEMVg30k0Yjdo=
-21,-13,g5HY/4RuzG6vuCiZbJvtlzojwp8=,RxJq0QimE1D5z2HuU2qbirQVLMA=
-20,-3,n2g9v5ZU23f/Iu3ewIsSXAvIJXc=,MgtOGGRwbwSFVz/syj7JrgQ/iTQ=
-22,-13,g5HY/4RuzG6vuCiZbJvtlzojwp8=,RxJq0QimE1D5z2HuU2qbirQVLMA=
-19,-10,HYt2fjFy8zcc1F8xSjlaQQe4lXk=,P3wRtEgWgSG6jIawpkpMtlAikf8=
-20,-2,n2g9v5ZU23f/Iu3ewIsSXAvIJXc=,IW76nc9SP5C+kwRNILwiK7JfqUs=
-19,-3,LqkQ5LrJ59yOxOckQvCC9kTEVsE=,MgtOGGRwbwSFVz/syj7JrgQ/iTQ=
-20,-13,g5HY/4RuzG6vuCiZbJvtlzojwp8=,IagyXcMnGpRgDxkF6a2y8XT4w3s=
-17,-10,npSEt18KUQbBoRPudJ/fvxYclFs=,KRglRqAKhmf3RCstbe2L3WUsJ5M=
-19,-2,LqkQ5LrJ59yOxOckQvCC9kTEVsE=,IW76nc9SP5C+kwRNILwiK7JfqUs=
-17,-2,LqkQ5LrJ59yOxOckQvCC9kTEVsE=,PHpsOGOPlpwjnNj0fGXJaJaK4aI=
-19,-13,HYt2fjFy8zcc1F8xSjlaQQe4lXk=,IagyXcMnGpRgDxkF6a2y8XT4w3s=
-21,-11,g5HY/4RuzG6vuCiZbJvtlzojwp8=,uhPLBgONo9ZgmOAOkpBdEICH9NE=
-17,-3,LqkQ5LrJ59yOxOckQvCC9kTEVsE=,RmS5ANTI4fCa3RBOSTi9RAb9hUo=
-22,-11,P7x6mbX6FA/2X2ISCUYvS1QNc8c=,uhPLBgONo9ZgmOAOkpBdEICH9NE=
-18,-2,LqkQ5LrJ59yOxOckQvCC9kTEVsE=,PHpsOGOPlpwjnNj0fGXJaJaK4aI=
-18,-3,LqkQ5LrJ59yOxOckQvCC9kTEVsE=,RmS5ANTI4fCa3RBOSTi9RAb9hUo=
-17,-11,npSEt18KUQbBoRPudJ/fvxYclFs=,msC0nO2vz6seCqKOTGEc+D69vBQ=
-20,-10,g5HY/4RuzG6vuCiZbJvtlzojwp8=,P3wRtEgWgSG6jIawpkpMtlAikf8=
-17,-4,P7x6mbX6FA/2X2ISCUYvS1QNc8c=,RmS5ANTI4fCa3RBOSTi9RAb9hUo=
-17,-13,npSEt18KUQbBoRPudJ/fvxYclFs=,/KYzusMqR5CUfev9gAqKtzUzScg=
-21,-12,g5HY/4RuzG6vuCiZbJvtlzojwp8=,uhPLBgONo9ZgmOAOkpBdEICH9NE=
-17,-5,P7x6mbX6FA/2X2ISCUYvS1QNc8c=,SYp4wy2Zp+qHvE9/JqVMizNvrk0=
-22,-12,g5HY/4RuzG6vuCiZbJvtlzojwp8=,uhPLBgONo9ZgmOAOkpBdEICH9NE=
-17,-7,P7x6mbX6FA/2X2ISCUYvS1QNc8c=,bNaIyn7+Ax/tAFMIepq/XYf2dMY=
-21,-10,g5HY/4RuzG6vuCiZbJvtlzojwp8=,G2xr7rOckZBWQY+X7epbAFQfQLg=
-17,-6,P7x6mbX6FA/2X2ISCUYvS1QNc8c=,SYp4wy2Zp+qHvE9/JqVMizNvrk0=
-21,-6,dzc8mHwPVndyGz5fiuBfioRAr68=,7FBMBUHC841X2l9cKBMRU5z+2m4=
-19,-7,P7x6mbX6FA/2X2ISCUYvS1QNc8c=,3Eyp4Ur6TC81ZwF0ynECZfYpHRQ=
-20,-7,dzc8mHwPVndyGz5fiuBfioRAr68=,3Eyp4Ur6TC81ZwF0ynECZfYpHRQ=
-21,-5,VqgXl4qzKXQZfotdHvzWaWngvPg=,7FBMBUHC841X2l9cKBMRU5z+2m4=
-19,-5,P7x6mbX6FA/2X2ISCUYvS1QNc8c=,jlC1zcaUnNdDC8IlDDQ9bgusC9k=
-20,-5,VqgXl4qzKXQZfotdHvzWaWngvPg=,jlC1zcaUnNdDC8IlDDQ9bgusC9k=
-19,-6,P7x6mbX6FA/2X2ISCUYvS1QNc8c=,jlC1zcaUnNdDC8IlDDQ9bgusC9k=
-18,-5,P7x6mbX6FA/2X2ISCUYvS1QNc8c=,SYp4wy2Zp+qHvE9/JqVMizNvrk0=
-20,-6,dzc8mHwPVndyGz5fiuBfioRAr68=,jlC1zcaUnNdDC8IlDDQ9bgusC9k=
-21,-7,dzc8mHwPVndyGz5fiuBfioRAr68=,pt87bdqSIx6MYcN2Ixkas6xO2a0=
-19,-4,P7x6mbX6FA/2X2ISCUYvS1QNc8c=,MgtOGGRwbwSFVz/syj7JrgQ/iTQ=
-20,-4,VqgXl4qzKXQZfotdHvzWaWngvPg=,MgtOGGRwbwSFVz/syj7JrgQ/iTQ=
-21,-4,VqgXl4qzKXQZfotdHvzWaWngvPg=,2YuU8R+4Y9Hft2qbr02cSyxVWSg=
-18,-6,P7x6mbX6FA/2X2ISCUYvS1QNc8c=,SYp4wy2Zp+qHvE9/JqVMizNvrk0=
-18,-4,P7x6mbX6FA/2X2ISCUYvS1QNc8c=,RmS5ANTI4fCa3RBOSTi9RAb9hUo=
-18,-7,P7x6mbX6FA/2X2ISCUYvS1QNc8c=,bNaIyn7+Ax/tAFMIepq/XYf2dMY=
-19,-17,T6WY6zO+ioBib+X56XSItvRO6dg=,XhT4LTDcbr3noF3hN//6Ce8AG6c=
-17,-17,XfiTzqa7b7ymslT8Sl8GhxLBmzw=,CBIjVej6lLKaoQrpigLE4kkPwJo=
-18,-17,T6WY6zO+ioBib+X56XSItvRO6dg=,CBIjVej6lLKaoQrpigLE4kkPwJo=
-21,-22,T6WY6zO+ioBib+X56XSItvRO6dg=,nCIj5DAFYyhgGE4YdXcOH56pWxc=
-20,-22,T6WY6zO+ioBib+X56XSItvRO6dg=,SYp4wy2Zp+qHvE9/JqVMizNvrk0=
-22,-22,T6WY6zO+ioBib+X56XSItvRO6dg=,nCIj5DAFYyhgGE4YdXcOH56pWxc=
-17,-19,T6WY6zO+ioBib+X56XSItvRO6dg=,NBT62DsfmLRzsaqSiQs5KBOW49A=
-18,-19,T6WY6zO+ioBib+X56XSItvRO6dg=,NBT62DsfmLRzsaqSiQs5KBOW49A=
-17,-22,T6WY6zO+ioBib+X56XSItvRO6dg=,7/xZpbmz1Y1y3MLt7tUWDZ25jF4=
-21,-20,T6WY6zO+ioBib+X56XSItvRO6dg=,2xoaoKa59p5J7VS0Dw2Z7No2bXA=
-21,-19,Y4V0nltDn2NM9PGi+TOcPkqEb18=,2xoaoKa59p5J7VS0Dw2Z7No2bXA=
-18,-22,T6WY6zO+ioBib+X56XSItvRO6dg=,7/xZpbmz1Y1y3MLt7tUWDZ25jF4=
-19,-18,T6WY6zO+ioBib+X56XSItvRO6dg=,XhT4LTDcbr3noF3hN//6Ce8AG6c=
-21,-21,T6WY6zO+ioBib+X56XSItvRO6dg=,nCIj5DAFYyhgGE4YdXcOH56pWxc=
-17,-20,T6WY6zO+ioBib+X56XSItvRO6dg=,NBT62DsfmLRzsaqSiQs5KBOW49A=
-20,-17,T6WY6zO+ioBib+X56XSItvRO6dg=,XhT4LTDcbr3noF3hN//6Ce8AG6c=
-17,-18,T6WY6zO+ioBib+X56XSItvRO6dg=,CBIjVej6lLKaoQrpigLE4kkPwJo=
-20,-21,T6WY6zO+ioBib+X56XSItvRO6dg=,SYp4wy2Zp+qHvE9/JqVMizNvrk0=
-18,-20,Y4V0nltDn2NM9PGi+TOcPkqEb18=,NBT62DsfmLRzsaqSiQs5KBOW49A=
-20,-18,Y4V0nltDn2NM9PGi+TOcPkqEb18=,XhT4LTDcbr3noF3hN//6Ce8AG6c=
-18,-18,Y4V0nltDn2NM9PGi+TOcPkqEb18=,CBIjVej6lLKaoQrpigLE4kkPwJo=
-20,-20,T6WY6zO+ioBib+X56XSItvRO6dg=,cm5meBjacyNIuV93hsWuiWnjdC4=
-19,-21,Y4V0nltDn2NM9PGi+TOcPkqEb18=,SYp4wy2Zp+qHvE9/JqVMizNvrk0=
-19,-22,T6WY6zO+ioBib+X56XSItvRO6dg=,SYp4wy2Zp+qHvE9/JqVMizNvrk0=
-17,-21,T6WY6zO+ioBib+X56XSItvRO6dg=,7/xZpbmz1Y1y3MLt7tUWDZ25jF4=
-19,-19,T6WY6zO+ioBib+X56XSItvRO6dg=,cm5meBjacyNIuV93hsWuiWnjdC4=
-21,-17,T6WY6zO+ioBib+X56XSItvRO6dg=,sSJhhH9Dh1ZFpKiHSZHUlY8Mxl4=
-22,-20,T6WY6zO+ioBib+X56XSItvRO6dg=,2xoaoKa59p5J7VS0Dw2Z7No2bXA=
-18,-21,Y4V0nltDn2NM9PGi+TOcPkqEb18=,7/xZpbmz1Y1y3MLt7tUWDZ25jF4=
-20,-19,Y4V0nltDn2NM9PGi+TOcPkqEb18=,cm5meBjacyNIuV93hsWuiWnjdC4=
-22,-21,T6WY6zO+ioBib+X56XSItvRO6dg=,nCIj5DAFYyhgGE4YdXcOH56pWxc=
-23,-20,T6WY6zO+ioBib+X56XSItvRO6dg=,jvMbWgjpozl8kADlwIRbudR4EB8=
-19,-20,Y4V0nltDn2NM9PGi+TOcPkqEb18=,cm5meBjacyNIuV93hsWuiWnjdC4=
-21,-18,Y4V0nltDn2NM9PGi+TOcPkqEb18=,sSJhhH9Dh1ZFpKiHSZHUlY8Mxl4=
-25,-20,T6WY6zO+ioBib+X56XSItvRO6dg=,4rmGaAsXE42GGn71ImhmOcrrOGM=
-26,-20,T6WY6zO+ioBib+X56XSItvRO6dg=,4rmGaAsXE42GGn71ImhmOcrrOGM=
-28,-17,T6WY6zO+ioBib+X56XSItvRO6dg=,I4Bwt4P+s6qCiQk3d+n4hOgZwsw=
-24,-20,T6WY6zO+ioBib+X56XSItvRO6dg=,jvMbWgjpozl8kADlwIRbudR4EB8=
-28,-18,T6WY6zO+ioBib+X56XSItvRO6dg=,I4Bwt4P+s6qCiQk3d+n4hOgZwsw=
-27,-17,XfiTzqa7b7ymslT8Sl8GhxLBmzw=,I4Bwt4P+s6qCiQk3d+n4hOgZwsw=
-27,-18,XfiTzqa7b7ymslT8Sl8GhxLBmzw=,I4Bwt4P+s6qCiQk3d+n4hOgZwsw=
-26,-17,XfiTzqa7b7ymslT8Sl8GhxLBmzw=,/V4ohIvA4CiP7mzg4i08w1PEwzc=
-26,-18,T6WY6zO+ioBib+X56XSItvRO6dg=,/V4ohIvA4CiP7mzg4i08w1PEwzc=
-26,-19,XfiTzqa7b7ymslT8Sl8GhxLBmzw=,4rmGaAsXE42GGn71ImhmOcrrOGM=
-23,-18,MlEdknMblxCzs1C+ackWMNv60qE=,X1cN//YQ3+pWBQLdFbLHrFsCbK8=
-22,-19,MlEdknMblxCzs1C+ackWMNv60qE=,2xoaoKa59p5J7VS0Dw2Z7No2bXA=
-24,-18,XfiTzqa7b7ymslT8Sl8GhxLBmzw=,X1cN//YQ3+pWBQLdFbLHrFsCbK8=
-23,-19,MlEdknMblxCzs1C+ackWMNv60qE=,jvMbWgjpozl8kADlwIRbudR4EB8=
-23,-17,T6WY6zO+ioBib+X56XSItvRO6dg=,X1cN//YQ3+pWBQLdFbLHrFsCbK8=
-24,-17,XfiTzqa7b7ymslT8Sl8GhxLBmzw=,X1cN//YQ3+pWBQLdFbLHrFsCbK8=
-25,-17,XfiTzqa7b7ymslT8Sl8GhxLBmzw=,/V4ohIvA4CiP7mzg4i08w1PEwzc=
-24,-19,XfiTzqa7b7ymslT8Sl8GhxLBmzw=,jvMbWgjpozl8kADlwIRbudR4EB8=
-22,-17,T6WY6zO+ioBib+X56XSItvRO6dg=,sSJhhH9Dh1ZFpKiHSZHUlY8Mxl4=
-22,-18,MlEdknMblxCzs1C+ackWMNv60qE=,sSJhhH9Dh1ZFpKiHSZHUlY8Mxl4=
-25,-18,XfiTzqa7b7ymslT8Sl8GhxLBmzw=,/V4ohIvA4CiP7mzg4i08w1PEwzc=
-25,-19,XfiTzqa7b7ymslT8Sl8GhxLBmzw=,4rmGaAsXE42GGn71ImhmOcrrOGM=
-15,-22,gLV+N8LfM+AcABB8Yq82+Ub1/1M=,mM8+7t5EuBCdJpaYrmaOf9voAyc=
-16,-22,3e3thrj5sIuqLARUaS/o680zdH8=,mM8+7t5EuBCdJpaYrmaOf9voAyc=
-15,-21,3e3thrj5sIuqLARUaS/o680zdH8=,mM8+7t5EuBCdJpaYrmaOf9voAyc=
-15,-20,3e3thrj5sIuqLARUaS/o680zdH8=,SuUEXzSRDUkYP/7lRiicuG67c8g=
-15,-18,3e3thrj5sIuqLARUaS/o680zdH8=,MviplVc/42j0F4gOuBgxV3OuMo0=
-15,-19,3e3thrj5sIuqLARUaS/o680zdH8=,SuUEXzSRDUkYP/7lRiicuG67c8g=
-15,-17,gLV+N8LfM+AcABB8Yq82+Ub1/1M=,MviplVc/42j0F4gOuBgxV3OuMo0=
-16,-20,3e3thrj5sIuqLARUaS/o680zdH8=,SuUEXzSRDUkYP/7lRiicuG67c8g=
-16,-21,3e3thrj5sIuqLARUaS/o680zdH8=,mM8+7t5EuBCdJpaYrmaOf9voAyc=
-16,-19,3e3thrj5sIuqLARUaS/o680zdH8=,SuUEXzSRDUkYP/7lRiicuG67c8g=
-16,-17,gLV+N8LfM+AcABB8Yq82+Ub1/1M=,MviplVc/42j0F4gOuBgxV3OuMo0=
-16,-18,3e3thrj5sIuqLARUaS/o680zdH8=,MviplVc/42j0F4gOuBgxV3OuMo0=
-6,-17,gLV+N8LfM+AcABB8Yq82+Ub1/1M=,2vQW+jfWRw7xVCuD6rDWQn10L/s=
-6,-22,gLV+N8LfM+AcABB8Yq82+Ub1/1M=,3Fu3HRUIY13lD/A8fMTXpO/2DAk=
-6,-20,gLV+N8LfM+AcABB8Yq82+Ub1/1M=,gTYyCpAsNkq22P/nyQWjesoWjeo=
-6,-18,gLV+N8LfM+AcABB8Yq82+Ub1/1M=,2vQW+jfWRw7xVCuD6rDWQn10L/s=
-6,-19,gLV+N8LfM+AcABB8Yq82+Ub1/1M=,gTYyCpAsNkq22P/nyQWjesoWjeo=
-6,-21,gLV+N8LfM+AcABB8Yq82+Ub1/1M=,3Fu3HRUIY13lD/A8fMTXpO/2DAk=
-5,-22,9F9/i/e1BrUimUkGau1I65guAQ4=,3Fu3HRUIY13lD/A8fMTXpO/2DAk=
-4,-22,9F9/i/e1BrUimUkGau1I65guAQ4=,oGnkVTTa+o5u9auh9mzawIXLHxA=
-3,-22,dkKEvnwig/5Ohm24tpzIe6huVms=,oGnkVTTa+o5u9auh9mzawIXLHxA=
-3,-17,gLV+N8LfM+AcABB8Yq82+Ub1/1M=,/d4UyW1Bb8VjSZ1IAwj5prizOgc=
-4,-17,gLV+N8LfM+AcABB8Yq82+Ub1/1M=,/d4UyW1Bb8VjSZ1IAwj5prizOgc=
-5,-17,gLV+N8LfM+AcABB8Yq82+Ub1/1M=,2vQW+jfWRw7xVCuD6rDWQn10L/s=
-5,-20,gLV+N8LfM+AcABB8Yq82+Ub1/1M=,gTYyCpAsNkq22P/nyQWjesoWjeo=
-5,-18,gLV+N8LfM+AcABB8Yq82+Ub1/1M=,2vQW+jfWRw7xVCuD6rDWQn10L/s=
-3,-19,gLV+N8LfM+AcABB8Yq82+Ub1/1M=,79yvWqW5zztoZwgczDJkaJBcsYk=
-3,-18,9F9/i/e1BrUimUkGau1I65guAQ4=,/d4UyW1Bb8VjSZ1IAwj5prizOgc=
-4,-18,gLV+N8LfM+AcABB8Yq82+Ub1/1M=,/d4UyW1Bb8VjSZ1IAwj5prizOgc=
-3,-21,gLV+N8LfM+AcABB8Yq82+Ub1/1M=,oGnkVTTa+o5u9auh9mzawIXLHxA=
-4,-21,9F9/i/e1BrUimUkGau1I65guAQ4=,oGnkVTTa+o5u9auh9mzawIXLHxA=
-4,-19,gLV+N8LfM+AcABB8Yq82+Ub1/1M=,79yvWqW5zztoZwgczDJkaJBcsYk=
-3,-20,gLV+N8LfM+AcABB8Yq82+Ub1/1M=,79yvWqW5zztoZwgczDJkaJBcsYk=
-5,-19,gLV+N8LfM+AcABB8Yq82+Ub1/1M=,gTYyCpAsNkq22P/nyQWjesoWjeo=
-5,-21,9F9/i/e1BrUimUkGau1I65guAQ4=,3Fu3HRUIY13lD/A8fMTXpO/2DAk=
-4,-20,9F9/i/e1BrUimUkGau1I65guAQ4=,79yvWqW5zztoZwgczDJkaJBcsYk=
-1,-16,wPDLrRS/V1dTim5pkIqi7lBXUJw=,WIz3AZcdQe9VgOwXo7oc00exJiU=
-1,-15,fv1TDSva518x/NhCpYnL7EcpkPQ=,WIz3AZcdQe9VgOwXo7oc00exJiU=
-2,-16,wPDLrRS/V1dTim5pkIqi7lBXUJw=,WIz3AZcdQe9VgOwXo7oc00exJiU=
-2,-15,gOmbs5ERUrOcK/hz70z2ymoUqOY=,WIz3AZcdQe9VgOwXo7oc00exJiU=
-1,-17,gLV+N8LfM+AcABB8Yq82+Ub1/1M=,uxZSeywWqvYV5ejnxFbd3oDdXFo=
-1,-19,gLV+N8LfM+AcABB8Yq82+Ub1/1M=,i+TwyfPfXG1BxoAevMRZqvUA+L0=
-1,-18,gLV+N8LfM+AcABB8Yq82+Ub1/1M=,uxZSeywWqvYV5ejnxFbd3oDdXFo=
-1,-24,gLV+N8LfM+AcABB8Yq82+Ub1/1M=,kF52LW6fsBGO+pzMZW1mGKG08yI=
-1,-23,gLV+N8LfM+AcABB8Yq82+Ub1/1M=,kF52LW6fsBGO+pzMZW1mGKG08yI=
-1,-21,gLV+N8LfM+AcABB8Yq82+Ub1/1M=,uUNR+DVG1a3l0tb0tVB61O+gWh0=
-1,-22,gLV+N8LfM+AcABB8Yq82+Ub1/1M=,uUNR+DVG1a3l0tb0tVB61O+gWh0=
-1,-20,gLV+N8LfM+AcABB8Yq82+Ub1/1M=,i+TwyfPfXG1BxoAevMRZqvUA+L0=
-2,-24,gLV+N8LfM+AcABB8Yq82+Ub1/1M=,kF52LW6fsBGO+pzMZW1mGKG08yI=
-3,-24,gLV+N8LfM+AcABB8Yq82+Ub1/1M=,xWNSrL2vGrqq60RzkM9HP5XdMNc=
-4,-24,9F9/i/e1BrUimUkGau1I65guAQ4=,xWNSrL2vGrqq60RzkM9HP5XdMNc=
-2,-17,gLV+N8LfM+AcABB8Yq82+Ub1/1M=,uxZSeywWqvYV5ejnxFbd3oDdXFo=
-2,-23,dkKEvnwig/5Ohm24tpzIe6huVms=,kF52LW6fsBGO+pzMZW1mGKG08yI=
-2,-21,gLV+N8LfM+AcABB8Yq82+Ub1/1M=,uUNR+DVG1a3l0tb0tVB61O+gWh0=
-2,-22,dkKEvnwig/5Ohm24tpzIe6huVms=,uUNR+DVG1a3l0tb0tVB61O+gWh0=
-3,-23,dkKEvnwig/5Ohm24tpzIe6huVms=,xWNSrL2vGrqq60RzkM9HP5XdMNc=
-2,-18,9F9/i/e1BrUimUkGau1I65guAQ4=,uxZSeywWqvYV5ejnxFbd3oDdXFo=
-4,-23,9F9/i/e1BrUimUkGau1I65guAQ4=,xWNSrL2vGrqq60RzkM9HP5XdMNc=
-2,-19,9F9/i/e1BrUimUkGau1I65guAQ4=,i+TwyfPfXG1BxoAevMRZqvUA+L0=
-2,-20,9F9/i/e1BrUimUkGau1I65guAQ4=,i+TwyfPfXG1BxoAevMRZqvUA+L0=
