82571,12654,IaQbpFqDONoLQekEjCx+ixKENrM=,Or7pglhiujeGryJKLZV1cjmadMM=
82568,12654,IaQbpFqDONoLQekEjCx+ixKENrM=,Jy/2RE0Ld7GiDbBQWMYIcNvosnQ=
82571,12655,IaQbpFqDONoLQekEjCx+ixKENrM=,Or7pglhiujeGryJKLZV1cjmadMM=
82568,12655,IaQbpFqDONoLQekEjCx+ixKENrM=,Jy/2RE0Ld7GiDbBQWMYIcNvosnQ=
82569,12655,IaQbpFqDONoLQekEjCx+ixKENrM=,Jy/2RE0Ld7GiDbBQWMYIcNvosnQ=
82570,12655,IaQbpFqDONoLQekEjCx+ixKENrM=,Or7pglhiujeGryJKLZV1cjmadMM=
82569,12654,IaQbpFqDONoLQekEjCx+ixKENrM=,Jy/2RE0Ld7GiDbBQWMYIcNvosnQ=
82570,12654,IaQbpFqDONoLQekEjCx+ixKENrM=,Or7pglhiujeGryJKLZV1cjmadMM=
82571,12657,IaQbpFqDONoLQekEjCx+ixKENrM=,4mlX1jyXA+uwe0XAqSCQAYhW9nc=
82568,12657,IaQbpFqDONoLQekEjCx+ixKENrM=,KgDoXEQZ7t4eVxS18I6ltY7u3Rs=
82568,12656,IaQbpFqDONoLQekEjCx+ixKENrM=,KgDoXEQZ7t4eVxS18I6ltY7u3Rs=
82571,12656,IaQbpFqDONoLQekEjCx+ixKENrM=,4mlX1jyXA+uwe0XAqSCQAYhW9nc=
82570,12656,IaQbpFqDONoLQekEjCx+ixKENrM=,4mlX1jyXA+uwe0XAqSCQAYhW9nc=
82570,12657,IaQbpFqDONoLQekEjCx+ixKENrM=,4mlX1jyXA+uwe0XAqSCQAYhW9nc=
82569,12656,IaQbpFqDONoLQekEjCx+ixKENrM=,KgDoXEQZ7t4eVxS18I6ltY7u3Rs=
82569,12657,IaQbpFqDONoLQekEjCx+ixKENrM=,KgDoXEQZ7t4eVxS18I6ltY7u3Rs=
