-1,47,/25ZyVaGoCuO8wYuSr8+ypRxQuw=,8eu3EPF8lS+WK3McR6jy3zNtDLg=
-2,47,/25ZyVaGoCuO8wYuSr8+ypRxQuw=,8eu3EPF8lS+WK3McR6jy3zNtDLg=
-5,47,ecsm10lbbaVVmKqur0OulChbg4w=,atIuA+9jBL5h2e0rXr33Jw3ULVA=
-6,47,ecsm10lbbaVVmKqur0OulChbg4w=,atIuA+9jBL5h2e0rXr33Jw3ULVA=
-1,46,/25ZyVaGoCuO8wYuSr8+ypRxQuw=,8eu3EPF8lS+WK3McR6jy3zNtDLg=
-5,46,cEcDZvwo4STO/4pzEuAdJnAM2Jk=,atIuA+9jBL5h2e0rXr33Jw3ULVA=
-2,46,/25ZyVaGoCuO8wYuSr8+ypRxQuw=,8eu3EPF8lS+WK3McR6jy3zNtDLg=
-6,46,ieLLP+vjn39SdOn1ZDEr8izBp88=,atIuA+9jBL5h2e0rXr33Jw3ULVA=
-3,47,fUhqJh3EkfVqejVY436ZNWgqZjs=,8eu3EPF8lS+WK3McR6jy3zNtDLg=
-4,47,l3H64kk/EK62GPIV6wNvKP5VuMM=,8eu3EPF8lS+WK3McR6jy3zNtDLg=
-5,44,ecsm10lbbaVVmKqur0OulChbg4w=,atIuA+9jBL5h2e0rXr33Jw3ULVA=
-3,46,ecsm10lbbaVVmKqur0OulChbg4w=,8eu3EPF8lS+WK3McR6jy3zNtDLg=
-1,44,0UVpoNsl3W+ewt8d2qT8xMqbWTo=,8eu3EPF8lS+WK3McR6jy3zNtDLg=
-6,44,0UVpoNsl3W+ewt8d2qT8xMqbWTo=,atIuA+9jBL5h2e0rXr33Jw3ULVA=
-4,46,l3H64kk/EK62GPIV6wNvKP5VuMM=,8eu3EPF8lS+WK3McR6jy3zNtDLg=
-5,43,CAibNX5v/+gpF7kgTD/fkZhpwVI=,atIuA+9jBL5h2e0rXr33Jw3ULVA=
-1,43,hItds9D77E9nchBIHkt0jB/TJb4=,8eu3EPF8lS+WK3McR6jy3zNtDLg=
-6,43,rlxuAd/W7Y6gMTjN0yedSVMME3U=,atIuA+9jBL5h2e0rXr33Jw3ULVA=
-2,43,rlxuAd/W7Y6gMTjN0yedSVMME3U=,8eu3EPF8lS+WK3McR6jy3zNtDLg=
-2,44,fUhqJh3EkfVqejVY436ZNWgqZjs=,8eu3EPF8lS+WK3McR6jy3zNtDLg=
-3,43,cEcDZvwo4STO/4pzEuAdJnAM2Jk=,8eu3EPF8lS+WK3McR6jy3zNtDLg=
-1,42,ieLLP+vjn39SdOn1ZDEr8izBp88=,8eu3EPF8lS+WK3McR6jy3zNtDLg=
-4,43,ieLLP+vjn39SdOn1ZDEr8izBp88=,8eu3EPF8lS+WK3McR6jy3zNtDLg=
-2,42,rlxuAd/W7Y6gMTjN0yedSVMME3U=,8eu3EPF8lS+WK3McR6jy3zNtDLg=
-1,45,rlxuAd/W7Y6gMTjN0yedSVMME3U=,8eu3EPF8lS+WK3McR6jy3zNtDLg=
-5,42,pwhhSA3LknLGbTlqRnZzuqtxpBQ=,atIuA+9jBL5h2e0rXr33Jw3ULVA=
-2,45,hItds9D77E9nchBIHkt0jB/TJb4=,8eu3EPF8lS+WK3McR6jy3zNtDLg=
-3,42,grrIcuNRJT/zACRvjzBAEDcu29Q=,8eu3EPF8lS+WK3McR6jy3zNtDLg=
-6,42,rlxuAd/W7Y6gMTjN0yedSVMME3U=,atIuA+9jBL5h2e0rXr33Jw3ULVA=
-4,42,pwhhSA3LknLGbTlqRnZzuqtxpBQ=,8eu3EPF8lS+WK3McR6jy3zNtDLg=
-3,44,ecsm10lbbaVVmKqur0OulChbg4w=,8eu3EPF8lS+WK3McR6jy3zNtDLg=
-4,44,t3FMtQNguCd6WG3Il/W4Y0b6F6Q=,8eu3EPF8lS+WK3McR6jy3zNtDLg=
-5,45,YLtMkjW8R6NcsvFrEDlBWrCoXXk=,atIuA+9jBL5h2e0rXr33Jw3ULVA=
-6,45,ieLLP+vjn39SdOn1ZDEr8izBp88=,atIuA+9jBL5h2e0rXr33Jw3ULVA=
-3,45,h8jzex4QPVMwQRMEOC4X+xFsiX0=,8eu3EPF8lS+WK3McR6jy3zNtDLg=
-4,45,h8jzex4QPVMwQRMEOC4X+xFsiX0=,8eu3EPF8lS+WK3McR6jy3zNtDLg=
-5,40,cEcDZvwo4STO/4pzEuAdJnAM2Jk=,atIuA+9jBL5h2e0rXr33Jw3ULVA=
-6,40,rlxuAd/W7Y6gMTjN0yedSVMME3U=,atIuA+9jBL5h2e0rXr33Jw3ULVA=
-1,39,cEcDZvwo4STO/4pzEuAdJnAM2Jk=,58AIbwVfwOhmWjq1+ATKfLTzZ2Y=
-2,39,fUhqJh3EkfVqejVY436ZNWgqZjs=,58AIbwVfwOhmWjq1+ATKfLTzZ2Y=
-3,39,h8jzex4QPVMwQRMEOC4X+xFsiX0=,58AIbwVfwOhmWjq1+ATKfLTzZ2Y=
-5,39,3EOeBVN0e8TeUmPDfw3ozTRF1pQ=,CQOCzULI4Mj280PbIrB4HCJ6sBo=
-4,39,RQNtW4ATORgv/5K3mZbwqpsqc6w=,58AIbwVfwOhmWjq1+ATKfLTzZ2Y=
-6,39,QL7DfSzz3db9Eo9kdT9GbH/7ti8=,CQOCzULI4Mj280PbIrB4HCJ6sBo=
-1,38,cEcDZvwo4STO/4pzEuAdJnAM2Jk=,58AIbwVfwOhmWjq1+ATKfLTzZ2Y=
-2,38,l3H64kk/EK62GPIV6wNvKP5VuMM=,58AIbwVfwOhmWjq1+ATKfLTzZ2Y=
-5,38,NuPkLD9IgUACfK7YkkmxPnBIFqI=,CQOCzULI4Mj280PbIrB4HCJ6sBo=
-6,38,CAibNX5v/+gpF7kgTD/fkZhpwVI=,CQOCzULI4Mj280PbIrB4HCJ6sBo=
-3,38,CAibNX5v/+gpF7kgTD/fkZhpwVI=,58AIbwVfwOhmWjq1+ATKfLTzZ2Y=
-4,38,NuPkLD9IgUACfK7YkkmxPnBIFqI=,58AIbwVfwOhmWjq1+ATKfLTzZ2Y=
-5,32,Wx+NmqojbvdBFSUSPjBcnpKLM9Y=,CQOCzULI4Mj280PbIrB4HCJ6sBo=
-1,41,rlxuAd/W7Y6gMTjN0yedSVMME3U=,8eu3EPF8lS+WK3McR6jy3zNtDLg=
-6,32,Igzh2x5RjiSBYRa4KD4WhIjC3Hc=,CQOCzULI4Mj280PbIrB4HCJ6sBo=
-2,41,pwhhSA3LknLGbTlqRnZzuqtxpBQ=,8eu3EPF8lS+WK3McR6jy3zNtDLg=
-1,34,0UVpoNsl3W+ewt8d2qT8xMqbWTo=,Hiec+HzD97MGMz/X1kL3C1DAXuw=
-3,41,pwhhSA3LknLGbTlqRnZzuqtxpBQ=,8eu3EPF8lS+WK3McR6jy3zNtDLg=
-2,34,pwhhSA3LknLGbTlqRnZzuqtxpBQ=,Hiec+HzD97MGMz/X1kL3C1DAXuw=
-4,41,5dHGsOjLyCHExJ36H5vRz++TN/8=,8eu3EPF8lS+WK3McR6jy3zNtDLg=
-3,34,tF9nyhwvIBOgTPvDIFj2pvyYdQo=,Hiec+HzD97MGMz/X1kL3C1DAXuw=
-1,40,pwhhSA3LknLGbTlqRnZzuqtxpBQ=,8eu3EPF8lS+WK3McR6jy3zNtDLg=
-2,40,pwhhSA3LknLGbTlqRnZzuqtxpBQ=,8eu3EPF8lS+WK3McR6jy3zNtDLg=
-4,34,tF9nyhwvIBOgTPvDIFj2pvyYdQo=,Hiec+HzD97MGMz/X1kL3C1DAXuw=
-5,41,NuPkLD9IgUACfK7YkkmxPnBIFqI=,atIuA+9jBL5h2e0rXr33Jw3ULVA=
-1,33,/25ZyVaGoCuO8wYuSr8+ypRxQuw=,Hiec+HzD97MGMz/X1kL3C1DAXuw=
-2,33,/25ZyVaGoCuO8wYuSr8+ypRxQuw=,Hiec+HzD97MGMz/X1kL3C1DAXuw=
-3,40,pwhhSA3LknLGbTlqRnZzuqtxpBQ=,8eu3EPF8lS+WK3McR6jy3zNtDLg=
-6,41,CAibNX5v/+gpF7kgTD/fkZhpwVI=,atIuA+9jBL5h2e0rXr33Jw3ULVA=
-3,33,Igzh2x5RjiSBYRa4KD4WhIjC3Hc=,Hiec+HzD97MGMz/X1kL3C1DAXuw=
-4,40,rlxuAd/W7Y6gMTjN0yedSVMME3U=,8eu3EPF8lS+WK3McR6jy3zNtDLg=
-4,33,/25ZyVaGoCuO8wYuSr8+ypRxQuw=,Hiec+HzD97MGMz/X1kL3C1DAXuw=
-7,32,/25ZyVaGoCuO8wYuSr8+ypRxQuw=,CQOCzULI4Mj280PbIrB4HCJ6sBo=
-1,32,/25ZyVaGoCuO8wYuSr8+ypRxQuw=,Hiec+HzD97MGMz/X1kL3C1DAXuw=
-8,32,/25ZyVaGoCuO8wYuSr8+ypRxQuw=,CQOCzULI4Mj280PbIrB4HCJ6sBo=
-13,32,Wx+NmqojbvdBFSUSPjBcnpKLM9Y=,qGeqBrDpSDInVpXRJSjZnbdYvZ8=
-9,33,/25ZyVaGoCuO8wYuSr8+ypRxQuw=,wxQT8nXnQRYHCIScwRE8J8PisCM=
-1,37,cEcDZvwo4STO/4pzEuAdJnAM2Jk=,58AIbwVfwOhmWjq1+ATKfLTzZ2Y=
-10,33,/25ZyVaGoCuO8wYuSr8+ypRxQuw=,wxQT8nXnQRYHCIScwRE8J8PisCM=
-14,32,zt7fC88MYJwcRFdw/Hqy5ot4L7k=,qGeqBrDpSDInVpXRJSjZnbdYvZ8=
-2,37,t3FMtQNguCd6WG3Il/W4Y0b6F6Q=,58AIbwVfwOhmWjq1+ATKfLTzZ2Y=
-11,33,/25ZyVaGoCuO8wYuSr8+ypRxQuw=,wxQT8nXnQRYHCIScwRE8J8PisCM=
-9,32,/25ZyVaGoCuO8wYuSr8+ypRxQuw=,wxQT8nXnQRYHCIScwRE8J8PisCM=
-2,32,/25ZyVaGoCuO8wYuSr8+ypRxQuw=,Hiec+HzD97MGMz/X1kL3C1DAXuw=
-15,32,Igzh2x5RjiSBYRa4KD4WhIjC3Hc=,qGeqBrDpSDInVpXRJSjZnbdYvZ8=
-12,33,/25ZyVaGoCuO8wYuSr8+ypRxQuw=,wxQT8nXnQRYHCIScwRE8J8PisCM=
-10,32,/25ZyVaGoCuO8wYuSr8+ypRxQuw=,wxQT8nXnQRYHCIScwRE8J8PisCM=
-3,32,Igzh2x5RjiSBYRa4KD4WhIjC3Hc=,Hiec+HzD97MGMz/X1kL3C1DAXuw=
-16,32,/25ZyVaGoCuO8wYuSr8+ypRxQuw=,qGeqBrDpSDInVpXRJSjZnbdYvZ8=
-13,33,/25ZyVaGoCuO8wYuSr8+ypRxQuw=,qGeqBrDpSDInVpXRJSjZnbdYvZ8=
-5,37,tF9nyhwvIBOgTPvDIFj2pvyYdQo=,CQOCzULI4Mj280PbIrB4HCJ6sBo=
-7,33,/25ZyVaGoCuO8wYuSr8+ypRxQuw=,CQOCzULI4Mj280PbIrB4HCJ6sBo=
-15,33,/25ZyVaGoCuO8wYuSr8+ypRxQuw=,qGeqBrDpSDInVpXRJSjZnbdYvZ8=
-14,33,/25ZyVaGoCuO8wYuSr8+ypRxQuw=,qGeqBrDpSDInVpXRJSjZnbdYvZ8=
-6,37,ayhQvVwX+NnSu6YuECqcqdNwkus=,CQOCzULI4Mj280PbIrB4HCJ6sBo=
-8,33,/25ZyVaGoCuO8wYuSr8+ypRxQuw=,CQOCzULI4Mj280PbIrB4HCJ6sBo=
-16,33,Igzh2x5RjiSBYRa4KD4WhIjC3Hc=,qGeqBrDpSDInVpXRJSjZnbdYvZ8=
-11,32,Wx+NmqojbvdBFSUSPjBcnpKLM9Y=,wxQT8nXnQRYHCIScwRE8J8PisCM=
-3,37,tF9nyhwvIBOgTPvDIFj2pvyYdQo=,58AIbwVfwOhmWjq1+ATKfLTzZ2Y=
-12,32,/25ZyVaGoCuO8wYuSr8+ypRxQuw=,wxQT8nXnQRYHCIScwRE8J8PisCM=
-4,37,tF9nyhwvIBOgTPvDIFj2pvyYdQo=,58AIbwVfwOhmWjq1+ATKfLTzZ2Y=
-5,36,ayhQvVwX+NnSu6YuECqcqdNwkus=,CQOCzULI4Mj280PbIrB4HCJ6sBo=
-6,36,ayhQvVwX+NnSu6YuECqcqdNwkus=,CQOCzULI4Mj280PbIrB4HCJ6sBo=
-4,32,Igzh2x5RjiSBYRa4KD4WhIjC3Hc=,Hiec+HzD97MGMz/X1kL3C1DAXuw=
-1,36,ieLLP+vjn39SdOn1ZDEr8izBp88=,58AIbwVfwOhmWjq1+ATKfLTzZ2Y=
-5,35,tF9nyhwvIBOgTPvDIFj2pvyYdQo=,CQOCzULI4Mj280PbIrB4HCJ6sBo=
-6,35,tF9nyhwvIBOgTPvDIFj2pvyYdQo=,CQOCzULI4Mj280PbIrB4HCJ6sBo=
-5,34,tF9nyhwvIBOgTPvDIFj2pvyYdQo=,CQOCzULI4Mj280PbIrB4HCJ6sBo=
-6,34,tF9nyhwvIBOgTPvDIFj2pvyYdQo=,CQOCzULI4Mj280PbIrB4HCJ6sBo=
-2,36,0UVpoNsl3W+ewt8d2qT8xMqbWTo=,58AIbwVfwOhmWjq1+ATKfLTzZ2Y=
-5,33,Igzh2x5RjiSBYRa4KD4WhIjC3Hc=,CQOCzULI4Mj280PbIrB4HCJ6sBo=
-6,33,Igzh2x5RjiSBYRa4KD4WhIjC3Hc=,CQOCzULI4Mj280PbIrB4HCJ6sBo=
-3,36,tF9nyhwvIBOgTPvDIFj2pvyYdQo=,58AIbwVfwOhmWjq1+ATKfLTzZ2Y=
-4,36,ayhQvVwX+NnSu6YuECqcqdNwkus=,58AIbwVfwOhmWjq1+ATKfLTzZ2Y=
-1,35,0UVpoNsl3W+ewt8d2qT8xMqbWTo=,Hiec+HzD97MGMz/X1kL3C1DAXuw=
-2,35,5dHGsOjLyCHExJ36H5vRz++TN/8=,Hiec+HzD97MGMz/X1kL3C1DAXuw=
-3,35,tF9nyhwvIBOgTPvDIFj2pvyYdQo=,Hiec+HzD97MGMz/X1kL3C1DAXuw=
-4,35,tF9nyhwvIBOgTPvDIFj2pvyYdQo=,Hiec+HzD97MGMz/X1kL3C1DAXuw=
-15,36,pOkOPH1NzFHbdYyR6Gqwns8FCNo=,qGeqBrDpSDInVpXRJSjZnbdYvZ8=
-16,36,79jubuh6Fpfxk0q8WMyzSsU/hAw=,qGeqBrDpSDInVpXRJSjZnbdYvZ8=
-15,35,IEWXNzXh+/71VHsa9iVdTSaJnbY=,qGeqBrDpSDInVpXRJSjZnbdYvZ8=
-16,35,pOkOPH1NzFHbdYyR6Gqwns8FCNo=,qGeqBrDpSDInVpXRJSjZnbdYvZ8=
-9,34,plx7Bd95GBQV1HIq5cjUEe+X+XA=,wxQT8nXnQRYHCIScwRE8J8PisCM=
-15,34,IEWXNzXh+/71VHsa9iVdTSaJnbY=,qGeqBrDpSDInVpXRJSjZnbdYvZ8=
-16,34,t3FMtQNguCd6WG3Il/W4Y0b6F6Q=,qGeqBrDpSDInVpXRJSjZnbdYvZ8=
-10,34,plx7Bd95GBQV1HIq5cjUEe+X+XA=,wxQT8nXnQRYHCIScwRE8J8PisCM=
-11,34,eH4wbDjEASARASDtzr0oAebY1qQ=,wxQT8nXnQRYHCIScwRE8J8PisCM=
-15,37,pOkOPH1NzFHbdYyR6Gqwns8FCNo=,qGeqBrDpSDInVpXRJSjZnbdYvZ8=
-13,36,kW4v+riiR7FyFiA6wxpn/S02QuQ=,qGeqBrDpSDInVpXRJSjZnbdYvZ8=
-9,39,NuPkLD9IgUACfK7YkkmxPnBIFqI=,0GEJIwbPeYleUnBN7LNhDEWXKzQ=
-16,37,IEWXNzXh+/71VHsa9iVdTSaJnbY=,qGeqBrDpSDInVpXRJSjZnbdYvZ8=
-9,37,plx7Bd95GBQV1HIq5cjUEe+X+XA=,0GEJIwbPeYleUnBN7LNhDEWXKzQ=
-7,40,R2eaXOXn+0EsoEnlg573/B/RXoE=,atIuA+9jBL5h2e0rXr33Jw3ULVA=
-13,38,wogV1iTA2hf1G21+1oSSMev0nFw=,qGeqBrDpSDInVpXRJSjZnbdYvZ8=
-10,37,6nXUXu2JZkrQhUnSFR2Q8B+f+pY=,0GEJIwbPeYleUnBN7LNhDEWXKzQ=
-14,38,DhGvcAsnkGNEZCLDbADGR1XnrA0=,qGeqBrDpSDInVpXRJSjZnbdYvZ8=
-8,40,JLTbO2w1ZbjuQ8ycEzLeN763DTk=,atIuA+9jBL5h2e0rXr33Jw3ULVA=
-12,34,F7o2QSH+EcKJhW4dIfgWEDayg6M=,wxQT8nXnQRYHCIScwRE8J8PisCM=
-11,39,GWpMD6QB7RK3wjZXV9KxzN8+YD8=,0GEJIwbPeYleUnBN7LNhDEWXKzQ=
-10,39,h8jzex4QPVMwQRMEOC4X+xFsiX0=,0GEJIwbPeYleUnBN7LNhDEWXKzQ=
-11,41,GWpMD6QB7RK3wjZXV9KxzN8+YD8=,tmRqs0eUhD13zrtcu411G59Ia2k=
-14,36,eH4wbDjEASARASDtzr0oAebY1qQ=,qGeqBrDpSDInVpXRJSjZnbdYvZ8=
-9,41,rlxuAd/W7Y6gMTjN0yedSVMME3U=,tmRqs0eUhD13zrtcu411G59Ia2k=
-12,41,GWpMD6QB7RK3wjZXV9KxzN8+YD8=,tmRqs0eUhD13zrtcu411G59Ia2k=
-11,37,F7o2QSH+EcKJhW4dIfgWEDayg6M=,0GEJIwbPeYleUnBN7LNhDEWXKzQ=
-10,41,hItds9D77E9nchBIHkt0jB/TJb4=,tmRqs0eUhD13zrtcu411G59Ia2k=
-12,37,kW4v+riiR7FyFiA6wxpn/S02QuQ=,0GEJIwbPeYleUnBN7LNhDEWXKzQ=
-12,39,wogV1iTA2hf1G21+1oSSMev0nFw=,0GEJIwbPeYleUnBN7LNhDEWXKzQ=
-9,40,rlxuAd/W7Y6gMTjN0yedSVMME3U=,tmRqs0eUhD13zrtcu411G59Ia2k=
-11,40,GWpMD6QB7RK3wjZXV9KxzN8+YD8=,tmRqs0eUhD13zrtcu411G59Ia2k=
-9,36,plx7Bd95GBQV1HIq5cjUEe+X+XA=,0GEJIwbPeYleUnBN7LNhDEWXKzQ=
-10,40,mpkkGLGzfiPJuMQHCk1rxRHHA38=,tmRqs0eUhD13zrtcu411G59Ia2k=
-12,40,0561Tcv1aqlhSrpuT0wz0C3lWxk=,tmRqs0eUhD13zrtcu411G59Ia2k=
-13,35,kW4v+riiR7FyFiA6wxpn/S02QuQ=,qGeqBrDpSDInVpXRJSjZnbdYvZ8=
-9,44,mpkkGLGzfiPJuMQHCk1rxRHHA38=,tmRqs0eUhD13zrtcu411G59Ia2k=
-13,41,0561Tcv1aqlhSrpuT0wz0C3lWxk=,e7Bzo2+1xey1WY8HUROQEWVf21o=
-7,39,grrIcuNRJT/zACRvjzBAEDcu29Q=,CQOCzULI4Mj280PbIrB4HCJ6sBo=
-14,35,kW4v+riiR7FyFiA6wxpn/S02QuQ=,qGeqBrDpSDInVpXRJSjZnbdYvZ8=
-10,44,h8jzex4QPVMwQRMEOC4X+xFsiX0=,tmRqs0eUhD13zrtcu411G59Ia2k=
-14,41,GWpMD6QB7RK3wjZXV9KxzN8+YD8=,e7Bzo2+1xey1WY8HUROQEWVf21o=
-8,39,CAibNX5v/+gpF7kgTD/fkZhpwVI=,CQOCzULI4Mj280PbIrB4HCJ6sBo=
-9,35,plx7Bd95GBQV1HIq5cjUEe+X+XA=,wxQT8nXnQRYHCIScwRE8J8PisCM=
-9,43,ZCjG5HWmbBXsieL05FFsUj9lxA4=,tmRqs0eUhD13zrtcu411G59Ia2k=
-13,40,F7o2QSH+EcKJhW4dIfgWEDayg6M=,e7Bzo2+1xey1WY8HUROQEWVf21o=
-7,38,RQNtW4ATORgv/5K3mZbwqpsqc6w=,CQOCzULI4Mj280PbIrB4HCJ6sBo=
-10,35,plx7Bd95GBQV1HIq5cjUEe+X+XA=,wxQT8nXnQRYHCIScwRE8J8PisCM=
-10,43,0UVpoNsl3W+ewt8d2qT8xMqbWTo=,tmRqs0eUhD13zrtcu411G59Ia2k=
-14,40,GWpMD6QB7RK3wjZXV9KxzN8+YD8=,e7Bzo2+1xey1WY8HUROQEWVf21o=
-8,38,R2eaXOXn+0EsoEnlg573/B/RXoE=,CQOCzULI4Mj280PbIrB4HCJ6sBo=
-7,37,eH4wbDjEASARASDtzr0oAebY1qQ=,CQOCzULI4Mj280PbIrB4HCJ6sBo=
-9,42,fUhqJh3EkfVqejVY436ZNWgqZjs=,tmRqs0eUhD13zrtcu411G59Ia2k=
-13,39,GWpMD6QB7RK3wjZXV9KxzN8+YD8=,qGeqBrDpSDInVpXRJSjZnbdYvZ8=
-9,38,3EOeBVN0e8TeUmPDfw3ozTRF1pQ=,0GEJIwbPeYleUnBN7LNhDEWXKzQ=
-8,37,6nXUXu2JZkrQhUnSFR2Q8B+f+pY=,CQOCzULI4Mj280PbIrB4HCJ6sBo=
-14,39,DhGvcAsnkGNEZCLDbADGR1XnrA0=,qGeqBrDpSDInVpXRJSjZnbdYvZ8=
-10,42,0UVpoNsl3W+ewt8d2qT8xMqbWTo=,tmRqs0eUhD13zrtcu411G59Ia2k=
-10,38,R2eaXOXn+0EsoEnlg573/B/RXoE=,0GEJIwbPeYleUnBN7LNhDEWXKzQ=
-13,34,kW4v+riiR7FyFiA6wxpn/S02QuQ=,qGeqBrDpSDInVpXRJSjZnbdYvZ8=
-11,38,GWpMD6QB7RK3wjZXV9KxzN8+YD8=,0GEJIwbPeYleUnBN7LNhDEWXKzQ=
-9,46,0UVpoNsl3W+ewt8d2qT8xMqbWTo=,tmRqs0eUhD13zrtcu411G59Ia2k=
-7,41,CAibNX5v/+gpF7kgTD/fkZhpwVI=,atIuA+9jBL5h2e0rXr33Jw3ULVA=
-14,34,kW4v+riiR7FyFiA6wxpn/S02QuQ=,qGeqBrDpSDInVpXRJSjZnbdYvZ8=
-12,38,DhGvcAsnkGNEZCLDbADGR1XnrA0=,0GEJIwbPeYleUnBN7LNhDEWXKzQ=
-8,41,h8jzex4QPVMwQRMEOC4X+xFsiX0=,atIuA+9jBL5h2e0rXr33Jw3ULVA=
-10,36,plx7Bd95GBQV1HIq5cjUEe+X+XA=,0GEJIwbPeYleUnBN7LNhDEWXKzQ=
-10,46,ieLLP+vjn39SdOn1ZDEr8izBp88=,tmRqs0eUhD13zrtcu411G59Ia2k=
-7,36,eH4wbDjEASARASDtzr0oAebY1qQ=,CQOCzULI4Mj280PbIrB4HCJ6sBo=
-7,44,MuLSTvY1vr0nX8VbP+Y0w0FKtEc=,atIuA+9jBL5h2e0rXr33Jw3ULVA=
-8,36,plx7Bd95GBQV1HIq5cjUEe+X+XA=,CQOCzULI4Mj280PbIrB4HCJ6sBo=
-8,44,MuLSTvY1vr0nX8VbP+Y0w0FKtEc=,atIuA+9jBL5h2e0rXr33Jw3ULVA=
-7,35,plx7Bd95GBQV1HIq5cjUEe+X+XA=,CQOCzULI4Mj280PbIrB4HCJ6sBo=
-7,47,rlxuAd/W7Y6gMTjN0yedSVMME3U=,atIuA+9jBL5h2e0rXr33Jw3ULVA=
-11,36,eH4wbDjEASARASDtzr0oAebY1qQ=,0GEJIwbPeYleUnBN7LNhDEWXKzQ=
-9,45,hItds9D77E9nchBIHkt0jB/TJb4=,tmRqs0eUhD13zrtcu411G59Ia2k=
-8,35,eH4wbDjEASARASDtzr0oAebY1qQ=,CQOCzULI4Mj280PbIrB4HCJ6sBo=
-8,47,h8jzex4QPVMwQRMEOC4X+xFsiX0=,atIuA+9jBL5h2e0rXr33Jw3ULVA=
-12,36,eH4wbDjEASARASDtzr0oAebY1qQ=,0GEJIwbPeYleUnBN7LNhDEWXKzQ=
-15,38,pOkOPH1NzFHbdYyR6Gqwns8FCNo=,qGeqBrDpSDInVpXRJSjZnbdYvZ8=
-7,43,ieLLP+vjn39SdOn1ZDEr8izBp88=,atIuA+9jBL5h2e0rXr33Jw3ULVA=
-7,34,plx7Bd95GBQV1HIq5cjUEe+X+XA=,CQOCzULI4Mj280PbIrB4HCJ6sBo=
-16,38,IEWXNzXh+/71VHsa9iVdTSaJnbY=,qGeqBrDpSDInVpXRJSjZnbdYvZ8=
-10,45,h8jzex4QPVMwQRMEOC4X+xFsiX0=,tmRqs0eUhD13zrtcu411G59Ia2k=
-11,35,eH4wbDjEASARASDtzr0oAebY1qQ=,wxQT8nXnQRYHCIScwRE8J8PisCM=
-15,41,zt7fC88MYJwcRFdw/Hqy5ot4L7k=,e7Bzo2+1xey1WY8HUROQEWVf21o=
-8,43,5dHGsOjLyCHExJ36H5vRz++TN/8=,atIuA+9jBL5h2e0rXr33Jw3ULVA=
-8,34,plx7Bd95GBQV1HIq5cjUEe+X+XA=,CQOCzULI4Mj280PbIrB4HCJ6sBo=
-16,41,zt7fC88MYJwcRFdw/Hqy5ot4L7k=,e7Bzo2+1xey1WY8HUROQEWVf21o=
-7,46,ZCjG5HWmbBXsieL05FFsUj9lxA4=,atIuA+9jBL5h2e0rXr33Jw3ULVA=
-11,44,NuPkLD9IgUACfK7YkkmxPnBIFqI=,tmRqs0eUhD13zrtcu411G59Ia2k=
-13,37,eH4wbDjEASARASDtzr0oAebY1qQ=,qGeqBrDpSDInVpXRJSjZnbdYvZ8=
-15,40,zzXUcdxdNB5KVz5DgSCiKiFB7+c=,e7Bzo2+1xey1WY8HUROQEWVf21o=
-8,46,pwhhSA3LknLGbTlqRnZzuqtxpBQ=,atIuA+9jBL5h2e0rXr33Jw3ULVA=
-12,44,NuPkLD9IgUACfK7YkkmxPnBIFqI=,tmRqs0eUhD13zrtcu411G59Ia2k=
-14,37,F7o2QSH+EcKJhW4dIfgWEDayg6M=,qGeqBrDpSDInVpXRJSjZnbdYvZ8=
-16,40,zzXUcdxdNB5KVz5DgSCiKiFB7+c=,e7Bzo2+1xey1WY8HUROQEWVf21o=
-7,42,cEcDZvwo4STO/4pzEuAdJnAM2Jk=,atIuA+9jBL5h2e0rXr33Jw3ULVA=
-13,46,fUhqJh3EkfVqejVY436ZNWgqZjs=,N8mNMt81BUlK2CdinwkejTpsyuU=
-12,35,GWpMD6QB7RK3wjZXV9KxzN8+YD8=,wxQT8nXnQRYHCIScwRE8J8PisCM=
-8,42,ZCjG5HWmbBXsieL05FFsUj9lxA4=,atIuA+9jBL5h2e0rXr33Jw3ULVA=
-15,39,pOkOPH1NzFHbdYyR6Gqwns8FCNo=,qGeqBrDpSDInVpXRJSjZnbdYvZ8=
-11,43,NuPkLD9IgUACfK7YkkmxPnBIFqI=,tmRqs0eUhD13zrtcu411G59Ia2k=
-16,39,fUhqJh3EkfVqejVY436ZNWgqZjs=,qGeqBrDpSDInVpXRJSjZnbdYvZ8=
-9,47,ecsm10lbbaVVmKqur0OulChbg4w=,tmRqs0eUhD13zrtcu411G59Ia2k=
-14,46,ecsm10lbbaVVmKqur0OulChbg4w=,N8mNMt81BUlK2CdinwkejTpsyuU=
-7,45,MuLSTvY1vr0nX8VbP+Y0w0FKtEc=,atIuA+9jBL5h2e0rXr33Jw3ULVA=
-12,43,mpkkGLGzfiPJuMQHCk1rxRHHA38=,tmRqs0eUhD13zrtcu411G59Ia2k=
-8,45,QL7DfSzz3db9Eo9kdT9GbH/7ti8=,atIuA+9jBL5h2e0rXr33Jw3ULVA=
-15,46,zzXUcdxdNB5KVz5DgSCiKiFB7+c=,N8mNMt81BUlK2CdinwkejTpsyuU=
-10,47,ieLLP+vjn39SdOn1ZDEr8izBp88=,tmRqs0eUhD13zrtcu411G59Ia2k=
-16,46,zzXUcdxdNB5KVz5DgSCiKiFB7+c=,N8mNMt81BUlK2CdinwkejTpsyuU=
-11,42,RQNtW4ATORgv/5K3mZbwqpsqc6w=,tmRqs0eUhD13zrtcu411G59Ia2k=
-12,42,NuPkLD9IgUACfK7YkkmxPnBIFqI=,tmRqs0eUhD13zrtcu411G59Ia2k=
-13,45,R2eaXOXn+0EsoEnlg573/B/RXoE=,N8mNMt81BUlK2CdinwkejTpsyuU=
-14,45,RQNtW4ATORgv/5K3mZbwqpsqc6w=,N8mNMt81BUlK2CdinwkejTpsyuU=
-13,44,RQNtW4ATORgv/5K3mZbwqpsqc6w=,N8mNMt81BUlK2CdinwkejTpsyuU=
-14,44,NuPkLD9IgUACfK7YkkmxPnBIFqI=,N8mNMt81BUlK2CdinwkejTpsyuU=
-15,44,zzXUcdxdNB5KVz5DgSCiKiFB7+c=,N8mNMt81BUlK2CdinwkejTpsyuU=
-16,44,Igzh2x5RjiSBYRa4KD4WhIjC3Hc=,N8mNMt81BUlK2CdinwkejTpsyuU=
-13,43,mpkkGLGzfiPJuMQHCk1rxRHHA38=,e7Bzo2+1xey1WY8HUROQEWVf21o=
-13,42,h8jzex4QPVMwQRMEOC4X+xFsiX0=,e7Bzo2+1xey1WY8HUROQEWVf21o=
-14,42,NuPkLD9IgUACfK7YkkmxPnBIFqI=,e7Bzo2+1xey1WY8HUROQEWVf21o=
-15,42,Wx+NmqojbvdBFSUSPjBcnpKLM9Y=,e7Bzo2+1xey1WY8HUROQEWVf21o=
-16,42,IEWXNzXh+/71VHsa9iVdTSaJnbY=,e7Bzo2+1xey1WY8HUROQEWVf21o=
-11,46,0UVpoNsl3W+ewt8d2qT8xMqbWTo=,tmRqs0eUhD13zrtcu411G59Ia2k=
-14,43,mpkkGLGzfiPJuMQHCk1rxRHHA38=,e7Bzo2+1xey1WY8HUROQEWVf21o=
-12,46,ieLLP+vjn39SdOn1ZDEr8izBp88=,tmRqs0eUhD13zrtcu411G59Ia2k=
-15,45,zt7fC88MYJwcRFdw/Hqy5ot4L7k=,N8mNMt81BUlK2CdinwkejTpsyuU=
-13,47,t3FMtQNguCd6WG3Il/W4Y0b6F6Q=,N8mNMt81BUlK2CdinwkejTpsyuU=
-14,47,IEWXNzXh+/71VHsa9iVdTSaJnbY=,N8mNMt81BUlK2CdinwkejTpsyuU=
-15,43,Igzh2x5RjiSBYRa4KD4WhIjC3Hc=,e7Bzo2+1xey1WY8HUROQEWVf21o=
-16,45,zzXUcdxdNB5KVz5DgSCiKiFB7+c=,N8mNMt81BUlK2CdinwkejTpsyuU=
-16,43,fUhqJh3EkfVqejVY436ZNWgqZjs=,e7Bzo2+1xey1WY8HUROQEWVf21o=
-15,47,zt7fC88MYJwcRFdw/Hqy5ot4L7k=,N8mNMt81BUlK2CdinwkejTpsyuU=
-16,47,fUhqJh3EkfVqejVY436ZNWgqZjs=,N8mNMt81BUlK2CdinwkejTpsyuU=
-11,45,NuPkLD9IgUACfK7YkkmxPnBIFqI=,tmRqs0eUhD13zrtcu411G59Ia2k=
-12,45,R2eaXOXn+0EsoEnlg573/B/RXoE=,tmRqs0eUhD13zrtcu411G59Ia2k=
-11,47,ecsm10lbbaVVmKqur0OulChbg4w=,tmRqs0eUhD13zrtcu411G59Ia2k=
-12,47,79jubuh6Fpfxk0q8WMyzSsU/hAw=,tmRqs0eUhD13zrtcu411G59Ia2k=
-15,55,TO79hCRbZWzsVC99M8VfDVx612I=,N8mNMt81BUlK2CdinwkejTpsyuU=
-16,55,tdIeDqsa56qMDf+0pWPAhneQfCE=,N8mNMt81BUlK2CdinwkejTpsyuU=
-15,54,On74eDNj5KAcNyI12QBo5K8twuY=,N8mNMt81BUlK2CdinwkejTpsyuU=
-16,54,TO79hCRbZWzsVC99M8VfDVx612I=,N8mNMt81BUlK2CdinwkejTpsyuU=
-11,55,/4eDxt8+JftxBWpvz8I23zka6wA=,+BS0MUmXEz1dJ8u3m8/6W6K3jB8=
-12,55,/4eDxt8+JftxBWpvz8I23zka6wA=,+BS0MUmXEz1dJ8u3m8/6W6K3jB8=
-11,54,jLjXTPa+d/nKNyBh3w3x456slkM=,+BS0MUmXEz1dJ8u3m8/6W6K3jB8=
-12,54,On74eDNj5KAcNyI12QBo5K8twuY=,+BS0MUmXEz1dJ8u3m8/6W6K3jB8=
-13,55,/4eDxt8+JftxBWpvz8I23zka6wA=,N8mNMt81BUlK2CdinwkejTpsyuU=
-14,55,TO79hCRbZWzsVC99M8VfDVx612I=,N8mNMt81BUlK2CdinwkejTpsyuU=
-13,54,On74eDNj5KAcNyI12QBo5K8twuY=,N8mNMt81BUlK2CdinwkejTpsyuU=
-14,54,On74eDNj5KAcNyI12QBo5K8twuY=,N8mNMt81BUlK2CdinwkejTpsyuU=
-7,54,jLjXTPa+d/nKNyBh3w3x456slkM=,x0wcuoQdpkpdtOyNWG9NFAlGDFk=
-8,54,jLjXTPa+d/nKNyBh3w3x456slkM=,x0wcuoQdpkpdtOyNWG9NFAlGDFk=
-9,55,/4eDxt8+JftxBWpvz8I23zka6wA=,+BS0MUmXEz1dJ8u3m8/6W6K3jB8=
-10,55,/4eDxt8+JftxBWpvz8I23zka6wA=,+BS0MUmXEz1dJ8u3m8/6W6K3jB8=
-9,54,jLjXTPa+d/nKNyBh3w3x456slkM=,+BS0MUmXEz1dJ8u3m8/6W6K3jB8=
-10,54,jLjXTPa+d/nKNyBh3w3x456slkM=,+BS0MUmXEz1dJ8u3m8/6W6K3jB8=
-7,55,/4eDxt8+JftxBWpvz8I23zka6wA=,x0wcuoQdpkpdtOyNWG9NFAlGDFk=
-8,55,/4eDxt8+JftxBWpvz8I23zka6wA=,x0wcuoQdpkpdtOyNWG9NFAlGDFk=
-15,52,/4eDxt8+JftxBWpvz8I23zka6wA=,N8mNMt81BUlK2CdinwkejTpsyuU=
-16,52,/4eDxt8+JftxBWpvz8I23zka6wA=,N8mNMt81BUlK2CdinwkejTpsyuU=
-15,48,qcgePvumr1EA4NRHcpBukyBhCUs=,N8mNMt81BUlK2CdinwkejTpsyuU=
-16,48,qcgePvumr1EA4NRHcpBukyBhCUs=,N8mNMt81BUlK2CdinwkejTpsyuU=
-15,51,fy16CDNU+/dQsjKJ5RQB9FqE2eU=,N8mNMt81BUlK2CdinwkejTpsyuU=
-16,51,/4eDxt8+JftxBWpvz8I23zka6wA=,N8mNMt81BUlK2CdinwkejTpsyuU=
-5,54,IikY2K7a9McpZN/S/lyEvc6IyRA=,x0wcuoQdpkpdtOyNWG9NFAlGDFk=
-15,50,fy16CDNU+/dQsjKJ5RQB9FqE2eU=,N8mNMt81BUlK2CdinwkejTpsyuU=
-6,54,jLjXTPa+d/nKNyBh3w3x456slkM=,x0wcuoQdpkpdtOyNWG9NFAlGDFk=
-5,55,/4eDxt8+JftxBWpvz8I23zka6wA=,x0wcuoQdpkpdtOyNWG9NFAlGDFk=
-16,50,qcgePvumr1EA4NRHcpBukyBhCUs=,N8mNMt81BUlK2CdinwkejTpsyuU=
-6,55,/4eDxt8+JftxBWpvz8I23zka6wA=,x0wcuoQdpkpdtOyNWG9NFAlGDFk=
-13,52,TO79hCRbZWzsVC99M8VfDVx612I=,N8mNMt81BUlK2CdinwkejTpsyuU=
-15,53,On74eDNj5KAcNyI12QBo5K8twuY=,N8mNMt81BUlK2CdinwkejTpsyuU=
-14,52,TO79hCRbZWzsVC99M8VfDVx612I=,N8mNMt81BUlK2CdinwkejTpsyuU=
-11,52,TO79hCRbZWzsVC99M8VfDVx612I=,+BS0MUmXEz1dJ8u3m8/6W6K3jB8=
-15,49,qcgePvumr1EA4NRHcpBukyBhCUs=,N8mNMt81BUlK2CdinwkejTpsyuU=
-12,52,TO79hCRbZWzsVC99M8VfDVx612I=,+BS0MUmXEz1dJ8u3m8/6W6K3jB8=
-16,53,/4eDxt8+JftxBWpvz8I23zka6wA=,N8mNMt81BUlK2CdinwkejTpsyuU=
-13,48,qcgePvumr1EA4NRHcpBukyBhCUs=,N8mNMt81BUlK2CdinwkejTpsyuU=
-16,49,qcgePvumr1EA4NRHcpBukyBhCUs=,N8mNMt81BUlK2CdinwkejTpsyuU=
-11,51,fy16CDNU+/dQsjKJ5RQB9FqE2eU=,+BS0MUmXEz1dJ8u3m8/6W6K3jB8=
-9,52,IikY2K7a9McpZN/S/lyEvc6IyRA=,+BS0MUmXEz1dJ8u3m8/6W6K3jB8=
-5,48,fy16CDNU+/dQsjKJ5RQB9FqE2eU=,x0wcuoQdpkpdtOyNWG9NFAlGDFk=
-1,49,fy16CDNU+/dQsjKJ5RQB9FqE2eU=,NohdyrRbYYlISGkDnZsrvF4vkSU=
-10,52,IikY2K7a9McpZN/S/lyEvc6IyRA=,+BS0MUmXEz1dJ8u3m8/6W6K3jB8=
-12,51,yGmSJm9AUNzW52jNkwtoshg8M/Y=,+BS0MUmXEz1dJ8u3m8/6W6K3jB8=
-6,48,fy16CDNU+/dQsjKJ5RQB9FqE2eU=,x0wcuoQdpkpdtOyNWG9NFAlGDFk=
-2,49,IikY2K7a9McpZN/S/lyEvc6IyRA=,NohdyrRbYYlISGkDnZsrvF4vkSU=
-5,53,IikY2K7a9McpZN/S/lyEvc6IyRA=,x0wcuoQdpkpdtOyNWG9NFAlGDFk=
-3,49,IikY2K7a9McpZN/S/lyEvc6IyRA=,NohdyrRbYYlISGkDnZsrvF4vkSU=
-1,48,qcgePvumr1EA4NRHcpBukyBhCUs=,NohdyrRbYYlISGkDnZsrvF4vkSU=
-14,48,qcgePvumr1EA4NRHcpBukyBhCUs=,N8mNMt81BUlK2CdinwkejTpsyuU=
-6,53,jLjXTPa+d/nKNyBh3w3x456slkM=,x0wcuoQdpkpdtOyNWG9NFAlGDFk=
-4,49,IikY2K7a9McpZN/S/lyEvc6IyRA=,NohdyrRbYYlISGkDnZsrvF4vkSU=
-2,48,qcgePvumr1EA4NRHcpBukyBhCUs=,NohdyrRbYYlISGkDnZsrvF4vkSU=
-9,51,TO79hCRbZWzsVC99M8VfDVx612I=,+BS0MUmXEz1dJ8u3m8/6W6K3jB8=
-13,51,tdIeDqsa56qMDf+0pWPAhneQfCE=,N8mNMt81BUlK2CdinwkejTpsyuU=
-5,49,IikY2K7a9McpZN/S/lyEvc6IyRA=,x0wcuoQdpkpdtOyNWG9NFAlGDFk=
-1,51,fy16CDNU+/dQsjKJ5RQB9FqE2eU=,NohdyrRbYYlISGkDnZsrvF4vkSU=
-2,51,IikY2K7a9McpZN/S/lyEvc6IyRA=,NohdyrRbYYlISGkDnZsrvF4vkSU=
-1,50,fy16CDNU+/dQsjKJ5RQB9FqE2eU=,NohdyrRbYYlISGkDnZsrvF4vkSU=
-2,50,IikY2K7a9McpZN/S/lyEvc6IyRA=,NohdyrRbYYlISGkDnZsrvF4vkSU=
-3,48,qcgePvumr1EA4NRHcpBukyBhCUs=,NohdyrRbYYlISGkDnZsrvF4vkSU=
-14,51,yGmSJm9AUNzW52jNkwtoshg8M/Y=,N8mNMt81BUlK2CdinwkejTpsyuU=
-10,51,TO79hCRbZWzsVC99M8VfDVx612I=,+BS0MUmXEz1dJ8u3m8/6W6K3jB8=
-13,50,/4eDxt8+JftxBWpvz8I23zka6wA=,N8mNMt81BUlK2CdinwkejTpsyuU=
-4,48,fy16CDNU+/dQsjKJ5RQB9FqE2eU=,NohdyrRbYYlISGkDnZsrvF4vkSU=
-7,53,jLjXTPa+d/nKNyBh3w3x456slkM=,x0wcuoQdpkpdtOyNWG9NFAlGDFk=
-8,53,jLjXTPa+d/nKNyBh3w3x456slkM=,x0wcuoQdpkpdtOyNWG9NFAlGDFk=
-5,52,IikY2K7a9McpZN/S/lyEvc6IyRA=,x0wcuoQdpkpdtOyNWG9NFAlGDFk=
-6,49,On74eDNj5KAcNyI12QBo5K8twuY=,x0wcuoQdpkpdtOyNWG9NFAlGDFk=
-14,50,/4eDxt8+JftxBWpvz8I23zka6wA=,N8mNMt81BUlK2CdinwkejTpsyuU=
-6,52,On74eDNj5KAcNyI12QBo5K8twuY=,x0wcuoQdpkpdtOyNWG9NFAlGDFk=
-9,50,TO79hCRbZWzsVC99M8VfDVx612I=,+BS0MUmXEz1dJ8u3m8/6W6K3jB8=
-13,49,qcgePvumr1EA4NRHcpBukyBhCUs=,N8mNMt81BUlK2CdinwkejTpsyuU=
-7,52,On74eDNj5KAcNyI12QBo5K8twuY=,x0wcuoQdpkpdtOyNWG9NFAlGDFk=
-11,50,/4eDxt8+JftxBWpvz8I23zka6wA=,+BS0MUmXEz1dJ8u3m8/6W6K3jB8=
-10,50,qul3J8jz8+Pvr1LcK+XtFbajVgQ=,+BS0MUmXEz1dJ8u3m8/6W6K3jB8=
-8,52,IikY2K7a9McpZN/S/lyEvc6IyRA=,x0wcuoQdpkpdtOyNWG9NFAlGDFk=
-3,51,IikY2K7a9McpZN/S/lyEvc6IyRA=,NohdyrRbYYlISGkDnZsrvF4vkSU=
-4,51,IikY2K7a9McpZN/S/lyEvc6IyRA=,NohdyrRbYYlISGkDnZsrvF4vkSU=
-5,51,IikY2K7a9McpZN/S/lyEvc6IyRA=,x0wcuoQdpkpdtOyNWG9NFAlGDFk=
-12,50,/4eDxt8+JftxBWpvz8I23zka6wA=,+BS0MUmXEz1dJ8u3m8/6W6K3jB8=
-6,51,On74eDNj5KAcNyI12QBo5K8twuY=,x0wcuoQdpkpdtOyNWG9NFAlGDFk=
-14,49,qcgePvumr1EA4NRHcpBukyBhCUs=,N8mNMt81BUlK2CdinwkejTpsyuU=
-7,51,On74eDNj5KAcNyI12QBo5K8twuY=,x0wcuoQdpkpdtOyNWG9NFAlGDFk=
-11,49,qcgePvumr1EA4NRHcpBukyBhCUs=,+BS0MUmXEz1dJ8u3m8/6W6K3jB8=
-8,51,IikY2K7a9McpZN/S/lyEvc6IyRA=,x0wcuoQdpkpdtOyNWG9NFAlGDFk=
-5,50,IikY2K7a9McpZN/S/lyEvc6IyRA=,x0wcuoQdpkpdtOyNWG9NFAlGDFk=
-12,49,qcgePvumr1EA4NRHcpBukyBhCUs=,+BS0MUmXEz1dJ8u3m8/6W6K3jB8=
-3,50,IikY2K7a9McpZN/S/lyEvc6IyRA=,NohdyrRbYYlISGkDnZsrvF4vkSU=
-13,53,On74eDNj5KAcNyI12QBo5K8twuY=,N8mNMt81BUlK2CdinwkejTpsyuU=
-6,50,On74eDNj5KAcNyI12QBo5K8twuY=,x0wcuoQdpkpdtOyNWG9NFAlGDFk=
-11,53,jLjXTPa+d/nKNyBh3w3x456slkM=,+BS0MUmXEz1dJ8u3m8/6W6K3jB8=
-4,50,IikY2K7a9McpZN/S/lyEvc6IyRA=,NohdyrRbYYlISGkDnZsrvF4vkSU=
-14,53,On74eDNj5KAcNyI12QBo5K8twuY=,N8mNMt81BUlK2CdinwkejTpsyuU=
-12,53,On74eDNj5KAcNyI12QBo5K8twuY=,+BS0MUmXEz1dJ8u3m8/6W6K3jB8=
-9,49,fy16CDNU+/dQsjKJ5RQB9FqE2eU=,+BS0MUmXEz1dJ8u3m8/6W6K3jB8=
-11,48,qcgePvumr1EA4NRHcpBukyBhCUs=,+BS0MUmXEz1dJ8u3m8/6W6K3jB8=
-10,49,qcgePvumr1EA4NRHcpBukyBhCUs=,+BS0MUmXEz1dJ8u3m8/6W6K3jB8=
-12,48,qcgePvumr1EA4NRHcpBukyBhCUs=,+BS0MUmXEz1dJ8u3m8/6W6K3jB8=
-7,50,On74eDNj5KAcNyI12QBo5K8twuY=,x0wcuoQdpkpdtOyNWG9NFAlGDFk=
-8,50,IikY2K7a9McpZN/S/lyEvc6IyRA=,x0wcuoQdpkpdtOyNWG9NFAlGDFk=
-7,48,tdIeDqsa56qMDf+0pWPAhneQfCE=,x0wcuoQdpkpdtOyNWG9NFAlGDFk=
-8,48,tdIeDqsa56qMDf+0pWPAhneQfCE=,x0wcuoQdpkpdtOyNWG9NFAlGDFk=
-9,53,jLjXTPa+d/nKNyBh3w3x456slkM=,+BS0MUmXEz1dJ8u3m8/6W6K3jB8=
-10,53,jLjXTPa+d/nKNyBh3w3x456slkM=,+BS0MUmXEz1dJ8u3m8/6W6K3jB8=
-9,48,qcgePvumr1EA4NRHcpBukyBhCUs=,+BS0MUmXEz1dJ8u3m8/6W6K3jB8=
-10,48,qcgePvumr1EA4NRHcpBukyBhCUs=,+BS0MUmXEz1dJ8u3m8/6W6K3jB8=
-7,49,On74eDNj5KAcNyI12QBo5K8twuY=,x0wcuoQdpkpdtOyNWG9NFAlGDFk=
-8,49,IikY2K7a9McpZN/S/lyEvc6IyRA=,x0wcuoQdpkpdtOyNWG9NFAlGDFk=
-27,46,NhfPTGcIq/zAAmZkdT0hL7PtlxU=,zpbPVgHz+gdInLzCS9jJhdludtk=
-28,46,NhfPTGcIq/zAAmZkdT0hL7PtlxU=,zpbPVgHz+gdInLzCS9jJhdludtk=
-27,47,iEuTuxOXsGK8lkDIh5EY6kbBOW0=,zpbPVgHz+gdInLzCS9jJhdludtk=
-28,47,NhfPTGcIq/zAAmZkdT0hL7PtlxU=,zpbPVgHz+gdInLzCS9jJhdludtk=
-17,47,op/w5DzWRsR0MHBfVqxV7H6V6Bs=,krflJv2cFbfsB/E6nkAheu/fN8w=
-18,47,NhfPTGcIq/zAAmZkdT0hL7PtlxU=,krflJv2cFbfsB/E6nkAheu/fN8w=
-17,46,NhfPTGcIq/zAAmZkdT0hL7PtlxU=,krflJv2cFbfsB/E6nkAheu/fN8w=
-18,46,iEuTuxOXsGK8lkDIh5EY6kbBOW0=,krflJv2cFbfsB/E6nkAheu/fN8w=
-25,46,iEuTuxOXsGK8lkDIh5EY6kbBOW0=,zpbPVgHz+gdInLzCS9jJhdludtk=
-26,46,iEuTuxOXsGK8lkDIh5EY6kbBOW0=,zpbPVgHz+gdInLzCS9jJhdludtk=
-21,47,x7C/r4n2JIntml/e3KamtVoCQg0=,ZCu1E0fMPvoLB1nHOznD7NvGxLQ=
-22,47,U9l1lJPJ/USrgMytuZbqMhG0O5g=,ZCu1E0fMPvoLB1nHOznD7NvGxLQ=
-23,47,woq+5/1SzPuiK4D6FbQBOYAL86M=,ZCu1E0fMPvoLB1nHOznD7NvGxLQ=
-24,47,woq+5/1SzPuiK4D6FbQBOYAL86M=,ZCu1E0fMPvoLB1nHOznD7NvGxLQ=
-21,46,gHj9U+wSnQicTDHYAMc+5+CK0PE=,ZCu1E0fMPvoLB1nHOznD7NvGxLQ=
-22,46,U9l1lJPJ/USrgMytuZbqMhG0O5g=,ZCu1E0fMPvoLB1nHOznD7NvGxLQ=
-23,46,woq+5/1SzPuiK4D6FbQBOYAL86M=,ZCu1E0fMPvoLB1nHOznD7NvGxLQ=
-24,46,woq+5/1SzPuiK4D6FbQBOYAL86M=,ZCu1E0fMPvoLB1nHOznD7NvGxLQ=
-19,47,U9l1lJPJ/USrgMytuZbqMhG0O5g=,krflJv2cFbfsB/E6nkAheu/fN8w=
-20,47,U9l1lJPJ/USrgMytuZbqMhG0O5g=,krflJv2cFbfsB/E6nkAheu/fN8w=
-19,46,U9l1lJPJ/USrgMytuZbqMhG0O5g=,krflJv2cFbfsB/E6nkAheu/fN8w=
-20,46,U9l1lJPJ/USrgMytuZbqMhG0O5g=,krflJv2cFbfsB/E6nkAheu/fN8w=
-25,47,iEuTuxOXsGK8lkDIh5EY6kbBOW0=,zpbPVgHz+gdInLzCS9jJhdludtk=
-26,47,iEuTuxOXsGK8lkDIh5EY6kbBOW0=,zpbPVgHz+gdInLzCS9jJhdludtk=
-25,45,Z0+1VUf8PZCk4YFxFoHwz/wcrgs=,zpbPVgHz+gdInLzCS9jJhdludtk=
-26,45,Z0+1VUf8PZCk4YFxFoHwz/wcrgs=,zpbPVgHz+gdInLzCS9jJhdludtk=
-25,44,Z0+1VUf8PZCk4YFxFoHwz/wcrgs=,zpbPVgHz+gdInLzCS9jJhdludtk=
-26,44,Z0+1VUf8PZCk4YFxFoHwz/wcrgs=,zpbPVgHz+gdInLzCS9jJhdludtk=
-25,43,Z0+1VUf8PZCk4YFxFoHwz/wcrgs=,zpbPVgHz+gdInLzCS9jJhdludtk=
-23,45,mmKK4K+VjYkObh5GRtsxmhB6IP8=,ZCu1E0fMPvoLB1nHOznD7NvGxLQ=
-26,43,Z0+1VUf8PZCk4YFxFoHwz/wcrgs=,zpbPVgHz+gdInLzCS9jJhdludtk=
-24,45,Z0+1VUf8PZCk4YFxFoHwz/wcrgs=,ZCu1E0fMPvoLB1nHOznD7NvGxLQ=
-23,44,mmKK4K+VjYkObh5GRtsxmhB6IP8=,ZCu1E0fMPvoLB1nHOznD7NvGxLQ=
-17,43,x7C/r4n2JIntml/e3KamtVoCQg0=,noDYAH2F31/z7V5zebFMutj2bFQ=
-24,44,Z0+1VUf8PZCk4YFxFoHwz/wcrgs=,ZCu1E0fMPvoLB1nHOznD7NvGxLQ=
-18,43,U9l1lJPJ/USrgMytuZbqMhG0O5g=,noDYAH2F31/z7V5zebFMutj2bFQ=
-25,42,mmKK4K+VjYkObh5GRtsxmhB6IP8=,zpbPVgHz+gdInLzCS9jJhdludtk=
-21,45,FTLBesY8a0RTrdFf51pgtCNVwUQ=,ZCu1E0fMPvoLB1nHOznD7NvGxLQ=
-23,43,mmKK4K+VjYkObh5GRtsxmhB6IP8=,ZCu1E0fMPvoLB1nHOznD7NvGxLQ=
-24,43,FTLBesY8a0RTrdFf51pgtCNVwUQ=,ZCu1E0fMPvoLB1nHOznD7NvGxLQ=
-22,45,FTLBesY8a0RTrdFf51pgtCNVwUQ=,ZCu1E0fMPvoLB1nHOznD7NvGxLQ=
-26,42,mmKK4K+VjYkObh5GRtsxmhB6IP8=,zpbPVgHz+gdInLzCS9jJhdludtk=
-19,43,3/mEFPlhNtlLmJ2NUjoAd/6wHJw=,noDYAH2F31/z7V5zebFMutj2bFQ=
-23,42,mmKK4K+VjYkObh5GRtsxmhB6IP8=,ZCu1E0fMPvoLB1nHOznD7NvGxLQ=
-20,43,3/mEFPlhNtlLmJ2NUjoAd/6wHJw=,noDYAH2F31/z7V5zebFMutj2bFQ=
-24,42,FTLBesY8a0RTrdFf51pgtCNVwUQ=,ZCu1E0fMPvoLB1nHOznD7NvGxLQ=
-17,42,U9l1lJPJ/USrgMytuZbqMhG0O5g=,noDYAH2F31/z7V5zebFMutj2bFQ=
-21,44,FTLBesY8a0RTrdFf51pgtCNVwUQ=,ZCu1E0fMPvoLB1nHOznD7NvGxLQ=
-18,42,U9l1lJPJ/USrgMytuZbqMhG0O5g=,noDYAH2F31/z7V5zebFMutj2bFQ=
-22,44,FTLBesY8a0RTrdFf51pgtCNVwUQ=,ZCu1E0fMPvoLB1nHOznD7NvGxLQ=
-19,42,sJkNad+/JkZbkFHB9XQ4MCHLmaw=,noDYAH2F31/z7V5zebFMutj2bFQ=
-20,42,sJkNad+/JkZbkFHB9XQ4MCHLmaw=,noDYAH2F31/z7V5zebFMutj2bFQ=
-21,43,sJkNad+/JkZbkFHB9XQ4MCHLmaw=,ZCu1E0fMPvoLB1nHOznD7NvGxLQ=
-22,43,FTLBesY8a0RTrdFf51pgtCNVwUQ=,ZCu1E0fMPvoLB1nHOznD7NvGxLQ=
-21,42,sJkNad+/JkZbkFHB9XQ4MCHLmaw=,ZCu1E0fMPvoLB1nHOznD7NvGxLQ=
-22,42,sJkNad+/JkZbkFHB9XQ4MCHLmaw=,ZCu1E0fMPvoLB1nHOznD7NvGxLQ=
-17,45,NhfPTGcIq/zAAmZkdT0hL7PtlxU=,krflJv2cFbfsB/E6nkAheu/fN8w=
-18,45,U9l1lJPJ/USrgMytuZbqMhG0O5g=,krflJv2cFbfsB/E6nkAheu/fN8w=
-19,45,3/mEFPlhNtlLmJ2NUjoAd/6wHJw=,krflJv2cFbfsB/E6nkAheu/fN8w=
-20,45,sJkNad+/JkZbkFHB9XQ4MCHLmaw=,krflJv2cFbfsB/E6nkAheu/fN8w=
-17,44,NhfPTGcIq/zAAmZkdT0hL7PtlxU=,krflJv2cFbfsB/E6nkAheu/fN8w=
-18,44,U9l1lJPJ/USrgMytuZbqMhG0O5g=,krflJv2cFbfsB/E6nkAheu/fN8w=
-19,44,3/mEFPlhNtlLmJ2NUjoAd/6wHJw=,krflJv2cFbfsB/E6nkAheu/fN8w=
-20,44,sJkNad+/JkZbkFHB9XQ4MCHLmaw=,krflJv2cFbfsB/E6nkAheu/fN8w=
-17,39,U9l1lJPJ/USrgMytuZbqMhG0O5g=,ouHA7fVdywDJwEl5SO29II6F8Vc=
-18,39,iEuTuxOXsGK8lkDIh5EY6kbBOW0=,ouHA7fVdywDJwEl5SO29II6F8Vc=
-19,39,FTLBesY8a0RTrdFf51pgtCNVwUQ=,ouHA7fVdywDJwEl5SO29II6F8Vc=
-20,39,Z0+1VUf8PZCk4YFxFoHwz/wcrgs=,ouHA7fVdywDJwEl5SO29II6F8Vc=
-17,38,NhfPTGcIq/zAAmZkdT0hL7PtlxU=,ouHA7fVdywDJwEl5SO29II6F8Vc=
-18,38,iEuTuxOXsGK8lkDIh5EY6kbBOW0=,ouHA7fVdywDJwEl5SO29II6F8Vc=
-19,38,Z0+1VUf8PZCk4YFxFoHwz/wcrgs=,ouHA7fVdywDJwEl5SO29II6F8Vc=
-20,38,mmKK4K+VjYkObh5GRtsxmhB6IP8=,ouHA7fVdywDJwEl5SO29II6F8Vc=
-21,39,D5bkMa/miw2UTJGlEatEnSnO99E=,4W42ouYaZBatx5Ls9yqmraPMQaY=
-22,39,JFmC6zWfF4xwNL589Wn08a5utU4=,4W42ouYaZBatx5Ls9yqmraPMQaY=
-25,33,U9l1lJPJ/USrgMytuZbqMhG0O5g=,ArF3qMls1aWI5PJU7wksiuLorZ0=
-21,38,1PcubnpKmFrCfjyKAWQ+xqtRMDU=,4W42ouYaZBatx5Ls9yqmraPMQaY=
-23,33,+i308kNg0yvN9UBjvCYOOtKkLQA=,4W42ouYaZBatx5Ls9yqmraPMQaY=
-24,33,U9l1lJPJ/USrgMytuZbqMhG0O5g=,4W42ouYaZBatx5Ls9yqmraPMQaY=
-22,38,1PcubnpKmFrCfjyKAWQ+xqtRMDU=,4W42ouYaZBatx5Ls9yqmraPMQaY=
-26,33,U9l1lJPJ/USrgMytuZbqMhG0O5g=,ArF3qMls1aWI5PJU7wksiuLorZ0=
-29,33,iEuTuxOXsGK8lkDIh5EY6kbBOW0=,ldsy+9AFNqSlgBVBqnJFk+ytQnE=
-25,32,iEuTuxOXsGK8lkDIh5EY6kbBOW0=,ArF3qMls1aWI5PJU7wksiuLorZ0=
-17,41,iEuTuxOXsGK8lkDIh5EY6kbBOW0=,noDYAH2F31/z7V5zebFMutj2bFQ=
-30,33,iEuTuxOXsGK8lkDIh5EY6kbBOW0=,ldsy+9AFNqSlgBVBqnJFk+ytQnE=
-31,33,U9l1lJPJ/USrgMytuZbqMhG0O5g=,ldsy+9AFNqSlgBVBqnJFk+ytQnE=
-26,32,iEuTuxOXsGK8lkDIh5EY6kbBOW0=,ArF3qMls1aWI5PJU7wksiuLorZ0=
-32,33,U9l1lJPJ/USrgMytuZbqMhG0O5g=,ldsy+9AFNqSlgBVBqnJFk+ytQnE=
-23,32,+i308kNg0yvN9UBjvCYOOtKkLQA=,4W42ouYaZBatx5Ls9yqmraPMQaY=
-18,41,iEuTuxOXsGK8lkDIh5EY6kbBOW0=,noDYAH2F31/z7V5zebFMutj2bFQ=
-29,32,iEuTuxOXsGK8lkDIh5EY6kbBOW0=,ldsy+9AFNqSlgBVBqnJFk+ytQnE=
-24,32,iEuTuxOXsGK8lkDIh5EY6kbBOW0=,4W42ouYaZBatx5Ls9yqmraPMQaY=
-19,41,FTLBesY8a0RTrdFf51pgtCNVwUQ=,noDYAH2F31/z7V5zebFMutj2bFQ=
-17,37,woq+5/1SzPuiK4D6FbQBOYAL86M=,ouHA7fVdywDJwEl5SO29II6F8Vc=
-31,35,U9l1lJPJ/USrgMytuZbqMhG0O5g=,ldsy+9AFNqSlgBVBqnJFk+ytQnE=
-30,32,iEuTuxOXsGK8lkDIh5EY6kbBOW0=,ldsy+9AFNqSlgBVBqnJFk+ytQnE=
-32,35,NhfPTGcIq/zAAmZkdT0hL7PtlxU=,ldsy+9AFNqSlgBVBqnJFk+ytQnE=
-31,34,U9l1lJPJ/USrgMytuZbqMhG0O5g=,ldsy+9AFNqSlgBVBqnJFk+ytQnE=
-31,32,NhfPTGcIq/zAAmZkdT0hL7PtlxU=,ldsy+9AFNqSlgBVBqnJFk+ytQnE=
-20,41,Z0+1VUf8PZCk4YFxFoHwz/wcrgs=,noDYAH2F31/z7V5zebFMutj2bFQ=
-18,37,iEuTuxOXsGK8lkDIh5EY6kbBOW0=,ouHA7fVdywDJwEl5SO29II6F8Vc=
-32,32,NhfPTGcIq/zAAmZkdT0hL7PtlxU=,ldsy+9AFNqSlgBVBqnJFk+ytQnE=
-32,34,U9l1lJPJ/USrgMytuZbqMhG0O5g=,ldsy+9AFNqSlgBVBqnJFk+ytQnE=
-27,33,iEuTuxOXsGK8lkDIh5EY6kbBOW0=,ArF3qMls1aWI5PJU7wksiuLorZ0=
-19,37,k7CB3JowVw97MrKsPFq2EVUF4hs=,ouHA7fVdywDJwEl5SO29II6F8Vc=
-21,41,1PcubnpKmFrCfjyKAWQ+xqtRMDU=,ZCu1E0fMPvoLB1nHOznD7NvGxLQ=
-28,33,iEuTuxOXsGK8lkDIh5EY6kbBOW0=,ArF3qMls1aWI5PJU7wksiuLorZ0=
-27,45,NhfPTGcIq/zAAmZkdT0hL7PtlxU=,zpbPVgHz+gdInLzCS9jJhdludtk=
-20,37,k7CB3JowVw97MrKsPFq2EVUF4hs=,ouHA7fVdywDJwEl5SO29II6F8Vc=
-27,32,woq+5/1SzPuiK4D6FbQBOYAL86M=,ArF3qMls1aWI5PJU7wksiuLorZ0=
-28,45,NhfPTGcIq/zAAmZkdT0hL7PtlxU=,zpbPVgHz+gdInLzCS9jJhdludtk=
-22,41,1PcubnpKmFrCfjyKAWQ+xqtRMDU=,ZCu1E0fMPvoLB1nHOznD7NvGxLQ=
-27,44,1PcubnpKmFrCfjyKAWQ+xqtRMDU=,zpbPVgHz+gdInLzCS9jJhdludtk=
-17,36,iEuTuxOXsGK8lkDIh5EY6kbBOW0=,ouHA7fVdywDJwEl5SO29II6F8Vc=
-28,32,woq+5/1SzPuiK4D6FbQBOYAL86M=,ArF3qMls1aWI5PJU7wksiuLorZ0=
-28,44,NhfPTGcIq/zAAmZkdT0hL7PtlxU=,zpbPVgHz+gdInLzCS9jJhdludtk=
-21,40,JFmC6zWfF4xwNL589Wn08a5utU4=,ZCu1E0fMPvoLB1nHOznD7NvGxLQ=
-27,43,1PcubnpKmFrCfjyKAWQ+xqtRMDU=,zpbPVgHz+gdInLzCS9jJhdludtk=
-18,36,NhfPTGcIq/zAAmZkdT0hL7PtlxU=,ouHA7fVdywDJwEl5SO29II6F8Vc=
-25,40,JFmC6zWfF4xwNL589Wn08a5utU4=,zpbPVgHz+gdInLzCS9jJhdludtk=
-28,43,NhfPTGcIq/zAAmZkdT0hL7PtlxU=,zpbPVgHz+gdInLzCS9jJhdludtk=
-22,40,1PcubnpKmFrCfjyKAWQ+xqtRMDU=,ZCu1E0fMPvoLB1nHOznD7NvGxLQ=
-19,36,k7CB3JowVw97MrKsPFq2EVUF4hs=,ouHA7fVdywDJwEl5SO29II6F8Vc=
-26,40,1PcubnpKmFrCfjyKAWQ+xqtRMDU=,zpbPVgHz+gdInLzCS9jJhdludtk=
-27,42,1PcubnpKmFrCfjyKAWQ+xqtRMDU=,zpbPVgHz+gdInLzCS9jJhdludtk=
-28,42,JFmC6zWfF4xwNL589Wn08a5utU4=,zpbPVgHz+gdInLzCS9jJhdludtk=
-25,37,oxXnL7Yi/Xi1f3iUjHD4w9mFnFQ=,0ufBMsRudiIhNWMGZR1MR0vCtLg=
-20,36,k7CB3JowVw97MrKsPFq2EVUF4hs=,ouHA7fVdywDJwEl5SO29II6F8Vc=
-26,37,oxXnL7Yi/Xi1f3iUjHD4w9mFnFQ=,0ufBMsRudiIhNWMGZR1MR0vCtLg=
-17,40,op/w5DzWRsR0MHBfVqxV7H6V6Bs=,noDYAH2F31/z7V5zebFMutj2bFQ=
-27,37,ZErwyQHcOFdsPUyEmEDHv6LGF4s=,0ufBMsRudiIhNWMGZR1MR0vCtLg=
-28,37,ZErwyQHcOFdsPUyEmEDHv6LGF4s=,0ufBMsRudiIhNWMGZR1MR0vCtLg=
-18,40,iEuTuxOXsGK8lkDIh5EY6kbBOW0=,noDYAH2F31/z7V5zebFMutj2bFQ=
-17,35,op/w5DzWRsR0MHBfVqxV7H6V6Bs=,ouHA7fVdywDJwEl5SO29II6F8Vc=
-27,40,1PcubnpKmFrCfjyKAWQ+xqtRMDU=,zpbPVgHz+gdInLzCS9jJhdludtk=
-28,40,U9l1lJPJ/USrgMytuZbqMhG0O5g=,zpbPVgHz+gdInLzCS9jJhdludtk=
-18,35,NhfPTGcIq/zAAmZkdT0hL7PtlxU=,ouHA7fVdywDJwEl5SO29II6F8Vc=
-19,40,Z0+1VUf8PZCk4YFxFoHwz/wcrgs=,noDYAH2F31/z7V5zebFMutj2bFQ=
-25,36,oxXnL7Yi/Xi1f3iUjHD4w9mFnFQ=,0ufBMsRudiIhNWMGZR1MR0vCtLg=
-21,37,k7CB3JowVw97MrKsPFq2EVUF4hs=,4W42ouYaZBatx5Ls9yqmraPMQaY=
-20,40,mmKK4K+VjYkObh5GRtsxmhB6IP8=,noDYAH2F31/z7V5zebFMutj2bFQ=
-26,36,oxXnL7Yi/Xi1f3iUjHD4w9mFnFQ=,0ufBMsRudiIhNWMGZR1MR0vCtLg=
-19,35,k7CB3JowVw97MrKsPFq2EVUF4hs=,ouHA7fVdywDJwEl5SO29II6F8Vc=
-23,39,Z0+1VUf8PZCk4YFxFoHwz/wcrgs=,4W42ouYaZBatx5Ls9yqmraPMQaY=
-20,35,k7CB3JowVw97MrKsPFq2EVUF4hs=,ouHA7fVdywDJwEl5SO29II6F8Vc=
-25,39,oxXnL7Yi/Xi1f3iUjHD4w9mFnFQ=,0ufBMsRudiIhNWMGZR1MR0vCtLg=
-17,34,NhfPTGcIq/zAAmZkdT0hL7PtlxU=,ouHA7fVdywDJwEl5SO29II6F8Vc=
-26,39,oxXnL7Yi/Xi1f3iUjHD4w9mFnFQ=,0ufBMsRudiIhNWMGZR1MR0vCtLg=
-24,39,JFmC6zWfF4xwNL589Wn08a5utU4=,4W42ouYaZBatx5Ls9yqmraPMQaY=
-18,34,NhfPTGcIq/zAAmZkdT0hL7PtlxU=,ouHA7fVdywDJwEl5SO29II6F8Vc=
-22,37,MIbfe3yGWL+tggU3xWFMncMWjDc=,4W42ouYaZBatx5Ls9yqmraPMQaY=
-23,38,Z0+1VUf8PZCk4YFxFoHwz/wcrgs=,4W42ouYaZBatx5Ls9yqmraPMQaY=
-21,36,k7CB3JowVw97MrKsPFq2EVUF4hs=,4W42ouYaZBatx5Ls9yqmraPMQaY=
-24,38,D5bkMa/miw2UTJGlEatEnSnO99E=,4W42ouYaZBatx5Ls9yqmraPMQaY=
-22,36,MIbfe3yGWL+tggU3xWFMncMWjDc=,4W42ouYaZBatx5Ls9yqmraPMQaY=
-27,36,ZErwyQHcOFdsPUyEmEDHv6LGF4s=,0ufBMsRudiIhNWMGZR1MR0vCtLg=
-28,36,oxXnL7Yi/Xi1f3iUjHD4w9mFnFQ=,0ufBMsRudiIhNWMGZR1MR0vCtLg=
-27,39,+dBHJ4ToCFKyhNJUrplNfKQ5WY4=,0ufBMsRudiIhNWMGZR1MR0vCtLg=
-28,39,+dBHJ4ToCFKyhNJUrplNfKQ5WY4=,0ufBMsRudiIhNWMGZR1MR0vCtLg=
-25,35,U9l1lJPJ/USrgMytuZbqMhG0O5g=,ArF3qMls1aWI5PJU7wksiuLorZ0=
-26,35,U9l1lJPJ/USrgMytuZbqMhG0O5g=,ArF3qMls1aWI5PJU7wksiuLorZ0=
-19,34,k7CB3JowVw97MrKsPFq2EVUF4hs=,ouHA7fVdywDJwEl5SO29II6F8Vc=
-23,37,MIbfe3yGWL+tggU3xWFMncMWjDc=,4W42ouYaZBatx5Ls9yqmraPMQaY=
-24,37,D5bkMa/miw2UTJGlEatEnSnO99E=,4W42ouYaZBatx5Ls9yqmraPMQaY=
-23,36,MIbfe3yGWL+tggU3xWFMncMWjDc=,4W42ouYaZBatx5Ls9yqmraPMQaY=
-20,34,k7CB3JowVw97MrKsPFq2EVUF4hs=,ouHA7fVdywDJwEl5SO29II6F8Vc=
-24,36,U9l1lJPJ/USrgMytuZbqMhG0O5g=,4W42ouYaZBatx5Ls9yqmraPMQaY=
-21,35,k7CB3JowVw97MrKsPFq2EVUF4hs=,4W42ouYaZBatx5Ls9yqmraPMQaY=
-27,35,U9l1lJPJ/USrgMytuZbqMhG0O5g=,ArF3qMls1aWI5PJU7wksiuLorZ0=
-22,35,MIbfe3yGWL+tggU3xWFMncMWjDc=,4W42ouYaZBatx5Ls9yqmraPMQaY=
-23,35,MIbfe3yGWL+tggU3xWFMncMWjDc=,4W42ouYaZBatx5Ls9yqmraPMQaY=
-17,33,woq+5/1SzPuiK4D6FbQBOYAL86M=,ouHA7fVdywDJwEl5SO29II6F8Vc=
-28,35,U9l1lJPJ/USrgMytuZbqMhG0O5g=,ArF3qMls1aWI5PJU7wksiuLorZ0=
-24,35,U9l1lJPJ/USrgMytuZbqMhG0O5g=,4W42ouYaZBatx5Ls9yqmraPMQaY=
-25,38,oxXnL7Yi/Xi1f3iUjHD4w9mFnFQ=,0ufBMsRudiIhNWMGZR1MR0vCtLg=
-26,38,oxXnL7Yi/Xi1f3iUjHD4w9mFnFQ=,0ufBMsRudiIhNWMGZR1MR0vCtLg=
-18,33,iEuTuxOXsGK8lkDIh5EY6kbBOW0=,ouHA7fVdywDJwEl5SO29II6F8Vc=
-21,34,k7CB3JowVw97MrKsPFq2EVUF4hs=,4W42ouYaZBatx5Ls9yqmraPMQaY=
-29,35,U9l1lJPJ/USrgMytuZbqMhG0O5g=,ldsy+9AFNqSlgBVBqnJFk+ytQnE=
-22,34,+i308kNg0yvN9UBjvCYOOtKkLQA=,4W42ouYaZBatx5Ls9yqmraPMQaY=
-30,35,U9l1lJPJ/USrgMytuZbqMhG0O5g=,ldsy+9AFNqSlgBVBqnJFk+ytQnE=
-23,34,+i308kNg0yvN9UBjvCYOOtKkLQA=,4W42ouYaZBatx5Ls9yqmraPMQaY=
-24,34,U9l1lJPJ/USrgMytuZbqMhG0O5g=,4W42ouYaZBatx5Ls9yqmraPMQaY=
-25,34,U9l1lJPJ/USrgMytuZbqMhG0O5g=,ArF3qMls1aWI5PJU7wksiuLorZ0=
-19,33,k7CB3JowVw97MrKsPFq2EVUF4hs=,ouHA7fVdywDJwEl5SO29II6F8Vc=
-26,34,U9l1lJPJ/USrgMytuZbqMhG0O5g=,ArF3qMls1aWI5PJU7wksiuLorZ0=
-27,34,U9l1lJPJ/USrgMytuZbqMhG0O5g=,ArF3qMls1aWI5PJU7wksiuLorZ0=
-20,33,k7CB3JowVw97MrKsPFq2EVUF4hs=,ouHA7fVdywDJwEl5SO29II6F8Vc=
-28,34,U9l1lJPJ/USrgMytuZbqMhG0O5g=,ArF3qMls1aWI5PJU7wksiuLorZ0=
-23,41,JFmC6zWfF4xwNL589Wn08a5utU4=,ZCu1E0fMPvoLB1nHOznD7NvGxLQ=
-17,32,iEuTuxOXsGK8lkDIh5EY6kbBOW0=,ouHA7fVdywDJwEl5SO29II6F8Vc=
-18,32,iEuTuxOXsGK8lkDIh5EY6kbBOW0=,ouHA7fVdywDJwEl5SO29II6F8Vc=
-24,41,JFmC6zWfF4xwNL589Wn08a5utU4=,ZCu1E0fMPvoLB1nHOznD7NvGxLQ=
-27,38,+dBHJ4ToCFKyhNJUrplNfKQ5WY4=,0ufBMsRudiIhNWMGZR1MR0vCtLg=
-19,32,x7C/r4n2JIntml/e3KamtVoCQg0=,ouHA7fVdywDJwEl5SO29II6F8Vc=
-28,38,+dBHJ4ToCFKyhNJUrplNfKQ5WY4=,0ufBMsRudiIhNWMGZR1MR0vCtLg=
-20,32,x7C/r4n2JIntml/e3KamtVoCQg0=,ouHA7fVdywDJwEl5SO29II6F8Vc=
-21,33,k7CB3JowVw97MrKsPFq2EVUF4hs=,4W42ouYaZBatx5Ls9yqmraPMQaY=
-22,33,+i308kNg0yvN9UBjvCYOOtKkLQA=,4W42ouYaZBatx5Ls9yqmraPMQaY=
-23,40,Z0+1VUf8PZCk4YFxFoHwz/wcrgs=,ZCu1E0fMPvoLB1nHOznD7NvGxLQ=
-21,32,x7C/r4n2JIntml/e3KamtVoCQg0=,4W42ouYaZBatx5Ls9yqmraPMQaY=
-22,32,+i308kNg0yvN9UBjvCYOOtKkLQA=,4W42ouYaZBatx5Ls9yqmraPMQaY=
-24,40,JFmC6zWfF4xwNL589Wn08a5utU4=,ZCu1E0fMPvoLB1nHOznD7NvGxLQ=
-25,41,JFmC6zWfF4xwNL589Wn08a5utU4=,zpbPVgHz+gdInLzCS9jJhdludtk=
-26,41,1PcubnpKmFrCfjyKAWQ+xqtRMDU=,zpbPVgHz+gdInLzCS9jJhdludtk=
-29,34,U9l1lJPJ/USrgMytuZbqMhG0O5g=,ldsy+9AFNqSlgBVBqnJFk+ytQnE=
-27,41,1PcubnpKmFrCfjyKAWQ+xqtRMDU=,zpbPVgHz+gdInLzCS9jJhdludtk=
-30,34,U9l1lJPJ/USrgMytuZbqMhG0O5g=,ldsy+9AFNqSlgBVBqnJFk+ytQnE=
-28,41,JFmC6zWfF4xwNL589Wn08a5utU4=,zpbPVgHz+gdInLzCS9jJhdludtk=
-27,48,U5qtvIU0KZAYiGl9qsa6pUQoClg=,zpbPVgHz+gdInLzCS9jJhdludtk=
-28,48,xo3htKFdthHuP3s8ZxEknIv64U0=,zpbPVgHz+gdInLzCS9jJhdludtk=
-27,50,hLqK+Bt5c11iKRq+tvn3XugBGd8=,zpbPVgHz+gdInLzCS9jJhdludtk=
-28,50,xo3htKFdthHuP3s8ZxEknIv64U0=,zpbPVgHz+gdInLzCS9jJhdludtk=
-27,49,ZThdPacLdkFIfcGQbEcGmkK/5EM=,zpbPVgHz+gdInLzCS9jJhdludtk=
-28,49,xo3htKFdthHuP3s8ZxEknIv64U0=,zpbPVgHz+gdInLzCS9jJhdludtk=
-27,51,xo3htKFdthHuP3s8ZxEknIv64U0=,zpbPVgHz+gdInLzCS9jJhdludtk=
-28,51,xo3htKFdthHuP3s8ZxEknIv64U0=,zpbPVgHz+gdInLzCS9jJhdludtk=
-17,55,xo3htKFdthHuP3s8ZxEknIv64U0=,krflJv2cFbfsB/E6nkAheu/fN8w=
-18,55,xo3htKFdthHuP3s8ZxEknIv64U0=,krflJv2cFbfsB/E6nkAheu/fN8w=
-19,55,xo3htKFdthHuP3s8ZxEknIv64U0=,krflJv2cFbfsB/E6nkAheu/fN8w=
-20,55,xo3htKFdthHuP3s8ZxEknIv64U0=,krflJv2cFbfsB/E6nkAheu/fN8w=
-17,54,xo3htKFdthHuP3s8ZxEknIv64U0=,krflJv2cFbfsB/E6nkAheu/fN8w=
-18,54,hLqK+Bt5c11iKRq+tvn3XugBGd8=,krflJv2cFbfsB/E6nkAheu/fN8w=
-19,54,hLqK+Bt5c11iKRq+tvn3XugBGd8=,krflJv2cFbfsB/E6nkAheu/fN8w=
-20,54,hLqK+Bt5c11iKRq+tvn3XugBGd8=,krflJv2cFbfsB/E6nkAheu/fN8w=
-25,48,U5qtvIU0KZAYiGl9qsa6pUQoClg=,zpbPVgHz+gdInLzCS9jJhdludtk=
-26,48,U5qtvIU0KZAYiGl9qsa6pUQoClg=,zpbPVgHz+gdInLzCS9jJhdludtk=
-25,50,ZThdPacLdkFIfcGQbEcGmkK/5EM=,zpbPVgHz+gdInLzCS9jJhdludtk=
-26,50,xo3htKFdthHuP3s8ZxEknIv64U0=,zpbPVgHz+gdInLzCS9jJhdludtk=
-23,51,ZThdPacLdkFIfcGQbEcGmkK/5EM=,PKSZ1w0+95AUyuHjasDGi9O0NwY=
-24,51,xo3htKFdthHuP3s8ZxEknIv64U0=,PKSZ1w0+95AUyuHjasDGi9O0NwY=
-23,50,U5qtvIU0KZAYiGl9qsa6pUQoClg=,PKSZ1w0+95AUyuHjasDGi9O0NwY=
-24,50,ZThdPacLdkFIfcGQbEcGmkK/5EM=,PKSZ1w0+95AUyuHjasDGi9O0NwY=
-25,49,U5qtvIU0KZAYiGl9qsa6pUQoClg=,zpbPVgHz+gdInLzCS9jJhdludtk=
-26,49,U5qtvIU0KZAYiGl9qsa6pUQoClg=,zpbPVgHz+gdInLzCS9jJhdludtk=
-23,49,guLy02pwk63P52uVpP24e5LFLNQ=,PKSZ1w0+95AUyuHjasDGi9O0NwY=
-24,49,guLy02pwk63P52uVpP24e5LFLNQ=,PKSZ1w0+95AUyuHjasDGi9O0NwY=
-21,51,xo3htKFdthHuP3s8ZxEknIv64U0=,PKSZ1w0+95AUyuHjasDGi9O0NwY=
-22,51,xo3htKFdthHuP3s8ZxEknIv64U0=,PKSZ1w0+95AUyuHjasDGi9O0NwY=
-23,48,guLy02pwk63P52uVpP24e5LFLNQ=,PKSZ1w0+95AUyuHjasDGi9O0NwY=
-21,50,ZThdPacLdkFIfcGQbEcGmkK/5EM=,PKSZ1w0+95AUyuHjasDGi9O0NwY=
-24,48,U5qtvIU0KZAYiGl9qsa6pUQoClg=,PKSZ1w0+95AUyuHjasDGi9O0NwY=
-25,51,ZThdPacLdkFIfcGQbEcGmkK/5EM=,zpbPVgHz+gdInLzCS9jJhdludtk=
-26,51,xo3htKFdthHuP3s8ZxEknIv64U0=,zpbPVgHz+gdInLzCS9jJhdludtk=
-22,50,ZThdPacLdkFIfcGQbEcGmkK/5EM=,PKSZ1w0+95AUyuHjasDGi9O0NwY=
-21,49,guLy02pwk63P52uVpP24e5LFLNQ=,PKSZ1w0+95AUyuHjasDGi9O0NwY=
-22,49,guLy02pwk63P52uVpP24e5LFLNQ=,PKSZ1w0+95AUyuHjasDGi9O0NwY=
-21,48,guLy02pwk63P52uVpP24e5LFLNQ=,PKSZ1w0+95AUyuHjasDGi9O0NwY=
-22,48,U5qtvIU0KZAYiGl9qsa6pUQoClg=,PKSZ1w0+95AUyuHjasDGi9O0NwY=
-17,53,ZThdPacLdkFIfcGQbEcGmkK/5EM=,krflJv2cFbfsB/E6nkAheu/fN8w=
-18,53,ZThdPacLdkFIfcGQbEcGmkK/5EM=,krflJv2cFbfsB/E6nkAheu/fN8w=
-19,53,xo3htKFdthHuP3s8ZxEknIv64U0=,krflJv2cFbfsB/E6nkAheu/fN8w=
-20,53,hLqK+Bt5c11iKRq+tvn3XugBGd8=,krflJv2cFbfsB/E6nkAheu/fN8w=
-17,52,U5qtvIU0KZAYiGl9qsa6pUQoClg=,krflJv2cFbfsB/E6nkAheu/fN8w=
-18,52,ZThdPacLdkFIfcGQbEcGmkK/5EM=,krflJv2cFbfsB/E6nkAheu/fN8w=
-19,52,ZThdPacLdkFIfcGQbEcGmkK/5EM=,krflJv2cFbfsB/E6nkAheu/fN8w=
-20,52,ZThdPacLdkFIfcGQbEcGmkK/5EM=,krflJv2cFbfsB/E6nkAheu/fN8w=
-17,51,U5qtvIU0KZAYiGl9qsa6pUQoClg=,krflJv2cFbfsB/E6nkAheu/fN8w=
-18,51,guLy02pwk63P52uVpP24e5LFLNQ=,krflJv2cFbfsB/E6nkAheu/fN8w=
-19,51,ZThdPacLdkFIfcGQbEcGmkK/5EM=,krflJv2cFbfsB/E6nkAheu/fN8w=
-20,51,ZThdPacLdkFIfcGQbEcGmkK/5EM=,krflJv2cFbfsB/E6nkAheu/fN8w=
-17,50,guLy02pwk63P52uVpP24e5LFLNQ=,krflJv2cFbfsB/E6nkAheu/fN8w=
-18,50,ZThdPacLdkFIfcGQbEcGmkK/5EM=,krflJv2cFbfsB/E6nkAheu/fN8w=
-19,50,U5qtvIU0KZAYiGl9qsa6pUQoClg=,krflJv2cFbfsB/E6nkAheu/fN8w=
-20,50,U5qtvIU0KZAYiGl9qsa6pUQoClg=,krflJv2cFbfsB/E6nkAheu/fN8w=
-17,49,guLy02pwk63P52uVpP24e5LFLNQ=,krflJv2cFbfsB/E6nkAheu/fN8w=
-18,49,guLy02pwk63P52uVpP24e5LFLNQ=,krflJv2cFbfsB/E6nkAheu/fN8w=
-19,49,guLy02pwk63P52uVpP24e5LFLNQ=,krflJv2cFbfsB/E6nkAheu/fN8w=
-20,49,guLy02pwk63P52uVpP24e5LFLNQ=,krflJv2cFbfsB/E6nkAheu/fN8w=
-17,48,guLy02pwk63P52uVpP24e5LFLNQ=,krflJv2cFbfsB/E6nkAheu/fN8w=
-18,48,guLy02pwk63P52uVpP24e5LFLNQ=,krflJv2cFbfsB/E6nkAheu/fN8w=
-19,48,guLy02pwk63P52uVpP24e5LFLNQ=,krflJv2cFbfsB/E6nkAheu/fN8w=
-20,48,guLy02pwk63P52uVpP24e5LFLNQ=,krflJv2cFbfsB/E6nkAheu/fN8w=
