15,46,EF3fr2DkTQ2AHPyYP3ntLA6ENxM=,WiYLOEkwCioe3s/fuKYNC7uVwhA=
14,46,EF3fr2DkTQ2AHPyYP3ntLA6ENxM=,WiYLOEkwCioe3s/fuKYNC7uVwhA=
15,47,EF3fr2DkTQ2AHPyYP3ntLA6ENxM=,WiYLOEkwCioe3s/fuKYNC7uVwhA=
14,47,EF3fr2DkTQ2AHPyYP3ntLA6ENxM=,WiYLOEkwCioe3s/fuKYNC7uVwhA=
15,42,bFg8gW7+LD4yp6chUNExCMxxiIc=,WiYLOEkwCioe3s/fuKYNC7uVwhA=
14,42,bFg8gW7+LD4yp6chUNExCMxxiIc=,WiYLOEkwCioe3s/fuKYNC7uVwhA=
15,45,bFg8gW7+LD4yp6chUNExCMxxiIc=,WiYLOEkwCioe3s/fuKYNC7uVwhA=
14,45,bFg8gW7+LD4yp6chUNExCMxxiIc=,WiYLOEkwCioe3s/fuKYNC7uVwhA=
15,44,bFg8gW7+LD4yp6chUNExCMxxiIc=,WiYLOEkwCioe3s/fuKYNC7uVwhA=
14,44,alYxuzgkwpBDBV9iCVo85WKktv4=,WiYLOEkwCioe3s/fuKYNC7uVwhA=
15,43,alYxuzgkwpBDBV9iCVo85WKktv4=,WiYLOEkwCioe3s/fuKYNC7uVwhA=
14,43,alYxuzgkwpBDBV9iCVo85WKktv4=,WiYLOEkwCioe3s/fuKYNC7uVwhA=
15,32,XQZzoiMZ0IJaQwxj/nQCL9pd4Mo=,L+dtT0jnUWW4ILkpGl/arQhuBrA=
14,32,XQZzoiMZ0IJaQwxj/nQCL9pd4Mo=,L+dtT0jnUWW4ILkpGl/arQhuBrA=
15,33,XQZzoiMZ0IJaQwxj/nQCL9pd4Mo=,L+dtT0jnUWW4ILkpGl/arQhuBrA=
14,33,XQZzoiMZ0IJaQwxj/nQCL9pd4Mo=,L+dtT0jnUWW4ILkpGl/arQhuBrA=
15,38,hfuQkx64+xbDmxPn4DndXPX2KV0=,L+dtT0jnUWW4ILkpGl/arQhuBrA=
14,38,hfuQkx64+xbDmxPn4DndXPX2KV0=,L+dtT0jnUWW4ILkpGl/arQhuBrA=
15,36,hfuQkx64+xbDmxPn4DndXPX2KV0=,L+dtT0jnUWW4ILkpGl/arQhuBrA=
14,36,hfuQkx64+xbDmxPn4DndXPX2KV0=,L+dtT0jnUWW4ILkpGl/arQhuBrA=
15,40,hfuQkx64+xbDmxPn4DndXPX2KV0=,WiYLOEkwCioe3s/fuKYNC7uVwhA=
14,40,hfuQkx64+xbDmxPn4DndXPX2KV0=,WiYLOEkwCioe3s/fuKYNC7uVwhA=
15,39,vN9bCJcuD9Ww87BX1R3aGJCKWM4=,L+dtT0jnUWW4ILkpGl/arQhuBrA=
14,39,vN9bCJcuD9Ww87BX1R3aGJCKWM4=,L+dtT0jnUWW4ILkpGl/arQhuBrA=
15,35,vN9bCJcuD9Ww87BX1R3aGJCKWM4=,L+dtT0jnUWW4ILkpGl/arQhuBrA=
14,35,vN9bCJcuD9Ww87BX1R3aGJCKWM4=,L+dtT0jnUWW4ILkpGl/arQhuBrA=
15,37,vN9bCJcuD9Ww87BX1R3aGJCKWM4=,L+dtT0jnUWW4ILkpGl/arQhuBrA=
14,37,vN9bCJcuD9Ww87BX1R3aGJCKWM4=,L+dtT0jnUWW4ILkpGl/arQhuBrA=
15,41,vN9bCJcuD9Ww87BX1R3aGJCKWM4=,WiYLOEkwCioe3s/fuKYNC7uVwhA=
14,41,vN9bCJcuD9Ww87BX1R3aGJCKWM4=,WiYLOEkwCioe3s/fuKYNC7uVwhA=
15,34,vN9bCJcuD9Ww87BX1R3aGJCKWM4=,L+dtT0jnUWW4ILkpGl/arQhuBrA=
14,34,PWJmwmjX2KZarvzjyfzIirh3nd8=,L+dtT0jnUWW4ILkpGl/arQhuBrA=
13,32,sLgphSovwhkL3r9yZkme/O6t7NA=,L+dtT0jnUWW4ILkpGl/arQhuBrA=
11,33,sLgphSovwhkL3r9yZkme/O6t7NA=,1dB+RJ2M8ysUvF+A73CJoghJHI0=
10,33,sLgphSovwhkL3r9yZkme/O6t7NA=,1dB+RJ2M8ysUvF+A73CJoghJHI0=
12,32,sLgphSovwhkL3r9yZkme/O6t7NA=,L+dtT0jnUWW4ILkpGl/arQhuBrA=
11,32,/EygEEdrmb4ByiwEjH11YlI3CvU=,1dB+RJ2M8ysUvF+A73CJoghJHI0=
10,32,/EygEEdrmb4ByiwEjH11YlI3CvU=,1dB+RJ2M8ysUvF+A73CJoghJHI0=
11,36,/EygEEdrmb4ByiwEjH11YlI3CvU=,1dB+RJ2M8ysUvF+A73CJoghJHI0=
13,33,/EygEEdrmb4ByiwEjH11YlI3CvU=,L+dtT0jnUWW4ILkpGl/arQhuBrA=
10,36,/EygEEdrmb4ByiwEjH11YlI3CvU=,1dB+RJ2M8ysUvF+A73CJoghJHI0=
12,33,/EygEEdrmb4ByiwEjH11YlI3CvU=,L+dtT0jnUWW4ILkpGl/arQhuBrA=
11,34,/EygEEdrmb4ByiwEjH11YlI3CvU=,1dB+RJ2M8ysUvF+A73CJoghJHI0=
13,36,ioq0CMK1tgQ8PGOt3daLdFz7pAI=,L+dtT0jnUWW4ILkpGl/arQhuBrA=
10,34,ioq0CMK1tgQ8PGOt3daLdFz7pAI=,1dB+RJ2M8ysUvF+A73CJoghJHI0=
12,36,ioq0CMK1tgQ8PGOt3daLdFz7pAI=,L+dtT0jnUWW4ILkpGl/arQhuBrA=
13,35,ioq0CMK1tgQ8PGOt3daLdFz7pAI=,L+dtT0jnUWW4ILkpGl/arQhuBrA=
12,35,ioq0CMK1tgQ8PGOt3daLdFz7pAI=,L+dtT0jnUWW4ILkpGl/arQhuBrA=
11,37,D9zOu5M9rRh4pp+tGlthwwoxUSg=,1dB+RJ2M8ysUvF+A73CJoghJHI0=
10,37,D9zOu5M9rRh4pp+tGlthwwoxUSg=,1dB+RJ2M8ysUvF+A73CJoghJHI0=
13,37,D9zOu5M9rRh4pp+tGlthwwoxUSg=,L+dtT0jnUWW4ILkpGl/arQhuBrA=
12,37,D9zOu5M9rRh4pp+tGlthwwoxUSg=,L+dtT0jnUWW4ILkpGl/arQhuBrA=
11,35,D9zOu5M9rRh4pp+tGlthwwoxUSg=,1dB+RJ2M8ysUvF+A73CJoghJHI0=
13,34,D9zOu5M9rRh4pp+tGlthwwoxUSg=,L+dtT0jnUWW4ILkpGl/arQhuBrA=
12,34,QTVQ5SPE9ZamuI8LPuAa7KByZDY=,L+dtT0jnUWW4ILkpGl/arQhuBrA=
10,35,QTVQ5SPE9ZamuI8LPuAa7KByZDY=,1dB+RJ2M8ysUvF+A73CJoghJHI0=
7,32,eCmPJ+Z074WJEjTW9XgL4eWPAms=,Ch/zDAqMd+nEDLKgMOSVmv5K+y0=
6,32,eCmPJ+Z074WJEjTW9XgL4eWPAms=,Ch/zDAqMd+nEDLKgMOSVmv5K+y0=
9,33,eCmPJ+Z074WJEjTW9XgL4eWPAms=,1dB+RJ2M8ysUvF+A73CJoghJHI0=
8,33,eCmPJ+Z074WJEjTW9XgL4eWPAms=,1dB+RJ2M8ysUvF+A73CJoghJHI0=
9,32,VL0WOhLFDzLiLhPll4BLTfFUB1w=,1dB+RJ2M8ysUvF+A73CJoghJHI0=
7,33,VL0WOhLFDzLiLhPll4BLTfFUB1w=,Ch/zDAqMd+nEDLKgMOSVmv5K+y0=
6,33,VL0WOhLFDzLiLhPll4BLTfFUB1w=,Ch/zDAqMd+nEDLKgMOSVmv5K+y0=
8,32,VL0WOhLFDzLiLhPll4BLTfFUB1w=,1dB+RJ2M8ysUvF+A73CJoghJHI0=
9,34,MPvbee6WJDXYhmYzrq+uS12O4y0=,1dB+RJ2M8ysUvF+A73CJoghJHI0=
8,34,MPvbee6WJDXYhmYzrq+uS12O4y0=,1dB+RJ2M8ysUvF+A73CJoghJHI0=
7,37,MPvbee6WJDXYhmYzrq+uS12O4y0=,Ch/zDAqMd+nEDLKgMOSVmv5K+y0=
6,37,MPvbee6WJDXYhmYzrq+uS12O4y0=,Ch/zDAqMd+nEDLKgMOSVmv5K+y0=
7,36,MPvbee6WJDXYhmYzrq+uS12O4y0=,Ch/zDAqMd+nEDLKgMOSVmv5K+y0=
6,36,MPvbee6WJDXYhmYzrq+uS12O4y0=,Ch/zDAqMd+nEDLKgMOSVmv5K+y0=
7,35,MPvbee6WJDXYhmYzrq+uS12O4y0=,Ch/zDAqMd+nEDLKgMOSVmv5K+y0=
6,35,qQApDVLDFVvUX30akRvLxOsPb4Q=,Ch/zDAqMd+nEDLKgMOSVmv5K+y0=
9,36,qQApDVLDFVvUX30akRvLxOsPb4Q=,1dB+RJ2M8ysUvF+A73CJoghJHI0=
8,36,qQApDVLDFVvUX30akRvLxOsPb4Q=,1dB+RJ2M8ysUvF+A73CJoghJHI0=
7,34,qQApDVLDFVvUX30akRvLxOsPb4Q=,Ch/zDAqMd+nEDLKgMOSVmv5K+y0=
6,34,qQApDVLDFVvUX30akRvLxOsPb4Q=,Ch/zDAqMd+nEDLKgMOSVmv5K+y0=
9,35,Bt8bQJJuF1S55umFWQooDKDpTQg=,1dB+RJ2M8ysUvF+A73CJoghJHI0=
8,35,Bt8bQJJuF1S55umFWQooDKDpTQg=,1dB+RJ2M8ysUvF+A73CJoghJHI0=
9,37,Bt8bQJJuF1S55umFWQooDKDpTQg=,1dB+RJ2M8ysUvF+A73CJoghJHI0=
8,37,Bt8bQJJuF1S55umFWQooDKDpTQg=,1dB+RJ2M8ysUvF+A73CJoghJHI0=
3,32,1zgeZYNnanJIxSHglv2GaOa32Qc=,3yx8sdYQSvjttnqTwPtQJARJHcA=
2,32,1zgeZYNnanJIxSHglv2GaOa32Qc=,3yx8sdYQSvjttnqTwPtQJARJHcA=
3,37,1zgeZYNnanJIxSHglv2GaOa32Qc=,3yx8sdYQSvjttnqTwPtQJARJHcA=
2,37,1zgeZYNnanJIxSHglv2GaOa32Qc=,3yx8sdYQSvjttnqTwPtQJARJHcA=
3,36,1zgeZYNnanJIxSHglv2GaOa32Qc=,3yx8sdYQSvjttnqTwPtQJARJHcA=
1,32,1zgeZYNnanJIxSHglv2GaOa32Qc=,3yx8sdYQSvjttnqTwPtQJARJHcA=
2,36,929VwqUO1iloy7g9TD2gK0APAXI=,3yx8sdYQSvjttnqTwPtQJARJHcA=
0,32,929VwqUO1iloy7g9TD2gK0APAXI=,3yx8sdYQSvjttnqTwPtQJARJHcA=
1,37,929VwqUO1iloy7g9TD2gK0APAXI=,3yx8sdYQSvjttnqTwPtQJARJHcA=
5,32,929VwqUO1iloy7g9TD2gK0APAXI=,Ch/zDAqMd+nEDLKgMOSVmv5K+y0=
0,37,7Zbf667ejmwkXD0+ZeniF+nnp6g=,3yx8sdYQSvjttnqTwPtQJARJHcA=
4,32,7Zbf667ejmwkXD0+ZeniF+nnp6g=,Ch/zDAqMd+nEDLKgMOSVmv5K+y0=
1,36,7Zbf667ejmwkXD0+ZeniF+nnp6g=,3yx8sdYQSvjttnqTwPtQJARJHcA=
3,35,7Zbf667ejmwkXD0+ZeniF+nnp6g=,3yx8sdYQSvjttnqTwPtQJARJHcA=
0,36,7Zbf667ejmwkXD0+ZeniF+nnp6g=,3yx8sdYQSvjttnqTwPtQJARJHcA=
2,35,OYTshUyDRfvXPa/gbPdDEnLwsCI=,3yx8sdYQSvjttnqTwPtQJARJHcA=
5,37,OYTshUyDRfvXPa/gbPdDEnLwsCI=,Ch/zDAqMd+nEDLKgMOSVmv5K+y0=
1,35,OYTshUyDRfvXPa/gbPdDEnLwsCI=,3yx8sdYQSvjttnqTwPtQJARJHcA=
4,37,OYTshUyDRfvXPa/gbPdDEnLwsCI=,Ch/zDAqMd+nEDLKgMOSVmv5K+y0=
0,35,OYTshUyDRfvXPa/gbPdDEnLwsCI=,3yx8sdYQSvjttnqTwPtQJARJHcA=
5,36,OYTshUyDRfvXPa/gbPdDEnLwsCI=,Ch/zDAqMd+nEDLKgMOSVmv5K+y0=
1,34,OYTshUyDRfvXPa/gbPdDEnLwsCI=,3yx8sdYQSvjttnqTwPtQJARJHcA=
4,36,kZWrsgTPpm8r5VlDuAz2hfLtAu0=,Ch/zDAqMd+nEDLKgMOSVmv5K+y0=
0,34,kZWrsgTPpm8r5VlDuAz2hfLtAu0=,3yx8sdYQSvjttnqTwPtQJARJHcA=
5,35,kZWrsgTPpm8r5VlDuAz2hfLtAu0=,Ch/zDAqMd+nEDLKgMOSVmv5K+y0=
1,33,kZWrsgTPpm8r5VlDuAz2hfLtAu0=,3yx8sdYQSvjttnqTwPtQJARJHcA=
4,35,kZWrsgTPpm8r5VlDuAz2hfLtAu0=,Ch/zDAqMd+nEDLKgMOSVmv5K+y0=
0,33,uMVPxeRMT1E6E8w/qtYeGbRnBqk=,3yx8sdYQSvjttnqTwPtQJARJHcA=
3,34,uMVPxeRMT1E6E8w/qtYeGbRnBqk=,3yx8sdYQSvjttnqTwPtQJARJHcA=
2,34,uMVPxeRMT1E6E8w/qtYeGbRnBqk=,3yx8sdYQSvjttnqTwPtQJARJHcA=
5,34,uMVPxeRMT1E6E8w/qtYeGbRnBqk=,Ch/zDAqMd+nEDLKgMOSVmv5K+y0=
4,34,uMVPxeRMT1E6E8w/qtYeGbRnBqk=,Ch/zDAqMd+nEDLKgMOSVmv5K+y0=
3,33,uMVPxeRMT1E6E8w/qtYeGbRnBqk=,3yx8sdYQSvjttnqTwPtQJARJHcA=
2,33,DD2YwLAEE8DkVZU7cKYsRUsTtCA=,3yx8sdYQSvjttnqTwPtQJARJHcA=
5,33,DD2YwLAEE8DkVZU7cKYsRUsTtCA=,Ch/zDAqMd+nEDLKgMOSVmv5K+y0=
4,33,DD2YwLAEE8DkVZU7cKYsRUsTtCA=,Ch/zDAqMd+nEDLKgMOSVmv5K+y0=
1,47,/S4fF6foCwk8n0jUCEFUs7W8wH4=,fXT8Mk2KCxedqpgdXi6Q8pmYxfg=
0,47,HZ0mxhRHYPwb+9oBOXaerjSEzi4=,fXT8Mk2KCxedqpgdXi6Q8pmYxfg=
1,46,HZ0mxhRHYPwb+9oBOXaerjSEzi4=,fXT8Mk2KCxedqpgdXi6Q8pmYxfg=
0,46,HZ0mxhRHYPwb+9oBOXaerjSEzi4=,fXT8Mk2KCxedqpgdXi6Q8pmYxfg=
13,46,fPpXC2TBRuHQjvvf2wf6Jm/dmOw=,WiYLOEkwCioe3s/fuKYNC7uVwhA=
12,46,fPpXC2TBRuHQjvvf2wf6Jm/dmOw=,WiYLOEkwCioe3s/fuKYNC7uVwhA=
11,47,+bmpgxJ3vhSQDfOpPr8gpMF8QOY=,bsQG81Vm3COjMF7uUhJQlVQTeL0=
10,47,+bmpgxJ3vhSQDfOpPr8gpMF8QOY=,bsQG81Vm3COjMF7uUhJQlVQTeL0=
11,46,+bmpgxJ3vhSQDfOpPr8gpMF8QOY=,bsQG81Vm3COjMF7uUhJQlVQTeL0=
10,46,+bmpgxJ3vhSQDfOpPr8gpMF8QOY=,bsQG81Vm3COjMF7uUhJQlVQTeL0=
13,47,+bmpgxJ3vhSQDfOpPr8gpMF8QOY=,WiYLOEkwCioe3s/fuKYNC7uVwhA=
12,47,+bmpgxJ3vhSQDfOpPr8gpMF8QOY=,WiYLOEkwCioe3s/fuKYNC7uVwhA=
7,46,vJbxdUIkLYxpeiYKU5D3XczpeOE=,Tvac7ixx48U5WFgVSwMrx+b0r8Q=
3,47,vJbxdUIkLYxpeiYKU5D3XczpeOE=,fXT8Mk2KCxedqpgdXi6Q8pmYxfg=
2,47,WUAF+jdsjDHaWvlVnwl/hIRBSeI=,fXT8Mk2KCxedqpgdXi6Q8pmYxfg=
6,46,WUAF+jdsjDHaWvlVnwl/hIRBSeI=,Tvac7ixx48U5WFgVSwMrx+b0r8Q=
5,46,WUAF+jdsjDHaWvlVnwl/hIRBSeI=,Tvac7ixx48U5WFgVSwMrx+b0r8Q=
4,46,WUAF+jdsjDHaWvlVnwl/hIRBSeI=,Tvac7ixx48U5WFgVSwMrx+b0r8Q=
3,46,WUAF+jdsjDHaWvlVnwl/hIRBSeI=,fXT8Mk2KCxedqpgdXi6Q8pmYxfg=
2,46,200eLqlhFoS9mDlOMDRgUox1/10=,fXT8Mk2KCxedqpgdXi6Q8pmYxfg=
7,47,200eLqlhFoS9mDlOMDRgUox1/10=,Tvac7ixx48U5WFgVSwMrx+b0r8Q=
6,47,200eLqlhFoS9mDlOMDRgUox1/10=,Tvac7ixx48U5WFgVSwMrx+b0r8Q=
5,47,200eLqlhFoS9mDlOMDRgUox1/10=,Tvac7ixx48U5WFgVSwMrx+b0r8Q=
11,40,sSCMzefSk9whNHAb6OiKiT+aC7k=,bsQG81Vm3COjMF7uUhJQlVQTeL0=
4,47,sSCMzefSk9whNHAb6OiKiT+aC7k=,Tvac7ixx48U5WFgVSwMrx+b0r8Q=
9,47,sSCMzefSk9whNHAb6OiKiT+aC7k=,bsQG81Vm3COjMF7uUhJQlVQTeL0=
10,40,sSCMzefSk9whNHAb6OiKiT+aC7k=,bsQG81Vm3COjMF7uUhJQlVQTeL0=
8,47,sSCMzefSk9whNHAb6OiKiT+aC7k=,bsQG81Vm3COjMF7uUhJQlVQTeL0=
13,38,sSCMzefSk9whNHAb6OiKiT+aC7k=,L+dtT0jnUWW4ILkpGl/arQhuBrA=
9,46,sSCMzefSk9whNHAb6OiKiT+aC7k=,bsQG81Vm3COjMF7uUhJQlVQTeL0=
8,46,TEuat9OxEZ7ZtnU6ctLMruoSUYU=,bsQG81Vm3COjMF7uUhJQlVQTeL0=
12,38,TEuat9OxEZ7ZtnU6ctLMruoSUYU=,L+dtT0jnUWW4ILkpGl/arQhuBrA=
13,40,TEuat9OxEZ7ZtnU6ctLMruoSUYU=,WiYLOEkwCioe3s/fuKYNC7uVwhA=
12,40,TEuat9OxEZ7ZtnU6ctLMruoSUYU=,WiYLOEkwCioe3s/fuKYNC7uVwhA=
11,39,TEuat9OxEZ7ZtnU6ctLMruoSUYU=,1dB+RJ2M8ysUvF+A73CJoghJHI0=
10,39,TEuat9OxEZ7ZtnU6ctLMruoSUYU=,1dB+RJ2M8ysUvF+A73CJoghJHI0=
11,42,TEuat9OxEZ7ZtnU6ctLMruoSUYU=,bsQG81Vm3COjMF7uUhJQlVQTeL0=
10,42,TEuat9OxEZ7ZtnU6ctLMruoSUYU=,bsQG81Vm3COjMF7uUhJQlVQTeL0=
13,45,amjGqB9YO3dlUGhRbj8jvPYvUp8=,WiYLOEkwCioe3s/fuKYNC7uVwhA=
11,38,amjGqB9YO3dlUGhRbj8jvPYvUp8=,1dB+RJ2M8ysUvF+A73CJoghJHI0=
10,38,amjGqB9YO3dlUGhRbj8jvPYvUp8=,1dB+RJ2M8ysUvF+A73CJoghJHI0=
12,45,amjGqB9YO3dlUGhRbj8jvPYvUp8=,WiYLOEkwCioe3s/fuKYNC7uVwhA=
11,45,amjGqB9YO3dlUGhRbj8jvPYvUp8=,bsQG81Vm3COjMF7uUhJQlVQTeL0=
10,45,amjGqB9YO3dlUGhRbj8jvPYvUp8=,bsQG81Vm3COjMF7uUhJQlVQTeL0=
11,41,amjGqB9YO3dlUGhRbj8jvPYvUp8=,bsQG81Vm3COjMF7uUhJQlVQTeL0=
10,41,amjGqB9YO3dlUGhRbj8jvPYvUp8=,bsQG81Vm3COjMF7uUhJQlVQTeL0=
11,44,amjGqB9YO3dlUGhRbj8jvPYvUp8=,bsQG81Vm3COjMF7uUhJQlVQTeL0=
13,42,pZwHCohAvIxOc9J+GWn8IhDW42Y=,WiYLOEkwCioe3s/fuKYNC7uVwhA=
10,44,pZwHCohAvIxOc9J+GWn8IhDW42Y=,bsQG81Vm3COjMF7uUhJQlVQTeL0=
12,42,pZwHCohAvIxOc9J+GWn8IhDW42Y=,WiYLOEkwCioe3s/fuKYNC7uVwhA=
13,44,pZwHCohAvIxOc9J+GWn8IhDW42Y=,WiYLOEkwCioe3s/fuKYNC7uVwhA=
12,44,pZwHCohAvIxOc9J+GWn8IhDW42Y=,WiYLOEkwCioe3s/fuKYNC7uVwhA=
13,41,pZwHCohAvIxOc9J+GWn8IhDW42Y=,WiYLOEkwCioe3s/fuKYNC7uVwhA=
12,41,pZwHCohAvIxOc9J+GWn8IhDW42Y=,WiYLOEkwCioe3s/fuKYNC7uVwhA=
13,39,pZwHCohAvIxOc9J+GWn8IhDW42Y=,L+dtT0jnUWW4ILkpGl/arQhuBrA=
12,39,pZwHCohAvIxOc9J+GWn8IhDW42Y=,L+dtT0jnUWW4ILkpGl/arQhuBrA=
11,43,pZwHCohAvIxOc9J+GWn8IhDW42Y=,bsQG81Vm3COjMF7uUhJQlVQTeL0=
1,38,vJbU6Cxrj+z3IQGkZn/ZAwE4qpE=,3yx8sdYQSvjttnqTwPtQJARJHcA=
10,43,vJbU6Cxrj+z3IQGkZn/ZAwE4qpE=,bsQG81Vm3COjMF7uUhJQlVQTeL0=
13,43,vJbU6Cxrj+z3IQGkZn/ZAwE4qpE=,WiYLOEkwCioe3s/fuKYNC7uVwhA=
0,38,vJbU6Cxrj+z3IQGkZn/ZAwE4qpE=,3yx8sdYQSvjttnqTwPtQJARJHcA=
12,43,vJbU6Cxrj+z3IQGkZn/ZAwE4qpE=,WiYLOEkwCioe3s/fuKYNC7uVwhA=
1,45,vJbU6Cxrj+z3IQGkZn/ZAwE4qpE=,fXT8Mk2KCxedqpgdXi6Q8pmYxfg=
0,45,vJbU6Cxrj+z3IQGkZn/ZAwE4qpE=,fXT8Mk2KCxedqpgdXi6Q8pmYxfg=
1,44,vJbU6Cxrj+z3IQGkZn/ZAwE4qpE=,fXT8Mk2KCxedqpgdXi6Q8pmYxfg=
0,44,vJbU6Cxrj+z3IQGkZn/ZAwE4qpE=,fXT8Mk2KCxedqpgdXi6Q8pmYxfg=
1,43,vzWBvkeeYyoEYg0yW88BvXxxz3g=,fXT8Mk2KCxedqpgdXi6Q8pmYxfg=
0,43,vzWBvkeeYyoEYg0yW88BvXxxz3g=,fXT8Mk2KCxedqpgdXi6Q8pmYxfg=
1,42,vzWBvkeeYyoEYg0yW88BvXxxz3g=,fXT8Mk2KCxedqpgdXi6Q8pmYxfg=
0,42,vzWBvkeeYyoEYg0yW88BvXxxz3g=,fXT8Mk2KCxedqpgdXi6Q8pmYxfg=
1,41,vzWBvkeeYyoEYg0yW88BvXxxz3g=,fXT8Mk2KCxedqpgdXi6Q8pmYxfg=
7,45,vzWBvkeeYyoEYg0yW88BvXxxz3g=,Tvac7ixx48U5WFgVSwMrx+b0r8Q=
6,45,V2fpFUcopKU2yZYMYmBnMK5nrb4=,Tvac7ixx48U5WFgVSwMrx+b0r8Q=
0,41,V2fpFUcopKU2yZYMYmBnMK5nrb4=,fXT8Mk2KCxedqpgdXi6Q8pmYxfg=
1,40,V2fpFUcopKU2yZYMYmBnMK5nrb4=,fXT8Mk2KCxedqpgdXi6Q8pmYxfg=
9,40,V2fpFUcopKU2yZYMYmBnMK5nrb4=,bsQG81Vm3COjMF7uUhJQlVQTeL0=
0,40,V2fpFUcopKU2yZYMYmBnMK5nrb4=,fXT8Mk2KCxedqpgdXi6Q8pmYxfg=
8,40,V2fpFUcopKU2yZYMYmBnMK5nrb4=,bsQG81Vm3COjMF7uUhJQlVQTeL0=
1,39,V2fpFUcopKU2yZYMYmBnMK5nrb4=,3yx8sdYQSvjttnqTwPtQJARJHcA=
3,38,V2fpFUcopKU2yZYMYmBnMK5nrb4=,3yx8sdYQSvjttnqTwPtQJARJHcA=
0,39,V2fpFUcopKU2yZYMYmBnMK5nrb4=,3yx8sdYQSvjttnqTwPtQJARJHcA=
2,38,V2fpFUcopKU2yZYMYmBnMK5nrb4=,3yx8sdYQSvjttnqTwPtQJARJHcA=
7,39,V2fpFUcopKU2yZYMYmBnMK5nrb4=,Ch/zDAqMd+nEDLKgMOSVmv5K+y0=
6,39,YJrKSrdztMWoessCfJMaEw45jEI=,Ch/zDAqMd+nEDLKgMOSVmv5K+y0=
3,45,YJrKSrdztMWoessCfJMaEw45jEI=,fXT8Mk2KCxedqpgdXi6Q8pmYxfg=
2,45,YJrKSrdztMWoessCfJMaEw45jEI=,fXT8Mk2KCxedqpgdXi6Q8pmYxfg=
3,44,YJrKSrdztMWoessCfJMaEw45jEI=,fXT8Mk2KCxedqpgdXi6Q8pmYxfg=
9,39,YJrKSrdztMWoessCfJMaEw45jEI=,1dB+RJ2M8ysUvF+A73CJoghJHI0=
5,45,YJrKSrdztMWoessCfJMaEw45jEI=,Tvac7ixx48U5WFgVSwMrx+b0r8Q=
8,39,YJrKSrdztMWoessCfJMaEw45jEI=,1dB+RJ2M8ysUvF+A73CJoghJHI0=
4,45,VK351D71+Y3O3hviaoC07zyw5pw=,Tvac7ixx48U5WFgVSwMrx+b0r8Q=
7,44,VK351D71+Y3O3hviaoC07zyw5pw=,Tvac7ixx48U5WFgVSwMrx+b0r8Q=
6,44,VK351D71+Y3O3hviaoC07zyw5pw=,Tvac7ixx48U5WFgVSwMrx+b0r8Q=
2,44,VK351D71+Y3O3hviaoC07zyw5pw=,fXT8Mk2KCxedqpgdXi6Q8pmYxfg=
5,44,VK351D71+Y3O3hviaoC07zyw5pw=,Tvac7ixx48U5WFgVSwMrx+b0r8Q=
4,44,VK351D71+Y3O3hviaoC07zyw5pw=,Tvac7ixx48U5WFgVSwMrx+b0r8Q=
5,39,VK351D71+Y3O3hviaoC07zyw5pw=,Ch/zDAqMd+nEDLKgMOSVmv5K+y0=
9,42,0no6GjQEQSP7PbtzM8IBHmqzSTA=,bsQG81Vm3COjMF7uUhJQlVQTeL0=
4,39,0no6GjQEQSP7PbtzM8IBHmqzSTA=,Ch/zDAqMd+nEDLKgMOSVmv5K+y0=
8,42,0no6GjQEQSP7PbtzM8IBHmqzSTA=,bsQG81Vm3COjMF7uUhJQlVQTeL0=
7,43,0no6GjQEQSP7PbtzM8IBHmqzSTA=,Tvac7ixx48U5WFgVSwMrx+b0r8Q=
3,43,0no6GjQEQSP7PbtzM8IBHmqzSTA=,fXT8Mk2KCxedqpgdXi6Q8pmYxfg=
2,43,0no6GjQEQSP7PbtzM8IBHmqzSTA=,fXT8Mk2KCxedqpgdXi6Q8pmYxfg=
6,43,0no6GjQEQSP7PbtzM8IBHmqzSTA=,Tvac7ixx48U5WFgVSwMrx+b0r8Q=
3,42,0no6GjQEQSP7PbtzM8IBHmqzSTA=,fXT8Mk2KCxedqpgdXi6Q8pmYxfg=
2,42,0no6GjQEQSP7PbtzM8IBHmqzSTA=,fXT8Mk2KCxedqpgdXi6Q8pmYxfg=
5,43,0no6GjQEQSP7PbtzM8IBHmqzSTA=,Tvac7ixx48U5WFgVSwMrx+b0r8Q=
4,43,0no6GjQEQSP7PbtzM8IBHmqzSTA=,Tvac7ixx48U5WFgVSwMrx+b0r8Q=
7,38,3qT3NsiFutIRQS/j/4lp65IqM3s=,Ch/zDAqMd+nEDLKgMOSVmv5K+y0=
6,38,3qT3NsiFutIRQS/j/4lp65IqM3s=,Ch/zDAqMd+nEDLKgMOSVmv5K+y0=
3,41,3qT3NsiFutIRQS/j/4lp65IqM3s=,fXT8Mk2KCxedqpgdXi6Q8pmYxfg=
2,41,3qT3NsiFutIRQS/j/4lp65IqM3s=,fXT8Mk2KCxedqpgdXi6Q8pmYxfg=
9,38,3qT3NsiFutIRQS/j/4lp65IqM3s=,1dB+RJ2M8ysUvF+A73CJoghJHI0=
8,38,3qT3NsiFutIRQS/j/4lp65IqM3s=,1dB+RJ2M8ysUvF+A73CJoghJHI0=
5,38,3qT3NsiFutIRQS/j/4lp65IqM3s=,Ch/zDAqMd+nEDLKgMOSVmv5K+y0=
4,38,3qT3NsiFutIRQS/j/4lp65IqM3s=,Ch/zDAqMd+nEDLKgMOSVmv5K+y0=
7,42,3qT3NsiFutIRQS/j/4lp65IqM3s=,Tvac7ixx48U5WFgVSwMrx+b0r8Q=
6,42,3qT3NsiFutIRQS/j/4lp65IqM3s=,Tvac7ixx48U5WFgVSwMrx+b0r8Q=
9,45,TC5zr67WZgnbvdshlny5ZJQGGG0=,bsQG81Vm3COjMF7uUhJQlVQTeL0=
8,45,TC5zr67WZgnbvdshlny5ZJQGGG0=,bsQG81Vm3COjMF7uUhJQlVQTeL0=
9,44,TC5zr67WZgnbvdshlny5ZJQGGG0=,bsQG81Vm3COjMF7uUhJQlVQTeL0=
8,44,TC5zr67WZgnbvdshlny5ZJQGGG0=,bsQG81Vm3COjMF7uUhJQlVQTeL0=
3,40,TC5zr67WZgnbvdshlny5ZJQGGG0=,fXT8Mk2KCxedqpgdXi6Q8pmYxfg=
2,40,TC5zr67WZgnbvdshlny5ZJQGGG0=,fXT8Mk2KCxedqpgdXi6Q8pmYxfg=
5,42,TC5zr67WZgnbvdshlny5ZJQGGG0=,Tvac7ixx48U5WFgVSwMrx+b0r8Q=
4,42,TC5zr67WZgnbvdshlny5ZJQGGG0=,Tvac7ixx48U5WFgVSwMrx+b0r8Q=
7,41,Jzo3J6Ws5Ffpw7nrDJ5UL8emT2M=,Tvac7ixx48U5WFgVSwMrx+b0r8Q=
6,41,Jzo3J6Ws5Ffpw7nrDJ5UL8emT2M=,Tvac7ixx48U5WFgVSwMrx+b0r8Q=
5,41,Jzo3J6Ws5Ffpw7nrDJ5UL8emT2M=,Tvac7ixx48U5WFgVSwMrx+b0r8Q=
4,41,Jzo3J6Ws5Ffpw7nrDJ5UL8emT2M=,Tvac7ixx48U5WFgVSwMrx+b0r8Q=
7,40,Jzo3J6Ws5Ffpw7nrDJ5UL8emT2M=,Tvac7ixx48U5WFgVSwMrx+b0r8Q=
6,40,Jzo3J6Ws5Ffpw7nrDJ5UL8emT2M=,Tvac7ixx48U5WFgVSwMrx+b0r8Q=
5,40,Jzo3J6Ws5Ffpw7nrDJ5UL8emT2M=,Tvac7ixx48U5WFgVSwMrx+b0r8Q=
4,40,rO0jOkEe9PbXPxfISnW7iFRw/sg=,Tvac7ixx48U5WFgVSwMrx+b0r8Q=
3,39,rO0jOkEe9PbXPxfISnW7iFRw/sg=,3yx8sdYQSvjttnqTwPtQJARJHcA=
2,39,rO0jOkEe9PbXPxfISnW7iFRw/sg=,3yx8sdYQSvjttnqTwPtQJARJHcA=
9,41,rO0jOkEe9PbXPxfISnW7iFRw/sg=,bsQG81Vm3COjMF7uUhJQlVQTeL0=
8,41,rO0jOkEe9PbXPxfISnW7iFRw/sg=,bsQG81Vm3COjMF7uUhJQlVQTeL0=
9,43,rO0jOkEe9PbXPxfISnW7iFRw/sg=,bsQG81Vm3COjMF7uUhJQlVQTeL0=
8,43,rO0jOkEe9PbXPxfISnW7iFRw/sg=,bsQG81Vm3COjMF7uUhJQlVQTeL0=
15,62,90Z4fRdUNQJfYTl3GdApjYRhqJk=,WiYLOEkwCioe3s/fuKYNC7uVwhA=
14,62,90Z4fRdUNQJfYTl3GdApjYRhqJk=,WiYLOEkwCioe3s/fuKYNC7uVwhA=
15,59,90Z4fRdUNQJfYTl3GdApjYRhqJk=,WiYLOEkwCioe3s/fuKYNC7uVwhA=
14,59,90Z4fRdUNQJfYTl3GdApjYRhqJk=,WiYLOEkwCioe3s/fuKYNC7uVwhA=
15,63,90Z4fRdUNQJfYTl3GdApjYRhqJk=,WiYLOEkwCioe3s/fuKYNC7uVwhA=
14,63,90Z4fRdUNQJfYTl3GdApjYRhqJk=,WiYLOEkwCioe3s/fuKYNC7uVwhA=
15,60,90Z4fRdUNQJfYTl3GdApjYRhqJk=,WiYLOEkwCioe3s/fuKYNC7uVwhA=
14,60,vZEEcPi8YJ+zBHSymsHK96doL4k=,WiYLOEkwCioe3s/fuKYNC7uVwhA=
15,58,vZEEcPi8YJ+zBHSymsHK96doL4k=,WiYLOEkwCioe3s/fuKYNC7uVwhA=
14,58,vZEEcPi8YJ+zBHSymsHK96doL4k=,WiYLOEkwCioe3s/fuKYNC7uVwhA=
15,61,vZEEcPi8YJ+zBHSymsHK96doL4k=,WiYLOEkwCioe3s/fuKYNC7uVwhA=
14,61,vZEEcPi8YJ+zBHSymsHK96doL4k=,WiYLOEkwCioe3s/fuKYNC7uVwhA=
11,63,2qOTKaN6ATDfHazoTDJpAZwYN+M=,bsQG81Vm3COjMF7uUhJQlVQTeL0=
10,63,2qOTKaN6ATDfHazoTDJpAZwYN+M=,bsQG81Vm3COjMF7uUhJQlVQTeL0=
11,59,2qOTKaN6ATDfHazoTDJpAZwYN+M=,bsQG81Vm3COjMF7uUhJQlVQTeL0=
11,62,2qOTKaN6ATDfHazoTDJpAZwYN+M=,bsQG81Vm3COjMF7uUhJQlVQTeL0=
10,59,UdeEPF6eNf5BFnpdFjmh+ak620o=,bsQG81Vm3COjMF7uUhJQlVQTeL0=
10,62,UdeEPF6eNf5BFnpdFjmh+ak620o=,bsQG81Vm3COjMF7uUhJQlVQTeL0=
13,59,UdeEPF6eNf5BFnpdFjmh+ak620o=,WiYLOEkwCioe3s/fuKYNC7uVwhA=
13,62,UdeEPF6eNf5BFnpdFjmh+ak620o=,WiYLOEkwCioe3s/fuKYNC7uVwhA=
12,59,UdeEPF6eNf5BFnpdFjmh+ak620o=,WiYLOEkwCioe3s/fuKYNC7uVwhA=
12,62,UdeEPF6eNf5BFnpdFjmh+ak620o=,WiYLOEkwCioe3s/fuKYNC7uVwhA=
13,63,UdeEPF6eNf5BFnpdFjmh+ak620o=,WiYLOEkwCioe3s/fuKYNC7uVwhA=
13,58,UdeEPF6eNf5BFnpdFjmh+ak620o=,WiYLOEkwCioe3s/fuKYNC7uVwhA=
12,63,UdeEPF6eNf5BFnpdFjmh+ak620o=,WiYLOEkwCioe3s/fuKYNC7uVwhA=
12,58,UdeEPF6eNf5BFnpdFjmh+ak620o=,WiYLOEkwCioe3s/fuKYNC7uVwhA=
11,61,UdeEPF6eNf5BFnpdFjmh+ak620o=,bsQG81Vm3COjMF7uUhJQlVQTeL0=
10,61,Wua1HOzHfNCftE+jBYTLVvvhUnA=,bsQG81Vm3COjMF7uUhJQlVQTeL0=
13,61,Wua1HOzHfNCftE+jBYTLVvvhUnA=,WiYLOEkwCioe3s/fuKYNC7uVwhA=
12,61,Wua1HOzHfNCftE+jBYTLVvvhUnA=,WiYLOEkwCioe3s/fuKYNC7uVwhA=
13,60,Wua1HOzHfNCftE+jBYTLVvvhUnA=,WiYLOEkwCioe3s/fuKYNC7uVwhA=
12,60,Wua1HOzHfNCftE+jBYTLVvvhUnA=,WiYLOEkwCioe3s/fuKYNC7uVwhA=
11,60,Wua1HOzHfNCftE+jBYTLVvvhUnA=,bsQG81Vm3COjMF7uUhJQlVQTeL0=
10,60,Q7Qm8hcvmCj8W0BRB0nU8/akbSk=,bsQG81Vm3COjMF7uUhJQlVQTeL0=
11,58,Q7Qm8hcvmCj8W0BRB0nU8/akbSk=,bsQG81Vm3COjMF7uUhJQlVQTeL0=
10,58,Q7Qm8hcvmCj8W0BRB0nU8/akbSk=,bsQG81Vm3COjMF7uUhJQlVQTeL0=
7,63,IrdrRoI6T5giYgnw5WcwzADGWPI=,Ch/zDAqMd+nEDLKgMOSVmv5K+y0=
6,63,IrdrRoI6T5giYgnw5WcwzADGWPI=,Ch/zDAqMd+nEDLKgMOSVmv5K+y0=
5,63,IrdrRoI6T5giYgnw5WcwzADGWPI=,Ch/zDAqMd+nEDLKgMOSVmv5K+y0=
4,63,IrdrRoI6T5giYgnw5WcwzADGWPI=,Ch/zDAqMd+nEDLKgMOSVmv5K+y0=
7,62,IrdrRoI6T5giYgnw5WcwzADGWPI=,Ch/zDAqMd+nEDLKgMOSVmv5K+y0=
6,62,g4ZVf7oY7Php5/B7XbX2R1DS9fw=,Ch/zDAqMd+nEDLKgMOSVmv5K+y0=
5,62,g4ZVf7oY7Php5/B7XbX2R1DS9fw=,Ch/zDAqMd+nEDLKgMOSVmv5K+y0=
4,62,g4ZVf7oY7Php5/B7XbX2R1DS9fw=,Ch/zDAqMd+nEDLKgMOSVmv5K+y0=
9,63,g4ZVf7oY7Php5/B7XbX2R1DS9fw=,bsQG81Vm3COjMF7uUhJQlVQTeL0=
8,63,g4ZVf7oY7Php5/B7XbX2R1DS9fw=,bsQG81Vm3COjMF7uUhJQlVQTeL0=
9,62,g4ZVf7oY7Php5/B7XbX2R1DS9fw=,bsQG81Vm3COjMF7uUhJQlVQTeL0=
8,62,g4ZVf7oY7Php5/B7XbX2R1DS9fw=,bsQG81Vm3COjMF7uUhJQlVQTeL0=
3,59,Gr75Fn0WBnM9tq/tO1QgkZguY7c=,fXT8Mk2KCxedqpgdXi6Q8pmYxfg=
2,59,Gr75Fn0WBnM9tq/tO1QgkZguY7c=,fXT8Mk2KCxedqpgdXi6Q8pmYxfg=
3,58,Gr75Fn0WBnM9tq/tO1QgkZguY7c=,fXT8Mk2KCxedqpgdXi6Q8pmYxfg=
2,58,Gr75Fn0WBnM9tq/tO1QgkZguY7c=,fXT8Mk2KCxedqpgdXi6Q8pmYxfg=
7,61,Gr75Fn0WBnM9tq/tO1QgkZguY7c=,Ch/zDAqMd+nEDLKgMOSVmv5K+y0=
6,61,E5fEqpaFlcUT2UmtX8aPaYIlg50=,Ch/zDAqMd+nEDLKgMOSVmv5K+y0=
9,59,E5fEqpaFlcUT2UmtX8aPaYIlg50=,bsQG81Vm3COjMF7uUhJQlVQTeL0=
8,59,E5fEqpaFlcUT2UmtX8aPaYIlg50=,bsQG81Vm3COjMF7uUhJQlVQTeL0=
5,61,E5fEqpaFlcUT2UmtX8aPaYIlg50=,Ch/zDAqMd+nEDLKgMOSVmv5K+y0=
4,61,E5fEqpaFlcUT2UmtX8aPaYIlg50=,Ch/zDAqMd+nEDLKgMOSVmv5K+y0=
7,60,E5fEqpaFlcUT2UmtX8aPaYIlg50=,Ch/zDAqMd+nEDLKgMOSVmv5K+y0=
6,60,E5fEqpaFlcUT2UmtX8aPaYIlg50=,Ch/zDAqMd+nEDLKgMOSVmv5K+y0=
5,60,E5fEqpaFlcUT2UmtX8aPaYIlg50=,Ch/zDAqMd+nEDLKgMOSVmv5K+y0=
4,60,E5fEqpaFlcUT2UmtX8aPaYIlg50=,Ch/zDAqMd+nEDLKgMOSVmv5K+y0=
7,59,cqHKcoHRhyLqcQHGNW6K/vk8fgM=,Ch/zDAqMd+nEDLKgMOSVmv5K+y0=
6,59,cqHKcoHRhyLqcQHGNW6K/vk8fgM=,Ch/zDAqMd+nEDLKgMOSVmv5K+y0=
5,59,cqHKcoHRhyLqcQHGNW6K/vk8fgM=,Ch/zDAqMd+nEDLKgMOSVmv5K+y0=
4,59,cqHKcoHRhyLqcQHGNW6K/vk8fgM=,Ch/zDAqMd+nEDLKgMOSVmv5K+y0=
7,58,cqHKcoHRhyLqcQHGNW6K/vk8fgM=,Ch/zDAqMd+nEDLKgMOSVmv5K+y0=
6,58,cqHKcoHRhyLqcQHGNW6K/vk8fgM=,Ch/zDAqMd+nEDLKgMOSVmv5K+y0=
9,61,UUwZ+XvPwywRyKaBpdBXciSWBGc=,bsQG81Vm3COjMF7uUhJQlVQTeL0=
8,61,UUwZ+XvPwywRyKaBpdBXciSWBGc=,bsQG81Vm3COjMF7uUhJQlVQTeL0=
5,58,UUwZ+XvPwywRyKaBpdBXciSWBGc=,Ch/zDAqMd+nEDLKgMOSVmv5K+y0=
4,58,UUwZ+XvPwywRyKaBpdBXciSWBGc=,Ch/zDAqMd+nEDLKgMOSVmv5K+y0=
9,60,UUwZ+XvPwywRyKaBpdBXciSWBGc=,bsQG81Vm3COjMF7uUhJQlVQTeL0=
8,60,UUwZ+XvPwywRyKaBpdBXciSWBGc=,bsQG81Vm3COjMF7uUhJQlVQTeL0=
9,58,UUwZ+XvPwywRyKaBpdBXciSWBGc=,bsQG81Vm3COjMF7uUhJQlVQTeL0=
8,58,laYfOYAEK/jOBA/SCeYjcQUfw4U=,bsQG81Vm3COjMF7uUhJQlVQTeL0=
5,55,8nBVmgDjrNVvhxRPshmnbhRoqYo=,Tvac7ixx48U5WFgVSwMrx+b0r8Q=
4,55,8nBVmgDjrNVvhxRPshmnbhRoqYo=,Tvac7ixx48U5WFgVSwMrx+b0r8Q=
5,54,8nBVmgDjrNVvhxRPshmnbhRoqYo=,Tvac7ixx48U5WFgVSwMrx+b0r8Q=
4,54,tuKOktyLZ0gfA+bhLALjaHelu6o=,Tvac7ixx48U5WFgVSwMrx+b0r8Q=
3,57,tuKOktyLZ0gfA+bhLALjaHelu6o=,fXT8Mk2KCxedqpgdXi6Q8pmYxfg=
2,57,tuKOktyLZ0gfA+bhLALjaHelu6o=,fXT8Mk2KCxedqpgdXi6Q8pmYxfg=
3,56,tuKOktyLZ0gfA+bhLALjaHelu6o=,fXT8Mk2KCxedqpgdXi6Q8pmYxfg=
2,56,tuKOktyLZ0gfA+bhLALjaHelu6o=,fXT8Mk2KCxedqpgdXi6Q8pmYxfg=
3,55,tuKOktyLZ0gfA+bhLALjaHelu6o=,fXT8Mk2KCxedqpgdXi6Q8pmYxfg=
2,55,tuKOktyLZ0gfA+bhLALjaHelu6o=,fXT8Mk2KCxedqpgdXi6Q8pmYxfg=
3,54,tuKOktyLZ0gfA+bhLALjaHelu6o=,fXT8Mk2KCxedqpgdXi6Q8pmYxfg=
2,54,tuKOktyLZ0gfA+bhLALjaHelu6o=,fXT8Mk2KCxedqpgdXi6Q8pmYxfg=
5,57,tuKOktyLZ0gfA+bhLALjaHelu6o=,Ch/zDAqMd+nEDLKgMOSVmv5K+y0=
4,57,tuKOktyLZ0gfA+bhLALjaHelu6o=,Ch/zDAqMd+nEDLKgMOSVmv5K+y0=
5,56,ByG5tQDFrwUhWevsel2md0DhTH0=,Ch/zDAqMd+nEDLKgMOSVmv5K+y0=
4,56,ByG5tQDFrwUhWevsel2md0DhTH0=,Ch/zDAqMd+nEDLKgMOSVmv5K+y0=
3,51,7AIens8h3EZ/jFzy2YGx8GYt0pU=,fXT8Mk2KCxedqpgdXi6Q8pmYxfg=
2,51,7AIens8h3EZ/jFzy2YGx8GYt0pU=,fXT8Mk2KCxedqpgdXi6Q8pmYxfg=
3,50,8NYb6wpT0Aj7yJMIlY+PAGMyBTI=,fXT8Mk2KCxedqpgdXi6Q8pmYxfg=
2,50,8NYb6wpT0Aj7yJMIlY+PAGMyBTI=,fXT8Mk2KCxedqpgdXi6Q8pmYxfg=
5,53,8NYb6wpT0Aj7yJMIlY+PAGMyBTI=,Tvac7ixx48U5WFgVSwMrx+b0r8Q=
4,53,8NYb6wpT0Aj7yJMIlY+PAGMyBTI=,Tvac7ixx48U5WFgVSwMrx+b0r8Q=
3,49,8NYb6wpT0Aj7yJMIlY+PAGMyBTI=,fXT8Mk2KCxedqpgdXi6Q8pmYxfg=
2,49,bRq6nc5ZR1qIwUpMA4Isb7fuJLY=,fXT8Mk2KCxedqpgdXi6Q8pmYxfg=
5,52,bRq6nc5ZR1qIwUpMA4Isb7fuJLY=,Tvac7ixx48U5WFgVSwMrx+b0r8Q=
4,52,bRq6nc5ZR1qIwUpMA4Isb7fuJLY=,Tvac7ixx48U5WFgVSwMrx+b0r8Q=
5,51,bRq6nc5ZR1qIwUpMA4Isb7fuJLY=,Tvac7ixx48U5WFgVSwMrx+b0r8Q=
4,51,bRq6nc5ZR1qIwUpMA4Isb7fuJLY=,Tvac7ixx48U5WFgVSwMrx+b0r8Q=
1,49,bRq6nc5ZR1qIwUpMA4Isb7fuJLY=,fXT8Mk2KCxedqpgdXi6Q8pmYxfg=
0,49,783VndvBjH/FYisUeHVmMOxmgyk=,fXT8Mk2KCxedqpgdXi6Q8pmYxfg=
5,50,783VndvBjH/FYisUeHVmMOxmgyk=,Tvac7ixx48U5WFgVSwMrx+b0r8Q=
4,50,783VndvBjH/FYisUeHVmMOxmgyk=,Tvac7ixx48U5WFgVSwMrx+b0r8Q=
3,53,783VndvBjH/FYisUeHVmMOxmgyk=,fXT8Mk2KCxedqpgdXi6Q8pmYxfg=
2,53,783VndvBjH/FYisUeHVmMOxmgyk=,fXT8Mk2KCxedqpgdXi6Q8pmYxfg=
3,48,783VndvBjH/FYisUeHVmMOxmgyk=,fXT8Mk2KCxedqpgdXi6Q8pmYxfg=
2,48,783VndvBjH/FYisUeHVmMOxmgyk=,fXT8Mk2KCxedqpgdXi6Q8pmYxfg=
5,49,Ehzhx1VAscpb+IUfCR8txHHsKck=,Tvac7ixx48U5WFgVSwMrx+b0r8Q=
4,49,Ehzhx1VAscpb+IUfCR8txHHsKck=,Tvac7ixx48U5WFgVSwMrx+b0r8Q=
3,52,Ehzhx1VAscpb+IUfCR8txHHsKck=,fXT8Mk2KCxedqpgdXi6Q8pmYxfg=
2,52,Ehzhx1VAscpb+IUfCR8txHHsKck=,fXT8Mk2KCxedqpgdXi6Q8pmYxfg=
5,48,vLPpzeYYeBj89/nAg1AU9HZVRaY=,Tvac7ixx48U5WFgVSwMrx+b0r8Q=
1,48,vLPpzeYYeBj89/nAg1AU9HZVRaY=,fXT8Mk2KCxedqpgdXi6Q8pmYxfg=
0,48,vLPpzeYYeBj89/nAg1AU9HZVRaY=,fXT8Mk2KCxedqpgdXi6Q8pmYxfg=
4,48,vLPpzeYYeBj89/nAg1AU9HZVRaY=,Tvac7ixx48U5WFgVSwMrx+b0r8Q=
15,57,vLPpzeYYeBj89/nAg1AU9HZVRaY=,WiYLOEkwCioe3s/fuKYNC7uVwhA=
11,55,vLPpzeYYeBj89/nAg1AU9HZVRaY=,bsQG81Vm3COjMF7uUhJQlVQTeL0=
15,55,vLPpzeYYeBj89/nAg1AU9HZVRaY=,WiYLOEkwCioe3s/fuKYNC7uVwhA=
14,57,l/RtotXXN4zpEUXBSngYQdjPz7Q=,WiYLOEkwCioe3s/fuKYNC7uVwhA=
10,55,l/RtotXXN4zpEUXBSngYQdjPz7Q=,bsQG81Vm3COjMF7uUhJQlVQTeL0=
14,55,l/RtotXXN4zpEUXBSngYQdjPz7Q=,WiYLOEkwCioe3s/fuKYNC7uVwhA=
9,53,l/RtotXXN4zpEUXBSngYQdjPz7Q=,bsQG81Vm3COjMF7uUhJQlVQTeL0=
15,54,l/RtotXXN4zpEUXBSngYQdjPz7Q=,WiYLOEkwCioe3s/fuKYNC7uVwhA=
8,53,l/RtotXXN4zpEUXBSngYQdjPz7Q=,bsQG81Vm3COjMF7uUhJQlVQTeL0=
11,54,l/RtotXXN4zpEUXBSngYQdjPz7Q=,bsQG81Vm3COjMF7uUhJQlVQTeL0=
14,54,l/RtotXXN4zpEUXBSngYQdjPz7Q=,WiYLOEkwCioe3s/fuKYNC7uVwhA=
10,54,l/RtotXXN4zpEUXBSngYQdjPz7Q=,bsQG81Vm3COjMF7uUhJQlVQTeL0=
15,56,l/RtotXXN4zpEUXBSngYQdjPz7Q=,WiYLOEkwCioe3s/fuKYNC7uVwhA=
7,55,eM8VuYookMt8wf9GAwbYB4rXZUo=,Tvac7ixx48U5WFgVSwMrx+b0r8Q=
7,49,eM8VuYookMt8wf9GAwbYB4rXZUo=,Tvac7ixx48U5WFgVSwMrx+b0r8Q=
14,56,eM8VuYookMt8wf9GAwbYB4rXZUo=,WiYLOEkwCioe3s/fuKYNC7uVwhA=
11,51,eM8VuYookMt8wf9GAwbYB4rXZUo=,bsQG81Vm3COjMF7uUhJQlVQTeL0=
6,55,eM8VuYookMt8wf9GAwbYB4rXZUo=,Tvac7ixx48U5WFgVSwMrx+b0r8Q=
6,49,eM8VuYookMt8wf9GAwbYB4rXZUo=,Tvac7ixx48U5WFgVSwMrx+b0r8Q=
1,59,eM8VuYookMt8wf9GAwbYB4rXZUo=,fXT8Mk2KCxedqpgdXi6Q8pmYxfg=
11,53,eM8VuYookMt8wf9GAwbYB4rXZUo=,bsQG81Vm3COjMF7uUhJQlVQTeL0=
9,51,eM8VuYookMt8wf9GAwbYB4rXZUo=,bsQG81Vm3COjMF7uUhJQlVQTeL0=
9,49,eM8VuYookMt8wf9GAwbYB4rXZUo=,bsQG81Vm3COjMF7uUhJQlVQTeL0=
10,53,eM8VuYookMt8wf9GAwbYB4rXZUo=,bsQG81Vm3COjMF7uUhJQlVQTeL0=
8,49,eM8VuYookMt8wf9GAwbYB4rXZUo=,bsQG81Vm3COjMF7uUhJQlVQTeL0=
0,59,eM8VuYookMt8wf9GAwbYB4rXZUo=,fXT8Mk2KCxedqpgdXi6Q8pmYxfg=
8,51,eM8VuYookMt8wf9GAwbYB4rXZUo=,bsQG81Vm3COjMF7uUhJQlVQTeL0=
1,58,eM8VuYookMt8wf9GAwbYB4rXZUo=,fXT8Mk2KCxedqpgdXi6Q8pmYxfg=
0,58,eM8VuYookMt8wf9GAwbYB4rXZUo=,fXT8Mk2KCxedqpgdXi6Q8pmYxfg=
10,51,eM8VuYookMt8wf9GAwbYB4rXZUo=,bsQG81Vm3COjMF7uUhJQlVQTeL0=
7,48,eM8VuYookMt8wf9GAwbYB4rXZUo=,Tvac7ixx48U5WFgVSwMrx+b0r8Q=
9,54,eM8VuYookMt8wf9GAwbYB4rXZUo=,bsQG81Vm3COjMF7uUhJQlVQTeL0=
11,52,eM8VuYookMt8wf9GAwbYB4rXZUo=,bsQG81Vm3COjMF7uUhJQlVQTeL0=
1,51,7IeCAtNPZHRdcysl9A6RWph5fr8=,fXT8Mk2KCxedqpgdXi6Q8pmYxfg=
6,48,7IeCAtNPZHRdcysl9A6RWph5fr8=,Tvac7ixx48U5WFgVSwMrx+b0r8Q=
15,53,7IeCAtNPZHRdcysl9A6RWph5fr8=,WiYLOEkwCioe3s/fuKYNC7uVwhA=
0,51,7IeCAtNPZHRdcysl9A6RWph5fr8=,fXT8Mk2KCxedqpgdXi6Q8pmYxfg=
9,48,7IeCAtNPZHRdcysl9A6RWph5fr8=,bsQG81Vm3COjMF7uUhJQlVQTeL0=
8,54,7IeCAtNPZHRdcysl9A6RWph5fr8=,bsQG81Vm3COjMF7uUhJQlVQTeL0=
10,52,7IeCAtNPZHRdcysl9A6RWph5fr8=,bsQG81Vm3COjMF7uUhJQlVQTeL0=
1,57,7IeCAtNPZHRdcysl9A6RWph5fr8=,fXT8Mk2KCxedqpgdXi6Q8pmYxfg=
8,48,7IeCAtNPZHRdcysl9A6RWph5fr8=,bsQG81Vm3COjMF7uUhJQlVQTeL0=
14,53,7IeCAtNPZHRdcysl9A6RWph5fr8=,WiYLOEkwCioe3s/fuKYNC7uVwhA=
7,54,7IeCAtNPZHRdcysl9A6RWph5fr8=,Tvac7ixx48U5WFgVSwMrx+b0r8Q=
6,54,7IeCAtNPZHRdcysl9A6RWph5fr8=,Tvac7ixx48U5WFgVSwMrx+b0r8Q=
0,57,7IeCAtNPZHRdcysl9A6RWph5fr8=,fXT8Mk2KCxedqpgdXi6Q8pmYxfg=
7,53,7IeCAtNPZHRdcysl9A6RWph5fr8=,Tvac7ixx48U5WFgVSwMrx+b0r8Q=
1,50,7IeCAtNPZHRdcysl9A6RWph5fr8=,fXT8Mk2KCxedqpgdXi6Q8pmYxfg=
15,51,7IeCAtNPZHRdcysl9A6RWph5fr8=,WiYLOEkwCioe3s/fuKYNC7uVwhA=
0,50,7IeCAtNPZHRdcysl9A6RWph5fr8=,fXT8Mk2KCxedqpgdXi6Q8pmYxfg=
1,56,7IeCAtNPZHRdcysl9A6RWph5fr8=,fXT8Mk2KCxedqpgdXi6Q8pmYxfg=
6,53,bqUoNb9NDxOEaWjwuqYux7PUusQ=,Tvac7ixx48U5WFgVSwMrx+b0r8Q=
0,56,bqUoNb9NDxOEaWjwuqYux7PUusQ=,fXT8Mk2KCxedqpgdXi6Q8pmYxfg=
14,51,bqUoNb9NDxOEaWjwuqYux7PUusQ=,WiYLOEkwCioe3s/fuKYNC7uVwhA=
1,55,bqUoNb9NDxOEaWjwuqYux7PUusQ=,fXT8Mk2KCxedqpgdXi6Q8pmYxfg=
11,50,bqUoNb9NDxOEaWjwuqYux7PUusQ=,bsQG81Vm3COjMF7uUhJQlVQTeL0=
0,55,bqUoNb9NDxOEaWjwuqYux7PUusQ=,fXT8Mk2KCxedqpgdXi6Q8pmYxfg=
11,57,bqUoNb9NDxOEaWjwuqYux7PUusQ=,bsQG81Vm3COjMF7uUhJQlVQTeL0=
10,50,bqUoNb9NDxOEaWjwuqYux7PUusQ=,bsQG81Vm3COjMF7uUhJQlVQTeL0=
1,54,bqUoNb9NDxOEaWjwuqYux7PUusQ=,fXT8Mk2KCxedqpgdXi6Q8pmYxfg=
0,54,bqUoNb9NDxOEaWjwuqYux7PUusQ=,fXT8Mk2KCxedqpgdXi6Q8pmYxfg=
1,53,bqUoNb9NDxOEaWjwuqYux7PUusQ=,fXT8Mk2KCxedqpgdXi6Q8pmYxfg=
0,53,bqUoNb9NDxOEaWjwuqYux7PUusQ=,fXT8Mk2KCxedqpgdXi6Q8pmYxfg=
10,57,bqUoNb9NDxOEaWjwuqYux7PUusQ=,bsQG81Vm3COjMF7uUhJQlVQTeL0=
13,51,bqUoNb9NDxOEaWjwuqYux7PUusQ=,WiYLOEkwCioe3s/fuKYNC7uVwhA=
1,52,bqUoNb9NDxOEaWjwuqYux7PUusQ=,fXT8Mk2KCxedqpgdXi6Q8pmYxfg=
12,51,bqUoNb9NDxOEaWjwuqYux7PUusQ=,WiYLOEkwCioe3s/fuKYNC7uVwhA=
7,52,bqUoNb9NDxOEaWjwuqYux7PUusQ=,Tvac7ixx48U5WFgVSwMrx+b0r8Q=
6,52,bqUoNb9NDxOEaWjwuqYux7PUusQ=,Tvac7ixx48U5WFgVSwMrx+b0r8Q=
0,52,bqUoNb9NDxOEaWjwuqYux7PUusQ=,fXT8Mk2KCxedqpgdXi6Q8pmYxfg=
15,50,bqUoNb9NDxOEaWjwuqYux7PUusQ=,WiYLOEkwCioe3s/fuKYNC7uVwhA=
9,57,bqUoNb9NDxOEaWjwuqYux7PUusQ=,bsQG81Vm3COjMF7uUhJQlVQTeL0=
14,50,bqUoNb9NDxOEaWjwuqYux7PUusQ=,WiYLOEkwCioe3s/fuKYNC7uVwhA=
8,57,bqUoNb9NDxOEaWjwuqYux7PUusQ=,bsQG81Vm3COjMF7uUhJQlVQTeL0=
13,53,bqUoNb9NDxOEaWjwuqYux7PUusQ=,WiYLOEkwCioe3s/fuKYNC7uVwhA=
12,53,bqUoNb9NDxOEaWjwuqYux7PUusQ=,WiYLOEkwCioe3s/fuKYNC7uVwhA=
7,51,bqUoNb9NDxOEaWjwuqYux7PUusQ=,Tvac7ixx48U5WFgVSwMrx+b0r8Q=
13,50,bqUoNb9NDxOEaWjwuqYux7PUusQ=,WiYLOEkwCioe3s/fuKYNC7uVwhA=
6,51,bqUoNb9NDxOEaWjwuqYux7PUusQ=,Tvac7ixx48U5WFgVSwMrx+b0r8Q=
12,50,SnzWyiJSkCTfY46Tf5WQOhrdLqQ=,WiYLOEkwCioe3s/fuKYNC7uVwhA=
13,55,SnzWyiJSkCTfY46Tf5WQOhrdLqQ=,WiYLOEkwCioe3s/fuKYNC7uVwhA=
12,55,SnzWyiJSkCTfY46Tf5WQOhrdLqQ=,WiYLOEkwCioe3s/fuKYNC7uVwhA=
15,49,SnzWyiJSkCTfY46Tf5WQOhrdLqQ=,WiYLOEkwCioe3s/fuKYNC7uVwhA=
11,56,SnzWyiJSkCTfY46Tf5WQOhrdLqQ=,bsQG81Vm3COjMF7uUhJQlVQTeL0=
14,49,SnzWyiJSkCTfY46Tf5WQOhrdLqQ=,WiYLOEkwCioe3s/fuKYNC7uVwhA=
10,56,SnzWyiJSkCTfY46Tf5WQOhrdLqQ=,bsQG81Vm3COjMF7uUhJQlVQTeL0=
13,49,SnzWyiJSkCTfY46Tf5WQOhrdLqQ=,WiYLOEkwCioe3s/fuKYNC7uVwhA=
12,49,SnzWyiJSkCTfY46Tf5WQOhrdLqQ=,WiYLOEkwCioe3s/fuKYNC7uVwhA=
13,57,SnzWyiJSkCTfY46Tf5WQOhrdLqQ=,WiYLOEkwCioe3s/fuKYNC7uVwhA=
15,48,SnzWyiJSkCTfY46Tf5WQOhrdLqQ=,WiYLOEkwCioe3s/fuKYNC7uVwhA=
11,49,SnzWyiJSkCTfY46Tf5WQOhrdLqQ=,bsQG81Vm3COjMF7uUhJQlVQTeL0=
12,57,SnzWyiJSkCTfY46Tf5WQOhrdLqQ=,WiYLOEkwCioe3s/fuKYNC7uVwhA=
9,50,SnzWyiJSkCTfY46Tf5WQOhrdLqQ=,bsQG81Vm3COjMF7uUhJQlVQTeL0=
14,48,SnzWyiJSkCTfY46Tf5WQOhrdLqQ=,WiYLOEkwCioe3s/fuKYNC7uVwhA=
10,49,SnzWyiJSkCTfY46Tf5WQOhrdLqQ=,bsQG81Vm3COjMF7uUhJQlVQTeL0=
11,48,SnzWyiJSkCTfY46Tf5WQOhrdLqQ=,bsQG81Vm3COjMF7uUhJQlVQTeL0=
10,48,SnzWyiJSkCTfY46Tf5WQOhrdLqQ=,bsQG81Vm3COjMF7uUhJQlVQTeL0=
8,50,SnzWyiJSkCTfY46Tf5WQOhrdLqQ=,bsQG81Vm3COjMF7uUhJQlVQTeL0=
9,52,SnzWyiJSkCTfY46Tf5WQOhrdLqQ=,bsQG81Vm3COjMF7uUhJQlVQTeL0=
13,48,SnzWyiJSkCTfY46Tf5WQOhrdLqQ=,WiYLOEkwCioe3s/fuKYNC7uVwhA=
12,48,SnzWyiJSkCTfY46Tf5WQOhrdLqQ=,WiYLOEkwCioe3s/fuKYNC7uVwhA=
8,52,nLv9YFc1PpU5q7vcutqLltflbWI=,bsQG81Vm3COjMF7uUhJQlVQTeL0=
15,52,nLv9YFc1PpU5q7vcutqLltflbWI=,WiYLOEkwCioe3s/fuKYNC7uVwhA=
14,52,nLv9YFc1PpU5q7vcutqLltflbWI=,WiYLOEkwCioe3s/fuKYNC7uVwhA=
7,50,nLv9YFc1PpU5q7vcutqLltflbWI=,Tvac7ixx48U5WFgVSwMrx+b0r8Q=
13,52,nLv9YFc1PpU5q7vcutqLltflbWI=,WiYLOEkwCioe3s/fuKYNC7uVwhA=
12,52,nLv9YFc1PpU5q7vcutqLltflbWI=,WiYLOEkwCioe3s/fuKYNC7uVwhA=
6,50,nLv9YFc1PpU5q7vcutqLltflbWI=,Tvac7ixx48U5WFgVSwMrx+b0r8Q=
13,56,nLv9YFc1PpU5q7vcutqLltflbWI=,WiYLOEkwCioe3s/fuKYNC7uVwhA=
7,57,nLv9YFc1PpU5q7vcutqLltflbWI=,Ch/zDAqMd+nEDLKgMOSVmv5K+y0=
12,56,nLv9YFc1PpU5q7vcutqLltflbWI=,WiYLOEkwCioe3s/fuKYNC7uVwhA=
6,57,PPakDiK9lmw6t9oz2gfkuBoWclg=,Ch/zDAqMd+nEDLKgMOSVmv5K+y0=
9,56,PPakDiK9lmw6t9oz2gfkuBoWclg=,bsQG81Vm3COjMF7uUhJQlVQTeL0=
8,56,PPakDiK9lmw6t9oz2gfkuBoWclg=,bsQG81Vm3COjMF7uUhJQlVQTeL0=
13,54,PPakDiK9lmw6t9oz2gfkuBoWclg=,WiYLOEkwCioe3s/fuKYNC7uVwhA=
12,54,PPakDiK9lmw6t9oz2gfkuBoWclg=,WiYLOEkwCioe3s/fuKYNC7uVwhA=
9,55,PPakDiK9lmw6t9oz2gfkuBoWclg=,bsQG81Vm3COjMF7uUhJQlVQTeL0=
7,56,PPakDiK9lmw6t9oz2gfkuBoWclg=,Ch/zDAqMd+nEDLKgMOSVmv5K+y0=
8,55,PPakDiK9lmw6t9oz2gfkuBoWclg=,bsQG81Vm3COjMF7uUhJQlVQTeL0=
6,56,x3hv0ypBjEixnbjsUFCNmTVjhQg=,Ch/zDAqMd+nEDLKgMOSVmv5K+y0=
31,33,RrOra91Tw/u6CqYpzOxaFevEy68=,pLugWVeGSCzncF2/jaLWpX5SOg8=
30,33,RrOra91Tw/u6CqYpzOxaFevEy68=,pLugWVeGSCzncF2/jaLWpX5SOg8=
31,32,RrOra91Tw/u6CqYpzOxaFevEy68=,pLugWVeGSCzncF2/jaLWpX5SOg8=
30,32,RrOra91Tw/u6CqYpzOxaFevEy68=,pLugWVeGSCzncF2/jaLWpX5SOg8=
29,33,7lpTzA+ycXVRIO7wqzlYQEJdLwI=,pLugWVeGSCzncF2/jaLWpX5SOg8=
28,33,7lpTzA+ycXVRIO7wqzlYQEJdLwI=,pLugWVeGSCzncF2/jaLWpX5SOg8=
27,33,7lpTzA+ycXVRIO7wqzlYQEJdLwI=,Md5uoz6GCgkZHN7KXcAVPaZMaiY=
26,33,7lpTzA+ycXVRIO7wqzlYQEJdLwI=,Md5uoz6GCgkZHN7KXcAVPaZMaiY=
27,32,7lpTzA+ycXVRIO7wqzlYQEJdLwI=,Md5uoz6GCgkZHN7KXcAVPaZMaiY=
26,32,7lpTzA+ycXVRIO7wqzlYQEJdLwI=,Md5uoz6GCgkZHN7KXcAVPaZMaiY=
29,32,7lpTzA+ycXVRIO7wqzlYQEJdLwI=,pLugWVeGSCzncF2/jaLWpX5SOg8=
28,32,7lpTzA+ycXVRIO7wqzlYQEJdLwI=,pLugWVeGSCzncF2/jaLWpX5SOg8=
17,33,7lpTzA+ycXVRIO7wqzlYQEJdLwI=,tZM0uz2XKBwCfdRIe+aM3ihiE70=
16,33,7lpTzA+ycXVRIO7wqzlYQEJdLwI=,tZM0uz2XKBwCfdRIe+aM3ihiE70=
17,32,7lpTzA+ycXVRIO7wqzlYQEJdLwI=,tZM0uz2XKBwCfdRIe+aM3ihiE70=
16,32,7lpTzA+ycXVRIO7wqzlYQEJdLwI=,tZM0uz2XKBwCfdRIe+aM3ihiE70=
23,39,9Y5JpeObT1FZq5tRAl1ejPgq2WA=,K4RqFPKvP9fTTsFV0lkaWap/NRQ=
22,39,9Y5JpeObT1FZq5tRAl1ejPgq2WA=,K4RqFPKvP9fTTsFV0lkaWap/NRQ=
23,38,9Y5JpeObT1FZq5tRAl1ejPgq2WA=,K4RqFPKvP9fTTsFV0lkaWap/NRQ=
22,38,9Y5JpeObT1FZq5tRAl1ejPgq2WA=,K4RqFPKvP9fTTsFV0lkaWap/NRQ=
23,35,0OglesAzFhtuefTGSFPT7paJ5oM=,K4RqFPKvP9fTTsFV0lkaWap/NRQ=
22,35,WW1ewG+jiRCSRP5rzZyio50QFsg=,K4RqFPKvP9fTTsFV0lkaWap/NRQ=
23,34,WW1ewG+jiRCSRP5rzZyio50QFsg=,K4RqFPKvP9fTTsFV0lkaWap/NRQ=
22,34,WW1ewG+jiRCSRP5rzZyio50QFsg=,K4RqFPKvP9fTTsFV0lkaWap/NRQ=
23,33,WW1ewG+jiRCSRP5rzZyio50QFsg=,K4RqFPKvP9fTTsFV0lkaWap/NRQ=
21,35,WW1ewG+jiRCSRP5rzZyio50QFsg=,K4RqFPKvP9fTTsFV0lkaWap/NRQ=
22,33,WW1ewG+jiRCSRP5rzZyio50QFsg=,K4RqFPKvP9fTTsFV0lkaWap/NRQ=
21,39,WW1ewG+jiRCSRP5rzZyio50QFsg=,K4RqFPKvP9fTTsFV0lkaWap/NRQ=
20,39,WW1ewG+jiRCSRP5rzZyio50QFsg=,K4RqFPKvP9fTTsFV0lkaWap/NRQ=
21,33,WW1ewG+jiRCSRP5rzZyio50QFsg=,K4RqFPKvP9fTTsFV0lkaWap/NRQ=
19,39,WW1ewG+jiRCSRP5rzZyio50QFsg=,tZM0uz2XKBwCfdRIe+aM3ihiE70=
20,35,WW1ewG+jiRCSRP5rzZyio50QFsg=,K4RqFPKvP9fTTsFV0lkaWap/NRQ=
19,43,WW1ewG+jiRCSRP5rzZyio50QFsg=,fTGHja2OemPojdT4geCQjDHuYDA=
18,43,O0kMLdrLe0n6aCP7x04/12VG6AQ=,fTGHja2OemPojdT4geCQjDHuYDA=
19,42,O0kMLdrLe0n6aCP7x04/12VG6AQ=,fTGHja2OemPojdT4geCQjDHuYDA=
18,42,O0kMLdrLe0n6aCP7x04/12VG6AQ=,fTGHja2OemPojdT4geCQjDHuYDA=
19,45,O0kMLdrLe0n6aCP7x04/12VG6AQ=,8pHxMbQbt/OIxLOTFrSGdJE/Td4=
20,33,O0kMLdrLe0n6aCP7x04/12VG6AQ=,K4RqFPKvP9fTTsFV0lkaWap/NRQ=
21,34,O0kMLdrLe0n6aCP7x04/12VG6AQ=,K4RqFPKvP9fTTsFV0lkaWap/NRQ=
18,45,O0kMLdrLe0n6aCP7x04/12VG6AQ=,8pHxMbQbt/OIxLOTFrSGdJE/Td4=
18,39,O0kMLdrLe0n6aCP7x04/12VG6AQ=,tZM0uz2XKBwCfdRIe+aM3ihiE70=
23,32,O0kMLdrLe0n6aCP7x04/12VG6AQ=,K4RqFPKvP9fTTsFV0lkaWap/NRQ=
19,44,O0kMLdrLe0n6aCP7x04/12VG6AQ=,8pHxMbQbt/OIxLOTFrSGdJE/Td4=
20,34,O0kMLdrLe0n6aCP7x04/12VG6AQ=,K4RqFPKvP9fTTsFV0lkaWap/NRQ=
18,44,O0kMLdrLe0n6aCP7x04/12VG6AQ=,8pHxMbQbt/OIxLOTFrSGdJE/Td4=
21,38,O0kMLdrLe0n6aCP7x04/12VG6AQ=,K4RqFPKvP9fTTsFV0lkaWap/NRQ=
22,32,O0kMLdrLe0n6aCP7x04/12VG6AQ=,K4RqFPKvP9fTTsFV0lkaWap/NRQ=
19,37,O0kMLdrLe0n6aCP7x04/12VG6AQ=,tZM0uz2XKBwCfdRIe+aM3ihiE70=
21,32,O0kMLdrLe0n6aCP7x04/12VG6AQ=,K4RqFPKvP9fTTsFV0lkaWap/NRQ=
17,39,orUOAB4IFqFqQAnupz7QKPu8Ps0=,tZM0uz2XKBwCfdRIe+aM3ihiE70=
18,37,orUOAB4IFqFqQAnupz7QKPu8Ps0=,tZM0uz2XKBwCfdRIe+aM3ihiE70=
19,47,orUOAB4IFqFqQAnupz7QKPu8Ps0=,8pHxMbQbt/OIxLOTFrSGdJE/Td4=
20,32,orUOAB4IFqFqQAnupz7QKPu8Ps0=,K4RqFPKvP9fTTsFV0lkaWap/NRQ=
16,39,orUOAB4IFqFqQAnupz7QKPu8Ps0=,tZM0uz2XKBwCfdRIe+aM3ihiE70=
17,37,orUOAB4IFqFqQAnupz7QKPu8Ps0=,tZM0uz2XKBwCfdRIe+aM3ihiE70=
18,47,orUOAB4IFqFqQAnupz7QKPu8Ps0=,8pHxMbQbt/OIxLOTFrSGdJE/Td4=
19,33,orUOAB4IFqFqQAnupz7QKPu8Ps0=,tZM0uz2XKBwCfdRIe+aM3ihiE70=
20,38,orUOAB4IFqFqQAnupz7QKPu8Ps0=,K4RqFPKvP9fTTsFV0lkaWap/NRQ=
19,46,orUOAB4IFqFqQAnupz7QKPu8Ps0=,8pHxMbQbt/OIxLOTFrSGdJE/Td4=
16,37,orUOAB4IFqFqQAnupz7QKPu8Ps0=,tZM0uz2XKBwCfdRIe+aM3ihiE70=
18,46,orUOAB4IFqFqQAnupz7QKPu8Ps0=,8pHxMbQbt/OIxLOTFrSGdJE/Td4=
18,33,orUOAB4IFqFqQAnupz7QKPu8Ps0=,tZM0uz2XKBwCfdRIe+aM3ihiE70=
23,37,orUOAB4IFqFqQAnupz7QKPu8Ps0=,K4RqFPKvP9fTTsFV0lkaWap/NRQ=
19,38,orUOAB4IFqFqQAnupz7QKPu8Ps0=,tZM0uz2XKBwCfdRIe+aM3ihiE70=
19,36,orUOAB4IFqFqQAnupz7QKPu8Ps0=,tZM0uz2XKBwCfdRIe+aM3ihiE70=
22,37,orUOAB4IFqFqQAnupz7QKPu8Ps0=,K4RqFPKvP9fTTsFV0lkaWap/NRQ=
18,36,orUOAB4IFqFqQAnupz7QKPu8Ps0=,tZM0uz2XKBwCfdRIe+aM3ihiE70=
25,34,orUOAB4IFqFqQAnupz7QKPu8Ps0=,Md5uoz6GCgkZHN7KXcAVPaZMaiY=
24,34,orUOAB4IFqFqQAnupz7QKPu8Ps0=,Md5uoz6GCgkZHN7KXcAVPaZMaiY=
17,36,orUOAB4IFqFqQAnupz7QKPu8Ps0=,tZM0uz2XKBwCfdRIe+aM3ihiE70=
18,38,orUOAB4IFqFqQAnupz7QKPu8Ps0=,tZM0uz2XKBwCfdRIe+aM3ihiE70=
16,36,orUOAB4IFqFqQAnupz7QKPu8Ps0=,tZM0uz2XKBwCfdRIe+aM3ihiE70=
19,32,orUOAB4IFqFqQAnupz7QKPu8Ps0=,tZM0uz2XKBwCfdRIe+aM3ihiE70=
18,32,87B1sFupNcUNszrnGbOFh+z9u3A=,tZM0uz2XKBwCfdRIe+aM3ihiE70=
19,35,87B1sFupNcUNszrnGbOFh+z9u3A=,tZM0uz2XKBwCfdRIe+aM3ihiE70=
17,38,87B1sFupNcUNszrnGbOFh+z9u3A=,tZM0uz2XKBwCfdRIe+aM3ihiE70=
17,43,87B1sFupNcUNszrnGbOFh+z9u3A=,fTGHja2OemPojdT4geCQjDHuYDA=
25,33,87B1sFupNcUNszrnGbOFh+z9u3A=,Md5uoz6GCgkZHN7KXcAVPaZMaiY=
18,35,87B1sFupNcUNszrnGbOFh+z9u3A=,tZM0uz2XKBwCfdRIe+aM3ihiE70=
16,38,87B1sFupNcUNszrnGbOFh+z9u3A=,tZM0uz2XKBwCfdRIe+aM3ihiE70=
16,43,87B1sFupNcUNszrnGbOFh+z9u3A=,fTGHja2OemPojdT4geCQjDHuYDA=
24,33,87B1sFupNcUNszrnGbOFh+z9u3A=,Md5uoz6GCgkZHN7KXcAVPaZMaiY=
17,35,87B1sFupNcUNszrnGbOFh+z9u3A=,tZM0uz2XKBwCfdRIe+aM3ihiE70=
19,41,87B1sFupNcUNszrnGbOFh+z9u3A=,fTGHja2OemPojdT4geCQjDHuYDA=
23,36,87B1sFupNcUNszrnGbOFh+z9u3A=,K4RqFPKvP9fTTsFV0lkaWap/NRQ=
16,35,87B1sFupNcUNszrnGbOFh+z9u3A=,tZM0uz2XKBwCfdRIe+aM3ihiE70=
18,41,87B1sFupNcUNszrnGbOFh+z9u3A=,fTGHja2OemPojdT4geCQjDHuYDA=
17,42,87B1sFupNcUNszrnGbOFh+z9u3A=,fTGHja2OemPojdT4geCQjDHuYDA=
25,32,87B1sFupNcUNszrnGbOFh+z9u3A=,Md5uoz6GCgkZHN7KXcAVPaZMaiY=
19,34,87B1sFupNcUNszrnGbOFh+z9u3A=,tZM0uz2XKBwCfdRIe+aM3ihiE70=
17,41,87B1sFupNcUNszrnGbOFh+z9u3A=,fTGHja2OemPojdT4geCQjDHuYDA=
16,42,87B1sFupNcUNszrnGbOFh+z9u3A=,fTGHja2OemPojdT4geCQjDHuYDA=
18,34,87B1sFupNcUNszrnGbOFh+z9u3A=,tZM0uz2XKBwCfdRIe+aM3ihiE70=
22,36,0bEf4QbetF6ZFlSCvN7oI+o5eXA=,K4RqFPKvP9fTTsFV0lkaWap/NRQ=
17,47,0bEf4QbetF6ZFlSCvN7oI+o5eXA=,8pHxMbQbt/OIxLOTFrSGdJE/Td4=
16,41,0bEf4QbetF6ZFlSCvN7oI+o5eXA=,fTGHja2OemPojdT4geCQjDHuYDA=
17,34,0bEf4QbetF6ZFlSCvN7oI+o5eXA=,tZM0uz2XKBwCfdRIe+aM3ihiE70=
24,32,0bEf4QbetF6ZFlSCvN7oI+o5eXA=,Md5uoz6GCgkZHN7KXcAVPaZMaiY=
19,40,0bEf4QbetF6ZFlSCvN7oI+o5eXA=,fTGHja2OemPojdT4geCQjDHuYDA=
16,34,0bEf4QbetF6ZFlSCvN7oI+o5eXA=,tZM0uz2XKBwCfdRIe+aM3ihiE70=
16,47,0bEf4QbetF6ZFlSCvN7oI+o5eXA=,8pHxMbQbt/OIxLOTFrSGdJE/Td4=
25,35,0bEf4QbetF6ZFlSCvN7oI+o5eXA=,Md5uoz6GCgkZHN7KXcAVPaZMaiY=
17,46,0bEf4QbetF6ZFlSCvN7oI+o5eXA=,8pHxMbQbt/OIxLOTFrSGdJE/Td4=
24,35,0bEf4QbetF6ZFlSCvN7oI+o5eXA=,Md5uoz6GCgkZHN7KXcAVPaZMaiY=
21,37,0bEf4QbetF6ZFlSCvN7oI+o5eXA=,K4RqFPKvP9fTTsFV0lkaWap/NRQ=
16,46,0bEf4QbetF6ZFlSCvN7oI+o5eXA=,8pHxMbQbt/OIxLOTFrSGdJE/Td4=
18,40,0bEf4QbetF6ZFlSCvN7oI+o5eXA=,fTGHja2OemPojdT4geCQjDHuYDA=
27,34,0bEf4QbetF6ZFlSCvN7oI+o5eXA=,Md5uoz6GCgkZHN7KXcAVPaZMaiY=
26,34,0bEf4QbetF6ZFlSCvN7oI+o5eXA=,Md5uoz6GCgkZHN7KXcAVPaZMaiY=
29,34,0bEf4QbetF6ZFlSCvN7oI+o5eXA=,pLugWVeGSCzncF2/jaLWpX5SOg8=
17,45,0bEf4QbetF6ZFlSCvN7oI+o5eXA=,8pHxMbQbt/OIxLOTFrSGdJE/Td4=
28,34,0bEf4QbetF6ZFlSCvN7oI+o5eXA=,pLugWVeGSCzncF2/jaLWpX5SOg8=
20,37,0bEf4QbetF6ZFlSCvN7oI+o5eXA=,K4RqFPKvP9fTTsFV0lkaWap/NRQ=
17,40,0bEf4QbetF6ZFlSCvN7oI+o5eXA=,fTGHja2OemPojdT4geCQjDHuYDA=
27,35,0bEf4QbetF6ZFlSCvN7oI+o5eXA=,Md5uoz6GCgkZHN7KXcAVPaZMaiY=
16,45,Gq9tlQQVJwfpzgmuj6l95CYkzmM=,8pHxMbQbt/OIxLOTFrSGdJE/Td4=
21,36,Gq9tlQQVJwfpzgmuj6l95CYkzmM=,K4RqFPKvP9fTTsFV0lkaWap/NRQ=
16,40,Gq9tlQQVJwfpzgmuj6l95CYkzmM=,fTGHja2OemPojdT4geCQjDHuYDA=
26,35,Gq9tlQQVJwfpzgmuj6l95CYkzmM=,Md5uoz6GCgkZHN7KXcAVPaZMaiY=
29,35,Gq9tlQQVJwfpzgmuj6l95CYkzmM=,pLugWVeGSCzncF2/jaLWpX5SOg8=
28,35,Gq9tlQQVJwfpzgmuj6l95CYkzmM=,pLugWVeGSCzncF2/jaLWpX5SOg8=
17,44,Gq9tlQQVJwfpzgmuj6l95CYkzmM=,8pHxMbQbt/OIxLOTFrSGdJE/Td4=
20,36,Gq9tlQQVJwfpzgmuj6l95CYkzmM=,K4RqFPKvP9fTTsFV0lkaWap/NRQ=
16,44,Gq9tlQQVJwfpzgmuj6l95CYkzmM=,8pHxMbQbt/OIxLOTFrSGdJE/Td4=
23,61,de2+1bgUGRo57VMqubNsHKAcS4M=,88eQHLhDlv/L7ngbotJGhSO9YAw=
23,62,de2+1bgUGRo57VMqubNsHKAcS4M=,88eQHLhDlv/L7ngbotJGhSO9YAw=
22,61,de2+1bgUGRo57VMqubNsHKAcS4M=,88eQHLhDlv/L7ngbotJGhSO9YAw=
22,62,de2+1bgUGRo57VMqubNsHKAcS4M=,88eQHLhDlv/L7ngbotJGhSO9YAw=
23,63,de2+1bgUGRo57VMqubNsHKAcS4M=,88eQHLhDlv/L7ngbotJGhSO9YAw=
22,63,de2+1bgUGRo57VMqubNsHKAcS4M=,88eQHLhDlv/L7ngbotJGhSO9YAw=
23,60,de2+1bgUGRo57VMqubNsHKAcS4M=,88eQHLhDlv/L7ngbotJGhSO9YAw=
22,60,de2+1bgUGRo57VMqubNsHKAcS4M=,88eQHLhDlv/L7ngbotJGhSO9YAw=
17,57,rJSKWQPgGe4pU5SbjovFvb/w5dE=,8pHxMbQbt/OIxLOTFrSGdJE/Td4=
16,57,rJSKWQPgGe4pU5SbjovFvb/w5dE=,8pHxMbQbt/OIxLOTFrSGdJE/Td4=
17,56,rJSKWQPgGe4pU5SbjovFvb/w5dE=,8pHxMbQbt/OIxLOTFrSGdJE/Td4=
16,56,rJSKWQPgGe4pU5SbjovFvb/w5dE=,8pHxMbQbt/OIxLOTFrSGdJE/Td4=
19,49,rJSKWQPgGe4pU5SbjovFvb/w5dE=,8pHxMbQbt/OIxLOTFrSGdJE/Td4=
19,50,rJSKWQPgGe4pU5SbjovFvb/w5dE=,8pHxMbQbt/OIxLOTFrSGdJE/Td4=
18,50,rJSKWQPgGe4pU5SbjovFvb/w5dE=,8pHxMbQbt/OIxLOTFrSGdJE/Td4=
19,57,rJSKWQPgGe4pU5SbjovFvb/w5dE=,8pHxMbQbt/OIxLOTFrSGdJE/Td4=
18,57,rJSKWQPgGe4pU5SbjovFvb/w5dE=,8pHxMbQbt/OIxLOTFrSGdJE/Td4=
18,49,rJSKWQPgGe4pU5SbjovFvb/w5dE=,8pHxMbQbt/OIxLOTFrSGdJE/Td4=
19,56,rJSKWQPgGe4pU5SbjovFvb/w5dE=,8pHxMbQbt/OIxLOTFrSGdJE/Td4=
18,56,rJSKWQPgGe4pU5SbjovFvb/w5dE=,8pHxMbQbt/OIxLOTFrSGdJE/Td4=
19,48,rJSKWQPgGe4pU5SbjovFvb/w5dE=,8pHxMbQbt/OIxLOTFrSGdJE/Td4=
19,51,rJSKWQPgGe4pU5SbjovFvb/w5dE=,8pHxMbQbt/OIxLOTFrSGdJE/Td4=
18,51,rJSKWQPgGe4pU5SbjovFvb/w5dE=,8pHxMbQbt/OIxLOTFrSGdJE/Td4=
18,48,rJSKWQPgGe4pU5SbjovFvb/w5dE=,8pHxMbQbt/OIxLOTFrSGdJE/Td4=
17,50,rJSKWQPgGe4pU5SbjovFvb/w5dE=,8pHxMbQbt/OIxLOTFrSGdJE/Td4=
16,50,rJSKWQPgGe4pU5SbjovFvb/w5dE=,8pHxMbQbt/OIxLOTFrSGdJE/Td4=
17,49,rJSKWQPgGe4pU5SbjovFvb/w5dE=,8pHxMbQbt/OIxLOTFrSGdJE/Td4=
16,49,rJSKWQPgGe4pU5SbjovFvb/w5dE=,8pHxMbQbt/OIxLOTFrSGdJE/Td4=
17,51,rJSKWQPgGe4pU5SbjovFvb/w5dE=,8pHxMbQbt/OIxLOTFrSGdJE/Td4=
16,51,rJSKWQPgGe4pU5SbjovFvb/w5dE=,8pHxMbQbt/OIxLOTFrSGdJE/Td4=
17,48,rJSKWQPgGe4pU5SbjovFvb/w5dE=,8pHxMbQbt/OIxLOTFrSGdJE/Td4=
16,48,rJSKWQPgGe4pU5SbjovFvb/w5dE=,8pHxMbQbt/OIxLOTFrSGdJE/Td4=
21,61,0Ik3GNlrEKqUi9P+gYMX6LYqmuA=,88eQHLhDlv/L7ngbotJGhSO9YAw=
20,61,0Ik3GNlrEKqUi9P+gYMX6LYqmuA=,88eQHLhDlv/L7ngbotJGhSO9YAw=
21,62,0Ik3GNlrEKqUi9P+gYMX6LYqmuA=,88eQHLhDlv/L7ngbotJGhSO9YAw=
20,62,0Ik3GNlrEKqUi9P+gYMX6LYqmuA=,88eQHLhDlv/L7ngbotJGhSO9YAw=
19,62,0Ik3GNlrEKqUi9P+gYMX6LYqmuA=,8pHxMbQbt/OIxLOTFrSGdJE/Td4=
18,62,0Ik3GNlrEKqUi9P+gYMX6LYqmuA=,8pHxMbQbt/OIxLOTFrSGdJE/Td4=
21,60,0Ik3GNlrEKqUi9P+gYMX6LYqmuA=,88eQHLhDlv/L7ngbotJGhSO9YAw=
20,60,0Ik3GNlrEKqUi9P+gYMX6LYqmuA=,88eQHLhDlv/L7ngbotJGhSO9YAw=
17,62,0Ik3GNlrEKqUi9P+gYMX6LYqmuA=,8pHxMbQbt/OIxLOTFrSGdJE/Td4=
16,62,0Ik3GNlrEKqUi9P+gYMX6LYqmuA=,8pHxMbQbt/OIxLOTFrSGdJE/Td4=
19,60,0Ik3GNlrEKqUi9P+gYMX6LYqmuA=,8pHxMbQbt/OIxLOTFrSGdJE/Td4=
18,60,0Ik3GNlrEKqUi9P+gYMX6LYqmuA=,8pHxMbQbt/OIxLOTFrSGdJE/Td4=
17,60,0Ik3GNlrEKqUi9P+gYMX6LYqmuA=,8pHxMbQbt/OIxLOTFrSGdJE/Td4=
16,60,0Ik3GNlrEKqUi9P+gYMX6LYqmuA=,8pHxMbQbt/OIxLOTFrSGdJE/Td4=
19,63,0Ik3GNlrEKqUi9P+gYMX6LYqmuA=,8pHxMbQbt/OIxLOTFrSGdJE/Td4=
18,63,0Ik3GNlrEKqUi9P+gYMX6LYqmuA=,8pHxMbQbt/OIxLOTFrSGdJE/Td4=
21,63,0Ik3GNlrEKqUi9P+gYMX6LYqmuA=,88eQHLhDlv/L7ngbotJGhSO9YAw=
20,63,0Ik3GNlrEKqUi9P+gYMX6LYqmuA=,88eQHLhDlv/L7ngbotJGhSO9YAw=
19,61,0Ik3GNlrEKqUi9P+gYMX6LYqmuA=,8pHxMbQbt/OIxLOTFrSGdJE/Td4=
18,61,0Ik3GNlrEKqUi9P+gYMX6LYqmuA=,8pHxMbQbt/OIxLOTFrSGdJE/Td4=
19,58,0Ik3GNlrEKqUi9P+gYMX6LYqmuA=,8pHxMbQbt/OIxLOTFrSGdJE/Td4=
18,58,0Ik3GNlrEKqUi9P+gYMX6LYqmuA=,8pHxMbQbt/OIxLOTFrSGdJE/Td4=
17,58,0Ik3GNlrEKqUi9P+gYMX6LYqmuA=,8pHxMbQbt/OIxLOTFrSGdJE/Td4=
16,58,0Ik3GNlrEKqUi9P+gYMX6LYqmuA=,8pHxMbQbt/OIxLOTFrSGdJE/Td4=
17,63,0Ik3GNlrEKqUi9P+gYMX6LYqmuA=,8pHxMbQbt/OIxLOTFrSGdJE/Td4=
16,63,TX6HCgBWYp7sBWAv1dba4kzThQ8=,8pHxMbQbt/OIxLOTFrSGdJE/Td4=
19,59,TX6HCgBWYp7sBWAv1dba4kzThQ8=,8pHxMbQbt/OIxLOTFrSGdJE/Td4=
18,59,TX6HCgBWYp7sBWAv1dba4kzThQ8=,8pHxMbQbt/OIxLOTFrSGdJE/Td4=
17,61,TX6HCgBWYp7sBWAv1dba4kzThQ8=,8pHxMbQbt/OIxLOTFrSGdJE/Td4=
16,61,TX6HCgBWYp7sBWAv1dba4kzThQ8=,8pHxMbQbt/OIxLOTFrSGdJE/Td4=
17,59,TX6HCgBWYp7sBWAv1dba4kzThQ8=,8pHxMbQbt/OIxLOTFrSGdJE/Td4=
16,59,TX6HCgBWYp7sBWAv1dba4kzThQ8=,8pHxMbQbt/OIxLOTFrSGdJE/Td4=
