0,0,ueaez58xlHaRsmT3HPsGbC2RGbw=,dWN0JfPl6WC7SDok+GaT+745NtE=
1,0,ueaez58xlHaRsmT3HPsGbC2RGbw=,omB2fqP4vOsxgL1F42g4Jz6VvMc=
2,0,ueaez58xlHaRsmT3HPsGbC2RGbw=,6HVigW0mF6V7hh2BAP0GyF20oEk=
3,0,Ox7jZ0zWNqPQSAP171y7zXkjAaQ=,nAjsUJawrP/knCeitg7s8N06g7k=
4,0,Ox7jZ0zWNqPQSAP171y7zXkjAaQ=,9wnEMTJBVemH6EFzkGYisiHctPQ=
5,0,Ox7jZ0zWNqPQSAP171y7zXkjAaQ=,V2RhbA9AIgAkdleUkbPgwiML/pQ=
0,1,Zq7zVJP87cjXQhM6ai7iVAcV9vs=,lurP2fSZVV+eN/njR5pZVwhfpgE=
1,1,muwyimwqBOzqbwviTNLmGIIoKy0=,DJYkF+vW//Ih7H3MqWF+uOzY9OM=
2,1,muwyimwqBOzqbwviTNLmGIIoKy0=,JN9ChFgpd/qpVX1FlvMB3rkznhM=
3,1,muwyimwqBOzqbwviTNLmGIIoKy0=,L4Gb5WkX/oPRKGi2g2KSSJ+IfXc=
4,1,H3fRxMS7cu0jFPdAfXA2b18+irs=,vuxsJMpJZefGBdh2nZRMXjE0euk=
5,1,H3fRxMS7cu0jFPdAfXA2b18+irs=,wRAtTs5QYIYe3juOPJ9DiJ75sDA=
6,1,H3fRxMS7cu0jFPdAfXA2b18+irs=,u1pDO3AK2KWb/VcB0q2q7dsRKtk=
7,1,H3fRxMS7cu0jFPdAfXA2b18+irs=,Loe4mDw9tnueyFYZZquXx68IwXI=
8,1,H3fRxMS7cu0jFPdAfXA2b18+irs=,L1qY0IuucNzFHhsSo20KzrJ91t8=
0,2,nAfvJy7H2LudUfJedes+gHoD2mQ=,6CHOXem26FkEfBGJ/5dTqOyWGKU=
1,2,2GKPo/RimNc+HHL1GOl0JW22YJM=,QIEweZCFhR2IOtqk8+HrQY9hb0Y=
2,2,2GKPo/RimNc+HHL1GOl0JW22YJM=,+KQ+w4eODiHBrF5hV0ZAkUzRhFg=
3,2,2GKPo/RimNc+HHL1GOl0JW22YJM=,9MdMPV3fwnseXp1XSCIfrv+ex8M=
4,2,Qiua1rp8Lws3hKLbaXWfFZW6DAw=,Vqyu5Qf26oVkmKN2Oi++btKdl0g=
5,2,Qiua1rp8Lws3hKLbaXWfFZW6DAw=,zS7AIuet/0YuCEg4pQyRlbDzcJM=
6,2,Qiua1rp8Lws3hKLbaXWfFZW6DAw=,sHUiycLbdNKw1e6c8BM1WewJYYQ=
7,2,mb++diRBHpVWvTl+FShDhcQDLfU=,2jXOn9CqFfJWu7bvk7ufwlsYkY4=
8,2,mb++diRBHpVWvTl+FShDhcQDLfU=,BhM9PNkpt37xHIKAHvFqyiW3Svs=
9,2,mb++diRBHpVWvTl+FShDhcQDLfU=,lgnWjPzZPWpzlQI4QTIkIjubE5A=
10,2,mb++diRBHpVWvTl+FShDhcQDLfU=,1OD+e8uTo4ikdJSiiR9QVsLWtv4=
11,2,mb++diRBHpVWvTl+FShDhcQDLfU=,Vnd22Bdd6QETGXuIf5zsR0sSAQQ=
0,3,xv2sILCklInJRcOiK2Guug6Tc5c=,aRbuj440J/LSaIhjqYxDu+1wxOo=
1,3,xv2sILCklInJRcOiK2Guug6Tc5c=,r/KGDHJkkvfZkkD/5JjdphVV8EM=
2,3,xv2sILCklInJRcOiK2Guug6Tc5c=,Ex1EJLLwmAABFE1DYlfV7+vFt2M=
3,3,hcWkgwzywNMAHJcWgRxX+hZglEY=,KIcPSCddIiwFaqEq3SMl4YyRHKU=
4,3,hcWkgwzywNMAHJcWgRxX+hZglEY=,wDy1tssJKrHkFfc9pgFuBY1pmzg=
5,3,hcWkgwzywNMAHJcWgRxX+hZglEY=,/MCzpBW7XP51sVxMEPQvPeFPVI0=
6,3,HaAnnjD/p+wV/tn4lMsNiz6o0s0=,TwlYX5FAzaxxrm61zChVgyO6BZY=
7,3,HaAnnjD/p+wV/tn4lMsNiz6o0s0=,0t3qWtJCeWhLJz/OLUYtUzGSgYA=
8,3,HmglF59BdUpQ62SmYq8LebeXRbA=,3tNUDOcIuNvbeO9aFe4PyVrp4qM=
9,3,HmglF59BdUpQ62SmYq8LebeXRbA=,exrpG/IqgWcqz5fAvM5h/qvJG0U=
10,3,HmglF59BdUpQ62SmYq8LebeXRbA=,Vqb60IAF19HW+cIWH9Sp6qx3aiA=
11,3,tLkteOz24sfDY1sEw0yc0kHhT9E=,lKBcB3I46MMXeZO2yeDTAl7l1Bo=
12,3,tLkteOz24sfDY1sEw0yc0kHhT9E=,32EAawGvXlHc2U4kMmayUboQqm8=
13,3,tLkteOz24sfDY1sEw0yc0kHhT9E=,7Jv15DY0JkAlIHGvSBFaz6XELC4=
14,3,tLkteOz24sfDY1sEw0yc0kHhT9E=,OKQV6RujnlxZFsJMZjcFfdjCqBg=
15,3,tLkteOz24sfDY1sEw0yc0kHhT9E=,oA4Ozi5RJzSlgiz8T9IRGWWQKNw=
16,3,tLkteOz24sfDY1sEw0yc0kHhT9E=,25Qm3lxwQrB+Y/TDiS0kv7juFX4=
17,3,tLkteOz24sfDY1sEw0yc0kHhT9E=,Y7D0k+YRIbdLGIDBBR/KJFJYgy8=
18,3,tLkteOz24sfDY1sEw0yc0kHhT9E=,0WgRwQuQ+TYUfX89Xm4/yyuj6/0=
19,3,tLkteOz24sfDY1sEw0yc0kHhT9E=,FIE/PQGdo+T4cfa2CFT85hNd/+E=
20,3,tLkteOz24sfDY1sEw0yc0kHhT9E=,B4YNs9kNCX8BfZAtNoFWvfJmEpE=
21,3,tLkteOz24sfDY1sEw0yc0kHhT9E=,nhKsmz6R+ASQJ1/5sUxn2EzkFUk=
22,3,tLkteOz24sfDY1sEw0yc0kHhT9E=,YQ6CYji/G1IZyXIul//t6hEnPIk=
0,4,4da4AgP84FOQOx2mrMveyO/dBnI=,gwgAK1HL5+oTE2f219Ee9xvRbhw=
1,4,5jnlKVsAWx0vrujRyt2SyHTnmxY=,q+OuhHl9epC6UlIEt3Rz7vmUQ4E=
2,4,5jnlKVsAWx0vrujRyt2SyHTnmxY=,vQZ/bviqLppQJ/ez7EzOrlIVlSs=
3,4,5jnlKVsAWx0vrujRyt2SyHTnmxY=,SNd3Z1yXAdiZnxCW7KYPiAOR0do=
4,4,N8eBc/+yDXHKR2Gg9EDT4YaUIeA=,tPJ/ff3y91l1zRPs+Oj7TYuXflY=
5,4,N8eBc/+yDXHKR2Gg9EDT4YaUIeA=,ikgJVmXh08lFSp6Q+PGby01QrBQ=
6,4,N8eBc/+yDXHKR2Gg9EDT4YaUIeA=,4J3dLzlzSKkoTuxks+pO3bi7ejY=
7,4,VjbaJC+anqhXfxBhSYeQVMS6VsU=,LC6sF4R9sL/Mr9LqpmABwG8FO1I=
8,4,VjbaJC+anqhXfxBhSYeQVMS6VsU=,gEkwRn/3ny59SZC0SiBOcuokPAk=
9,4,wthH+wwkJhSGecyKmc4kT5pFY/A=,twoGmHDk3KQVr5Hp9VtjR+V3uv8=
10,4,wthH+wwkJhSGecyKmc4kT5pFY/A=,1hG1vZQcnvgpXPeYpJlLgVeifck=
11,4,wthH+wwkJhSGecyKmc4kT5pFY/A=,B0QEllnIpF30K2RTBtwpVAZm14I=
12,4,6i84OVVph76CUlefFNS3aRl9YZY=,0UNJoQYFs+uPy/rRDoDkEOGXeQg=
13,4,6i84OVVph76CUlefFNS3aRl9YZY=,ryJ0WLV7WfTElE6rxzvUuOEDJPA=
14,4,6i84OVVph76CUlefFNS3aRl9YZY=,2vnKuQbLyOIzDp8z7OcKPre/KhQ=
15,4,oMlsqRZUFM4luT3uaQvAa8eWVCs=,PmD7ofWOgdCW/ZeOfP041JYuQTA=
16,4,oMlsqRZUFM4luT3uaQvAa8eWVCs=,RzssCzjAJjj2XiuAmlYRhYFnZIE=
17,4,oMlsqRZUFM4luT3uaQvAa8eWVCs=,i+8GYad3flyb1lrzV97NqfBYjr8=
18,4,CvhLrIqIASuuk4M1TLcOnCyuF4o=,TvOPWfba7s1J3dMPl0nMw/CKPIw=
19,4,CvhLrIqIASuuk4M1TLcOnCyuF4o=,qtPsCmNfk/4mG7ArlIvOtKZLhIE=
20,4,CvhLrIqIASuuk4M1TLcOnCyuF4o=,MNFOVVNWWEXlOd5m1H1blX3jf04=
21,4,EkhSR8OSmEGIEnj4J67aHGT7giM=,djFiQRj5f4SUuYMtO3bCzVFk9zw=
22,4,EkhSR8OSmEGIEnj4J67aHGT7giM=,jNQHup2IE8xITSG5UUBL6FBDw5U=
23,4,EkhSR8OSmEGIEnj4J67aHGT7giM=,w0a0hB+C5bwGH2lkZRtdmCPA8Ms=
24,4,EkhSR8OSmEGIEnj4J67aHGT7giM=,2An4Up9vgDNvrYVJjVvNvqZsdxs=
25,4,EkhSR8OSmEGIEnj4J67aHGT7giM=,hcCJ4i/sO32he1ObGDL48CWeRHw=
26,4,fn/ifBacuVMF4nQEey0rzSgdC2w=,WrDGr6TiNSP6UlpV+3yqtoHXMCA=
27,4,fn/ifBacuVMF4nQEey0rzSgdC2w=,qhNzvbVHD9Ks1+Yh5p+mJ9g1iKU=
28,4,fn/ifBacuVMF4nQEey0rzSgdC2w=,bUGGmlP+5DcCzyz4LDL3ulLjhEQ=
29,4,CO6/fvrIvDmWu2n8SiR4mdFq8CM=,RmQfKP94Pn4toC8Br+A4OVFrLoM=
30,4,CO6/fvrIvDmWu2n8SiR4mdFq8CM=,hgDUTaU+mL6h3O+YfJXQ9GKuhsU=
31,4,CO6/fvrIvDmWu2n8SiR4mdFq8CM=,8IhU8Msue4lECo9y8rAMMdMP7V8=
0,5,vS9m5Y5dKOaN1L3bbrg2Kus9Rjg=,3vCymcBeWzfjY3iruJClCiyaWg0=
1,5,AmBu6g2YRfYIhlmQiXbJHlAiZOU=,duutK5z2makwpK+V7hKHRdBvln0=
2,5,AmBu6g2YRfYIhlmQiXbJHlAiZOU=,f5OmXXiDtLEVLwYR+ExBzezjQm0=
3,5,AmBu6g2YRfYIhlmQiXbJHlAiZOU=,3llUX1ahgNloFseHEquAbpZ5Cf4=
4,5,x2Dmy9p0+J4rXg7CTOV7AHWvxdI=,mY1WYzt0vq42FSR4a09brDP8hOk=
5,5,x2Dmy9p0+J4rXg7CTOV7AHWvxdI=,fAfvc/mzI9UqZmBJTd7VKSVv3k4=
6,5,x2Dmy9p0+J4rXg7CTOV7AHWvxdI=,+GFg15PHnHqHcnL/1rZt8W3HJmg=
7,5,KXGPnC64CMLKdyfLaVuZZq6LXIs=,j8VFB4o/rtuhonw9V62ZNsGIHhE=
8,5,KXGPnC64CMLKdyfLaVuZZq6LXIs=,Q+EXm2Iy/TQi+KrXRXyG+WiRck4=
9,5,KXGPnC64CMLKdyfLaVuZZq6LXIs=,CiSCo+qDF8PcsfI7r28QZZNLm8o=
10,5,LJwF2zAPWk+jgancUTGK7tRWwuk=,4rxfe2v0HTSM79Or1zOplhdnDbA=
11,5,LJwF2zAPWk+jgancUTGK7tRWwuk=,8BZMpkNX+To3foLtv6KPTDW5Wrs=
12,5,Cl/fhbpiz+AxqcSOln7zziEH95Q=,QzwH8B+o49R2jP/CGrsPvHfHWiY=
13,5,Cl/fhbpiz+AxqcSOln7zziEH95Q=,C1S9t95pAroGTbLanVu7AMnePcc=
14,5,Cl/fhbpiz+AxqcSOln7zziEH95Q=,kkIrtUoV9YsNbx5DbZpxc3KRIoE=
15,5,Cl/fhbpiz+AxqcSOln7zziEH95Q=,QxP+DZDcUOy4VLyLPZLo+2onACM=
16,5,aw0KLfF5s7sW4Cx7PaJrM93sqTY=,thAl6Tt6ifyo55uj3C8JBPayWTs=
17,5,aw0KLfF5s7sW4Cx7PaJrM93sqTY=,tYN2JRtOuLa1M6U+XBWFe8fmtms=
18,5,aw0KLfF5s7sW4Cx7PaJrM93sqTY=,k91OrLZ1xee1zENCgzilTYyu1ns=
19,5,4GofGRbcbrmsS/79BMmyuSBWwGs=,ItSwdB+SI4sgTzS6lkChdz8sKgU=
20,5,4GofGRbcbrmsS/79BMmyuSBWwGs=,tApkPxkRvOyCxTo1nrBszj7S1g8=
21,5,EnWBDYPbToGqOGknsxCsNW7mfwE=,PSWfdjnnq4xtgqqif+YGyprStZs=
22,5,EnWBDYPbToGqOGknsxCsNW7mfwE=,W7vNDaEXlaAy6Zi2aau1hSizu8s=
23,5,EnWBDYPbToGqOGknsxCsNW7mfwE=,DRXoUOufd5g/XTGv32PL1VnLQyM=
24,5,3lCYfP3xkjSJaBq8JyvwLDgAAqo=,ccUzXYyX9mCVTE+RfzU4eNZSPqc=
25,5,3lCYfP3xkjSJaBq8JyvwLDgAAqo=,UeoCJMFTn85PBkFl3ic5xpBklIA=
26,5,3lCYfP3xkjSJaBq8JyvwLDgAAqo=,dOZ7K5o1h4nIEDsJQbNJvJncsLc=
27,5,+7NSyhZ6h/iZn2YF4+XPeoeSsD4=,WvfFLrOQbh4+bRundRWwG821pN8=
28,5,+7NSyhZ6h/iZn2YF4+XPeoeSsD4=,4InUtrdFL6dYZ4XvCHGQXXNR+bQ=
29,5,+7NSyhZ6h/iZn2YF4+XPeoeSsD4=,tLcRSRZr21okb4Zv9OLFwCQZJU4=
30,5,LZq8FzU7IZg+8uVBsWqwzcWgYmA=,YrQXum+ibsVNpEbn7Y/9e5krI5o=
31,5,LZq8FzU7IZg+8uVBsWqwzcWgYmA=,QTJsBOr3YWRAO8Ed/IeuK0F+EjU=
0,6,W6U2jQuuUJkGHWhcnTMduvwDImE=,y8FET2zBZzgdsBnyyYX6horO8AY=
1,6,W6U2jQuuUJkGHWhcnTMduvwDImE=,g/hUY07IGo3k834geX8uUNrZ+GA=
2,6,W6U2jQuuUJkGHWhcnTMduvwDImE=,9XV8Ofvxn+xVq8B+xA3g/BGuQeQ=
3,6,W6U2jQuuUJkGHWhcnTMduvwDImE=,7H6pYabKaUEx8mvzrIijWLfgEkY=
4,6,W6U2jQuuUJkGHWhcnTMduvwDImE=,g4SR0WOIE9MktVdHo0suHWAMxO4=
5,6,VSkgzsArzwggxQk0voIPGw5W/QA=,Qbq1MzVmMQEs2Wn7MXsmBIAQNbA=
6,6,VSkgzsArzwggxQk0voIPGw5W/QA=,WkYDO48MFyo/7q59BgFsBlnZokw=
7,6,VSkgzsArzwggxQk0voIPGw5W/QA=,tFIUbWBEErSOlTQmoVi8v2CQCJo=
8,6,GnfZGVVF9+CTOyqIhWSfHvv9zcc=,BRkwjBO/YPrkuvKamKPfYjnqoIA=
9,6,GnfZGVVF9+CTOyqIhWSfHvv9zcc=,6sWIa+HYxG0is1OJgN+xbUC1dg8=
10,6,GnfZGVVF9+CTOyqIhWSfHvv9zcc=,fzoM3Rs4dCROLCyr3pJAi8BautQ=
11,6,Y7LqNJc6JaajqFcqG7XmCainluY=,fd9TVzj3iqJ/1t0rNLTw1z2yC4k=
12,6,Y7LqNJc6JaajqFcqG7XmCainluY=,Hit7GJR9pQQiT7S5+tL1Kaa9/yw=
13,6,Y7LqNJc6JaajqFcqG7XmCainluY=,7dvWydPc4sCPtMQdUstkVjXfH6g=
14,6,Z+LMawgVgxcwxRP649sIfy+oX1A=,2szskVGN5QNbi4cEDFP+4NyZ/jk=
15,6,Z+LMawgVgxcwxRP649sIfy+oX1A=,wzfZr1rT1LIk0sJRu/cEK7pv0Bg=
16,6,Z+LMawgVgxcwxRP649sIfy+oX1A=,DR8H923BGgz0zftcUGIUZSObcfk=
17,6,KxIkCpDO5gKs83WB/GpmaWs4GHw=,jAXwYU78n7vkkNsULsbyiBDmCsQ=
18,6,KxIkCpDO5gKs83WB/GpmaWs4GHw=,fPqtlFmOkLw/9hALn/Z/0Yja15g=
19,6,KxIkCpDO5gKs83WB/GpmaWs4GHw=,HRX2nbJ9z+SFxZuEFYvZGF6H7e4=
20,6,KxIkCpDO5gKs83WB/GpmaWs4GHw=,6PxM09/UzbHOT9qk1/RNJVRql4Y=
21,6,KxIkCpDO5gKs83WB/GpmaWs4GHw=,1wCuJ8zxwLyyfsR2Sa7OYlAQEQs=
22,6,KxIkCpDO5gKs83WB/GpmaWs4GHw=,cL9vnbCEXQLzk2aDzcE4m4z8g0g=
23,6,KxIkCpDO5gKs83WB/GpmaWs4GHw=,SvE2XJQ5ncvIavLrCZd7mgGpAHo=
24,6,KxIkCpDO5gKs83WB/GpmaWs4GHw=,K052pUIsBC8TQJKEjxaSWacsXmU=
25,6,KxIkCpDO5gKs83WB/GpmaWs4GHw=,KC9av+C6nRIAgh16QQTyAbOr5ZM=
26,6,KxIkCpDO5gKs83WB/GpmaWs4GHw=,s8Rj03VADtwJTewOqcwxGJtBG5w=
27,6,Bmmy4dGEvzMVvturo1kFRdA8hgw=,ZF96d2Aqc3kkTTxI7dPUwUK1yy8=
28,6,Bmmy4dGEvzMVvturo1kFRdA8hgw=,kgjmkNLi2/giwi0ISc9qIc24o6k=
29,6,Bmmy4dGEvzMVvturo1kFRdA8hgw=,YcqzTRDTd1hzezH4q8HMVgPenjU=
30,6,Bmmy4dGEvzMVvturo1kFRdA8hgw=,iBpeElmFRQSF7Rucjer4fn5D0hI=
31,6,Bmmy4dGEvzMVvturo1kFRdA8hgw=,SnSedh/pCBPzOr8tqFREUE4irbE=
0,7,2tCJLL7twOz5FbEIeDOLJDXIzhU=,QQl+eoO1yJQY+U3JqBSa7YuiaIg=
1,7,2tCJLL7twOz5FbEIeDOLJDXIzhU=,Ejng4k7oKaaCdfGQNT4AqmHRzZI=
4,7,2tCJLL7twOz5FbEIeDOLJDXIzhU=,sLSsgWuXvWk3tuEweBCPA5Yy0SI=
5,7,2tCJLL7twOz5FbEIeDOLJDXIzhU=,WGrDgQ2mdeOUi62aaEbUx8MLAic=
6,7,2tCJLL7twOz5FbEIeDOLJDXIzhU=,mGWSmzm1x9ALczuJ24NAJqrgvEc=
7,7,2tCJLL7twOz5FbEIeDOLJDXIzhU=,dX9ArDowh3k+Hy/aaJX7AFL1kVI=
8,7,2tCJLL7twOz5FbEIeDOLJDXIzhU=,KSeQDhOCiL/xf50NyWCKWwyG8og=
9,7,mGvPzcw8ilK1aEOrvwiohs0QiRY=,0LC0Sev/kidR6dPkkfqLyoVOstI=
10,7,mGvPzcw8ilK1aEOrvwiohs0QiRY=,A8OjzmiVbWjAzaZxL7NPJj/OTPA=
11,7,mGvPzcw8ilK1aEOrvwiohs0QiRY=,Or+tVhrwSPcZ+7aKqWqlmNxsQjI=
12,7,mGvPzcw8ilK1aEOrvwiohs0QiRY=,+iqvoEPrFS0hb/PEYV3Pa70RJqQ=
13,7,xi1EpPvgPJNH9STrGhsaNI4eWQ4=,dh5UeK4adC0waD1d3ams+a8AMbg=
14,7,xi1EpPvgPJNH9STrGhsaNI4eWQ4=,2gva+D/VIKfnuGHLD14yPO8tjiE=
15,7,GXmAqtuTM4dAqrtMzV+91Ej5dzo=,Y4H5sletIEdZEpzbCbKCVxJfUU0=
16,7,GXmAqtuTM4dAqrtMzV+91Ej5dzo=,J6k+y5VffxkbyywbE05Sipu29mE=
17,7,GXmAqtuTM4dAqrtMzV+91Ej5dzo=,cvffse3XW8x1p4qpyLnk3oXfvBE=
18,7,GXmAqtuTM4dAqrtMzV+91Ej5dzo=,GfQBF+JeDbG4O6Sca6g2F4MyvL8=
19,7,0Vv4dVl9vD1amJFXBkqEawJxg2s=,Y6sKcMRcYL/7I/FodTuuRrcMwHI=
20,7,0Vv4dVl9vD1amJFXBkqEawJxg2s=,gPtSy1ySrO6Oaq8U3fx4mmJT00c=
21,7,0Vv4dVl9vD1amJFXBkqEawJxg2s=,ju6nmtQFFng3xDtUfB1EUVvV2KM=
22,7,j9zBKPtAV0vYeS/T3sD9+e4haNg=,GPS7ZTadOWdy5BeMUS4ESZSmj3M=
23,7,j9zBKPtAV0vYeS/T3sD9+e4haNg=,bEwPOjExgrSYs5t1/NJhjF5rOkc=
24,7,j9zBKPtAV0vYeS/T3sD9+e4haNg=,MOCsYNrfD80h34eLQG7fCwEP5dA=
25,7,nPAmlIzYD8eNgSEW6IRBiMoHepk=,smg+GVyDfzguNi9FF6jDzi+LYIU=
26,7,nPAmlIzYD8eNgSEW6IRBiMoHepk=,M1m8ylxLHe52ulVPY3Sm+/EoZMk=
27,7,nPAmlIzYD8eNgSEW6IRBiMoHepk=,qA8dvxmvMhTzMJI/NX/E+qbgRfI=
28,7,ApQtq75y+fR9JTu6eQQcwtiFdyc=,r3ZwbUNJPDKqhIHLN/mhp21v7DI=
29,7,ApQtq75y+fR9JTu6eQQcwtiFdyc=,MGc4LggOv2TkPcPfN6N3Ngr7uWA=
30,7,ApQtq75y+fR9JTu6eQQcwtiFdyc=,diN5472+ppH5jkEJgNVsbHILNI8=
31,7,ApQtq75y+fR9JTu6eQQcwtiFdyc=,Momefsf4P+0UYK86aN900OhTOa4=
0,8,wXFYBfwNILKKmtHs7iUfC5O5l3o=,B8UvfhMvpaVdVIQur4IhqMAJQnw=
5,8,wXFYBfwNILKKmtHs7iUfC5O5l3o=,dPbcwejzZP96n1hG1auaDwd29hk=
6,8,wXFYBfwNILKKmtHs7iUfC5O5l3o=,J5InjxbUJ487Z43pIh1h2N7UDwY=
7,8,wXFYBfwNILKKmtHs7iUfC5O5l3o=,4JluSbsHUanlyb3IB/q8hndMWPg=
9,8,wXFYBfwNILKKmtHs7iUfC5O5l3o=,oI52T5YXpNmWsAniRfrh4LlKv04=
10,8,trQwVVmMWrZrVDAdHSKHnpg7jj4=,CdqRyed6IvROC1JnNL/HDZAfgdA=
11,8,trQwVVmMWrZrVDAdHSKHnpg7jj4=,7SRlrL9Q7ho+I7gDKXyiXFwbA2Q=
12,8,trQwVVmMWrZrVDAdHSKHnpg7jj4=,s25t5J5/oxOxER72AytAkDFHr4k=
13,8,trQwVVmMWrZrVDAdHSKHnpg7jj4=,Y+V37zOklrMRIHgaMNeQufNIMQA=
14,8,DYBDSKOUWDwtaYPBk3wXX3zHoCA=,o5duMV1JrHHup5eo/BgtBMdmVh8=
15,8,DYBDSKOUWDwtaYPBk3wXX3zHoCA=,yH0H97+XEeo3jmivgFIG+gDAv2E=
16,8,DYBDSKOUWDwtaYPBk3wXX3zHoCA=,W2HG1rUK/Irt9iEFnhvTtES/gIA=
17,8,DYBDSKOUWDwtaYPBk3wXX3zHoCA=,W2HG1rUK/Irt9iEFnhvTtES/gIA=
18,8,DYBDSKOUWDwtaYPBk3wXX3zHoCA=,W2HG1rUK/Irt9iEFnhvTtES/gIA=
19,8,DYBDSKOUWDwtaYPBk3wXX3zHoCA=,SVVYXQ5NAjPp6PlV/HE1H8Whay0=
20,8,DYBDSKOUWDwtaYPBk3wXX3zHoCA=,jkEDtQ/CyuWwvEZeMvDI0Yz2JQo=
21,8,Jjc5OVaWd40yZX/Laq0gB8Tlmu8=,lUSLQpX3Wxw65Xv1dqX4F2mhrIw=
22,8,Jjc5OVaWd40yZX/Laq0gB8Tlmu8=,/9eW1Nu4j6galjRxLjDUYjLoYyY=
23,8,Jjc5OVaWd40yZX/Laq0gB8Tlmu8=,Vf5sHi2xqR4+zcHTPrqcHtXOCcg=
24,8,Jjc5OVaWd40yZX/Laq0gB8Tlmu8=,TW2yKKzMD9p8TrMl/xr/pDpA6bA=
25,8,Jjc5OVaWd40yZX/Laq0gB8Tlmu8=,VWDnGX6e8J1AKduYkWqVcq/s0mQ=
26,8,uNfmCygbB+muA9dSdEvlOOiK3/I=,VZ5Wl2GiyVfLtg6Lz+oXODu0mz8=
27,8,uNfmCygbB+muA9dSdEvlOOiK3/I=,9Ih6eCqBSp5WhyyfD3BrxtERxWs=
28,8,uNfmCygbB+muA9dSdEvlOOiK3/I=,f3HuDVFKl7s5HC1zzRt/GVmKbTA=
29,8,GYQ65ZX+vCCh7+DDMS9anCgebg8=,8aRS93N3FWRwmWlkI8FRVDjnAAE=
30,8,GYQ65ZX+vCCh7+DDMS9anCgebg8=,1Uu9Ha6XwFHCPbidvMPdjc31Guk=
31,8,GYQ65ZX+vCCh7+DDMS9anCgebg8=,UyAu3rRz47cz3ZJLjGngCTMCHns=
0,9,NkDdZk25jyu0H+DVqlrbvFxrMMs=,16R50nGK8tCLdZqXObocoaYa4aM=
5,9,WjM4ErRYBEVEVx1LJS1oCzmuUlE=,uG/iAmoCNyobsu3p7mEBsVJi4/M=
6,9,WjM4ErRYBEVEVx1LJS1oCzmuUlE=,y3zfks4et9hpB66XPukdrOpXDNQ=
7,9,WjM4ErRYBEVEVx1LJS1oCzmuUlE=,0w9oozEsyjqS1Mqpmqt3BxXHlnM=
9,9,WjM4ErRYBEVEVx1LJS1oCzmuUlE=,CO4z7jjtKpkxCbJ0VZFD1hl3Ia0=
10,9,WjM4ErRYBEVEVx1LJS1oCzmuUlE=,l+k6gvIZiyF62QYgCSfkkfda084=
11,9,WjM4ErRYBEVEVx1LJS1oCzmuUlE=,KpIAuiaduFaEnKdu/D43Jk9gbZM=
12,9,/w8nbqfmW1Zn1GY8ySIYeLAwVv0=,+xbSBghc1KcRP10TnrDLdGVGXOY=
13,9,/w8nbqfmW1Zn1GY8ySIYeLAwVv0=,/9hlrfOLSWatK2BFPd1vssEOeco=
14,9,/w8nbqfmW1Zn1GY8ySIYeLAwVv0=,iCWzN8/JFhxB1m1555EanYl/NVQ=
15,9,/w8nbqfmW1Zn1GY8ySIYeLAwVv0=,wiXGOx5ZSKmIxrrZPQHbQHvvIN8=
26,9,/w8nbqfmW1Zn1GY8ySIYeLAwVv0=,upvMaMuoyBMOYCX9k4J998tY+po=
27,9,/w8nbqfmW1Zn1GY8ySIYeLAwVv0=,QMUMOR8ozfOznjizmKz9YR757vE=
28,9,/w8nbqfmW1Zn1GY8ySIYeLAwVv0=,ggM3tpNIAT8vSxD0K9M75Gn5fx4=
29,9,/w8nbqfmW1Zn1GY8ySIYeLAwVv0=,I2InWd5TnZtPZ0nukOZL8OShV6U=
30,9,/w8nbqfmW1Zn1GY8ySIYeLAwVv0=,FHtxoVZFQMy60g7v24KNzDqQ+7c=
31,9,/w8nbqfmW1Zn1GY8ySIYeLAwVv0=,25H4jPtO8RxO6wSEzx02qof/nUw=
0,10,6JHBOHwd4SlWnDqk3K1mkz7Jguw=,PTeC0PWOoiUSAtbmNsAEYhUg9yI=
5,10,6JHBOHwd4SlWnDqk3K1mkz7Jguw=,OJM4aMHmFYU55l1KWXWwC4h3eGw=
6,10,W0SvkXMFxl8/2DkRmxPsPMPEaFA=,xyhtU96ke6zsOq7xqrRd0B5EbAs=
7,10,W0SvkXMFxl8/2DkRmxPsPMPEaFA=,DOyM90xLYWhddN7fbnWc/ePJJEU=
9,10,W0SvkXMFxl8/2DkRmxPsPMPEaFA=,yeFt9Ay4t7cd23131jiX12oRRdc=
10,10,W0SvkXMFxl8/2DkRmxPsPMPEaFA=,Hm5YjLPqpK5EVBYpk3u1qSgxL5s=
11,10,W0SvkXMFxl8/2DkRmxPsPMPEaFA=,3dUEo7N0GW5stxgoxuJKcFfyTGk=
13,10,W0SvkXMFxl8/2DkRmxPsPMPEaFA=,C5yzlekUfU1z3D8DGVYNqY7iGVw=
14,10,W0SvkXMFxl8/2DkRmxPsPMPEaFA=,ZqLW16QWBgvgiZT5GxBDDiUKveQ=
0,11,q401KAcCBZH/AqCyK7Wyrez3Fqw=,1m2HC7FutwhJRtE8j+gKRlurKFg=
5,11,q401KAcCBZH/AqCyK7Wyrez3Fqw=,ShBuuNsZl8TjZ3Tj5qdVzqiprbU=
6,11,GwY/bSKMFShWsdQgBwS2319NfV0=,Wy8IRk+WM8TTZDBeQXK7oxAybW8=
7,11,GwY/bSKMFShWsdQgBwS2319NfV0=,3GRs+ycfOCs44kydhWhGlA8JFMw=
9,11,GwY/bSKMFShWsdQgBwS2319NfV0=,dIEeRutYgGSNbTl63rgaR8s/6SE=
10,11,GwY/bSKMFShWsdQgBwS2319NfV0=,+7ZMQjzinR+WZqad1gWy7XEMeCo=
0,12,U/EFQWr3pOaIrQrF6/FnnFZYsJU=,F6SFkw6Hr7ADTQgqaN/PtNcG/Zw=
5,12,U/EFQWr3pOaIrQrF6/FnnFZYsJU=,/+R/scGY+h2BnHZwgiofIzwy0GA=
6,12,U/EFQWr3pOaIrQrF6/FnnFZYsJU=,lI5HksAJg+RhPh0+OY+RhYRlb3E=
7,12,U/EFQWr3pOaIrQrF6/FnnFZYsJU=,IJSt2/Z4CEWnLrndh1l0Pi8zQ3s=
8,12,U/EFQWr3pOaIrQrF6/FnnFZYsJU=,wkNtZl/RiwKe0w6yROW7WE/9t/E=
9,12,evTXTwwprxZhqsAm9H97AVLGzTM=,CFLH2y41tNnKk0hLWiB84PMTqeU=
10,12,evTXTwwprxZhqsAm9H97AVLGzTM=,rgSiOpAGU0H6wnN8OzvDn/06kwI=
11,12,evTXTwwprxZhqsAm9H97AVLGzTM=,wuRUxj7h4L61mEyG2moBfl2nd9U=
5,13,DbuvE6ZTKsFmcBbF+5VQknMM1Sw=,LGCK/v7YGhXifG3BYVhfh/pPeeo=
6,13,DbuvE6ZTKsFmcBbF+5VQknMM1Sw=,5lrb1vc5DUrsO8MdTvG1kJvhCss=
7,13,DbuvE6ZTKsFmcBbF+5VQknMM1Sw=,EFuA+VxyAIigoAgQB1EVtXsGXic=
8,13,DbuvE6ZTKsFmcBbF+5VQknMM1Sw=,YYjPFoG+2oG5BZVtjAAEJMsgBV4=
9,13,DbuvE6ZTKsFmcBbF+5VQknMM1Sw=,aQC5cvjKUiGVzVF5sxt8/ymY7SU=
10,13,Ky1Vs+zKndxU1RQjRAro5RJbB6k=,4PyFROWfQM4raS+D3flYBmpZ2QQ=
11,13,Ky1Vs+zKndxU1RQjRAro5RJbB6k=,Ml71EsGP8Gv19Hwt/6CPVIdlDwU=
5,14,EB+fi5BM2oeHplBw6jnZbA1bHGc=,57pd9PZa0teOLPKrczamzWFpm94=
6,14,yf960ggvGDclmrSG7IhYUBrKyYk=,kGKGxJ3srgzy8KB0x4Kd/YRQuCw=
7,14,yf960ggvGDclmrSG7IhYUBrKyYk=,6WnLq90KFxaxcnNkNQ59BDBgc9M=
8,14,yf960ggvGDclmrSG7IhYUBrKyYk=,0qcwIsnKWivUMBwqIApD7YZ5Tn0=
9,14,yf960ggvGDclmrSG7IhYUBrKyYk=,jqnk+ng+CD9+N1OzocaP29KJ8zc=
10,14,yf960ggvGDclmrSG7IhYUBrKyYk=,Cl7zrgkWPKT2AYwoDaoI0fek8UI=
11,14,yf960ggvGDclmrSG7IhYUBrKyYk=,3Q3qcBoDOnkxRsXpPoYcUCj4uS4=
5,15,DTqvsHINoZkCoKDdr4tq//ae/eo=,A5C/Ach+tF/z5I+UnF9OkO7xsGw=
6,15,DTqvsHINoZkCoKDdr4tq//ae/eo=,lnG9FMjZ8qEkfDx5f/jxiBu16Oc=
7,15,DTqvsHINoZkCoKDdr4tq//ae/eo=,Iw0XFAjSKCaI35CnG5mE8iaST1A=
4,16,D/VHcFU1+aEV5Udm6XHNaxXe1iE=,nRC4ExLn482croTYluNB6cAZ4j4=
5,16,D/VHcFU1+aEV5Udm6XHNaxXe1iE=,o15/oaVssjL2iYgt7ld1nBxwxZw=
6,16,oIkdVQAUklC6INe6bsIEtGJOGDY=,aTL0iqdp4D3FYYahCoNuBB7bWeA=
7,16,oIkdVQAUklC6INe6bsIEtGJOGDY=,FbbfhIHNo+8wxQ3JPoZF15+kT1I=
4,17,56ZoLpO3f8TF20E3uENKEpd1H9U=,ve59ZNy8T2IxnDE99dgfadBzzWY=
5,17,56ZoLpO3f8TF20E3uENKEpd1H9U=,KM6E2aYQun32lB5CMP0ur1F4p1k=
6,17,56ZoLpO3f8TF20E3uENKEpd1H9U=,zR4a1zGnrqTyg3e4ROXUVm4cAPA=
4,18,Nvqgb1uJYAIoUzsb2MGPoc0rL28=,b4mw0Ffxht2e8shyeumElDHotbE=
5,18,Nvqgb1uJYAIoUzsb2MGPoc0rL28=,2+jGg3wMzF12JLymRMLfwPuD0Do=
6,18,Nvqgb1uJYAIoUzsb2MGPoc0rL28=,wA77ZTX/Vdjuw3k+yX5mbYMZYeg=
7,18,Nvqgb1uJYAIoUzsb2MGPoc0rL28=,68x7saSh5jhEfpAxAqgj4yizpD4=
4,19,LfvtqEFm2XeCm8+zde2VqGsl8W4=,VJ+CXhsx/wKEH7PwkwshO4KIezo=
5,19,LfvtqEFm2XeCm8+zde2VqGsl8W4=,2R83BBEVJCW7rmE4WaQTtLIkYko=
6,19,LfvtqEFm2XeCm8+zde2VqGsl8W4=,b0/l7ac+b24MRcYBSsY5iVrjRJ0=
7,19,LfvtqEFm2XeCm8+zde2VqGsl8W4=,9Qo+DTEq3BDoViLeIVYLk9+DXD4=
4,20,6u6IW4oETxRGjo3CTsaU7Jtcluk=,SxWTwoP2FTHx9XEM5mMC0DNM/Pk=
5,20,6u6IW4oETxRGjo3CTsaU7Jtcluk=,W1aMAFpGoKHElnJ7M2uj9/6bUv4=
6,20,qSQGH2wVP+aumkBBuU9vk80g1yE=,AJT30zf+3f9I1xpFqMCRD+Jef+I=
7,20,qSQGH2wVP+aumkBBuU9vk80g1yE=,zxXAL2pxRRmwXXA1sWLoOb0MLWg=
3,21,KycvefixvWmujFQNVBK1ssZOVjo=,EsYxD2lxubkA6QE9JVlj+RM5cBQ=
4,21,KycvefixvWmujFQNVBK1ssZOVjo=,kl3uSX25N7/RuAgRuPCQYjcSsS8=
5,21,KycvefixvWmujFQNVBK1ssZOVjo=,GGxUwV8304Ml/9SzkpMs7KnI28Q=
6,21,eL06cXGkXKVHYcVPNKBdyoFyke8=,BCGiNI5nYR/Hj0d4NsaJUV/YU2I=
3,22,gxnFHpAUCMXEdGmIz7L+w4pPYMc=,qtnDYri5HDdOiQEXRxrA0fUZyHE=
4,22,gxnFHpAUCMXEdGmIz7L+w4pPYMc=,gHIus3WP706OK8NR9qWa9OxuKA8=
5,22,gxnFHpAUCMXEdGmIz7L+w4pPYMc=,A5fQ0Hin9bF9IF0vc++itozYQQU=
6,22,gbKIu2ghh6j70AVUIas1934PNHo=,G1kyi2Z1/cgb+Luja8PCxWKBAUs=
3,23,M6cF3zVaqB4aOo+oTGXGCo9E3xo=,/kfcbZXoCsG9l4kCMIxAoIVyf/A=
4,23,M6cF3zVaqB4aOo+oTGXGCo9E3xo=,2P2jGltNBHnTEz4VsXjuBV+lZoI=
5,23,M6cF3zVaqB4aOo+oTGXGCo9E3xo=,/R0tqsMnd1VMu4m/m3MSHvIm4Zc=
6,23,M6cF3zVaqB4aOo+oTGXGCo9E3xo=,rdbZ53cvGXSZLiCq1e2HtNQI1as=
4,24,d66LGXSH+zZDv0eV4Bg7EEjs84Y=,NpV5YK7098wkDHdvC4NOSFb2tis=
5,24,d66LGXSH+zZDv0eV4Bg7EEjs84Y=,NpV5YK7098wkDHdvC4NOSFb2tis=
