185,-298,DatjPMCW8LZ9F9FadTCxbP05nTg=,hDrPj6yhvTT9B//Kjb5Di4HJkYc=
190,-299,DatjPMCW8LZ9F9FadTCxbP05nTg=,hDrPj6yhvTT9B//Kjb5Di4HJkYc=
189,-299,DatjPMCW8LZ9F9FadTCxbP05nTg=,hDrPj6yhvTT9B//Kjb5Di4HJkYc=
188,-299,DatjPMCW8LZ9F9FadTCxbP05nTg=,hDrPj6yhvTT9B//Kjb5Di4HJkYc=
187,-299,DatjPMCW8LZ9F9FadTCxbP05nTg=,hDrPj6yhvTT9B//Kjb5Di4HJkYc=
186,-299,DatjPMCW8LZ9F9FadTCxbP05nTg=,hDrPj6yhvTT9B//Kjb5Di4HJkYc=
185,-299,DatjPMCW8LZ9F9FadTCxbP05nTg=,hDrPj6yhvTT9B//Kjb5Di4HJkYc=
190,-300,DatjPMCW8LZ9F9FadTCxbP05nTg=,hDrPj6yhvTT9B//Kjb5Di4HJkYc=
189,-300,DatjPMCW8LZ9F9FadTCxbP05nTg=,hDrPj6yhvTT9B//Kjb5Di4HJkYc=
188,-300,DatjPMCW8LZ9F9FadTCxbP05nTg=,hDrPj6yhvTT9B//Kjb5Di4HJkYc=
187,-300,DatjPMCW8LZ9F9FadTCxbP05nTg=,hDrPj6yhvTT9B//Kjb5Di4HJkYc=
186,-300,DatjPMCW8LZ9F9FadTCxbP05nTg=,hDrPj6yhvTT9B//Kjb5Di4HJkYc=
185,-300,DatjPMCW8LZ9F9FadTCxbP05nTg=,hDrPj6yhvTT9B//Kjb5Di4HJkYc=
190,-301,DatjPMCW8LZ9F9FadTCxbP05nTg=,hDrPj6yhvTT9B//Kjb5Di4HJkYc=
189,-301,DatjPMCW8LZ9F9FadTCxbP05nTg=,hDrPj6yhvTT9B//Kjb5Di4HJkYc=
188,-301,DatjPMCW8LZ9F9FadTCxbP05nTg=,hDrPj6yhvTT9B//Kjb5Di4HJkYc=
187,-301,DatjPMCW8LZ9F9FadTCxbP05nTg=,hDrPj6yhvTT9B//Kjb5Di4HJkYc=
186,-301,DatjPMCW8LZ9F9FadTCxbP05nTg=,hDrPj6yhvTT9B//Kjb5Di4HJkYc=
185,-301,DatjPMCW8LZ9F9FadTCxbP05nTg=,hDrPj6yhvTT9B//Kjb5Di4HJkYc=
190,-297,DatjPMCW8LZ9F9FadTCxbP05nTg=,hDrPj6yhvTT9B//Kjb5Di4HJkYc=
190,-302,DatjPMCW8LZ9F9FadTCxbP05nTg=,hDrPj6yhvTT9B//Kjb5Di4HJkYc=
189,-302,DatjPMCW8LZ9F9FadTCxbP05nTg=,hDrPj6yhvTT9B//Kjb5Di4HJkYc=
188,-302,DatjPMCW8LZ9F9FadTCxbP05nTg=,hDrPj6yhvTT9B//Kjb5Di4HJkYc=
189,-297,DatjPMCW8LZ9F9FadTCxbP05nTg=,hDrPj6yhvTT9B//Kjb5Di4HJkYc=
187,-302,DatjPMCW8LZ9F9FadTCxbP05nTg=,hDrPj6yhvTT9B//Kjb5Di4HJkYc=
186,-302,DatjPMCW8LZ9F9FadTCxbP05nTg=,hDrPj6yhvTT9B//Kjb5Di4HJkYc=
185,-302,DatjPMCW8LZ9F9FadTCxbP05nTg=,hDrPj6yhvTT9B//Kjb5Di4HJkYc=
187,-297,DatjPMCW8LZ9F9FadTCxbP05nTg=,hDrPj6yhvTT9B//Kjb5Di4HJkYc=
188,-297,DatjPMCW8LZ9F9FadTCxbP05nTg=,hDrPj6yhvTT9B//Kjb5Di4HJkYc=
186,-297,DatjPMCW8LZ9F9FadTCxbP05nTg=,hDrPj6yhvTT9B//Kjb5Di4HJkYc=
185,-297,DatjPMCW8LZ9F9FadTCxbP05nTg=,hDrPj6yhvTT9B//Kjb5Di4HJkYc=
186,-303,DatjPMCW8LZ9F9FadTCxbP05nTg=,hDrPj6yhvTT9B//Kjb5Di4HJkYc=
190,-298,DatjPMCW8LZ9F9FadTCxbP05nTg=,hDrPj6yhvTT9B//Kjb5Di4HJkYc=
185,-303,DatjPMCW8LZ9F9FadTCxbP05nTg=,hDrPj6yhvTT9B//Kjb5Di4HJkYc=
189,-298,DatjPMCW8LZ9F9FadTCxbP05nTg=,hDrPj6yhvTT9B//Kjb5Di4HJkYc=
188,-298,CDE0wGADDSXxD15WU/HWC8f5jRA=,hDrPj6yhvTT9B//Kjb5Di4HJkYc=
187,-298,CDE0wGADDSXxD15WU/HWC8f5jRA=,hDrPj6yhvTT9B//Kjb5Di4HJkYc=
186,-298,CDE0wGADDSXxD15WU/HWC8f5jRA=,hDrPj6yhvTT9B//Kjb5Di4HJkYc=
178,-302,CDE0wGADDSXxD15WU/HWC8f5jRA=,eZl4+DYE+ZZJR/8lmH8nnVAH/iA=
180,-297,CDE0wGADDSXxD15WU/HWC8f5jRA=,eZl4+DYE+ZZJR/8lmH8nnVAH/iA=
181,-297,CDE0wGADDSXxD15WU/HWC8f5jRA=,eZl4+DYE+ZZJR/8lmH8nnVAH/iA=
182,-297,CDE0wGADDSXxD15WU/HWC8f5jRA=,eZl4+DYE+ZZJR/8lmH8nnVAH/iA=
184,-298,CDE0wGADDSXxD15WU/HWC8f5jRA=,hDrPj6yhvTT9B//Kjb5Di4HJkYc=
178,-300,CDE0wGADDSXxD15WU/HWC8f5jRA=,eZl4+DYE+ZZJR/8lmH8nnVAH/iA=
179,-300,CDE0wGADDSXxD15WU/HWC8f5jRA=,eZl4+DYE+ZZJR/8lmH8nnVAH/iA=
180,-300,CDE0wGADDSXxD15WU/HWC8f5jRA=,eZl4+DYE+ZZJR/8lmH8nnVAH/iA=
178,-299,CDE0wGADDSXxD15WU/HWC8f5jRA=,eZl4+DYE+ZZJR/8lmH8nnVAH/iA=
179,-299,CDE0wGADDSXxD15WU/HWC8f5jRA=,eZl4+DYE+ZZJR/8lmH8nnVAH/iA=
183,-297,CDE0wGADDSXxD15WU/HWC8f5jRA=,eZl4+DYE+ZZJR/8lmH8nnVAH/iA=
178,-301,CDE0wGADDSXxD15WU/HWC8f5jRA=,eZl4+DYE+ZZJR/8lmH8nnVAH/iA=
180,-299,CDE0wGADDSXxD15WU/HWC8f5jRA=,eZl4+DYE+ZZJR/8lmH8nnVAH/iA=
179,-303,CDE0wGADDSXxD15WU/HWC8f5jRA=,eZl4+DYE+ZZJR/8lmH8nnVAH/iA=
180,-303,CDE0wGADDSXxD15WU/HWC8f5jRA=,eZl4+DYE+ZZJR/8lmH8nnVAH/iA=
181,-303,CDE0wGADDSXxD15WU/HWC8f5jRA=,eZl4+DYE+ZZJR/8lmH8nnVAH/iA=
182,-303,CDE0wGADDSXxD15WU/HWC8f5jRA=,eZl4+DYE+ZZJR/8lmH8nnVAH/iA=
179,-302,CDE0wGADDSXxD15WU/HWC8f5jRA=,eZl4+DYE+ZZJR/8lmH8nnVAH/iA=
180,-302,CDE0wGADDSXxD15WU/HWC8f5jRA=,eZl4+DYE+ZZJR/8lmH8nnVAH/iA=
180,-298,CDE0wGADDSXxD15WU/HWC8f5jRA=,eZl4+DYE+ZZJR/8lmH8nnVAH/iA=
181,-299,CDE0wGADDSXxD15WU/HWC8f5jRA=,eZl4+DYE+ZZJR/8lmH8nnVAH/iA=
181,-298,CDE0wGADDSXxD15WU/HWC8f5jRA=,eZl4+DYE+ZZJR/8lmH8nnVAH/iA=
181,-302,CDE0wGADDSXxD15WU/HWC8f5jRA=,eZl4+DYE+ZZJR/8lmH8nnVAH/iA=
182,-298,CDE0wGADDSXxD15WU/HWC8f5jRA=,eZl4+DYE+ZZJR/8lmH8nnVAH/iA=
184,-303,CDE0wGADDSXxD15WU/HWC8f5jRA=,hDrPj6yhvTT9B//Kjb5Di4HJkYc=
182,-302,CDE0wGADDSXxD15WU/HWC8f5jRA=,eZl4+DYE+ZZJR/8lmH8nnVAH/iA=
182,-299,CDE0wGADDSXxD15WU/HWC8f5jRA=,eZl4+DYE+ZZJR/8lmH8nnVAH/iA=
183,-299,CDE0wGADDSXxD15WU/HWC8f5jRA=,eZl4+DYE+ZZJR/8lmH8nnVAH/iA=
177,-298,CDE0wGADDSXxD15WU/HWC8f5jRA=,eZl4+DYE+ZZJR/8lmH8nnVAH/iA=
184,-297,CDE0wGADDSXxD15WU/HWC8f5jRA=,hDrPj6yhvTT9B//Kjb5Di4HJkYc=
183,-302,CDE0wGADDSXxD15WU/HWC8f5jRA=,eZl4+DYE+ZZJR/8lmH8nnVAH/iA=
184,-302,CDE0wGADDSXxD15WU/HWC8f5jRA=,hDrPj6yhvTT9B//Kjb5Di4HJkYc=
181,-300,CDE0wGADDSXxD15WU/HWC8f5jRA=,eZl4+DYE+ZZJR/8lmH8nnVAH/iA=
179,-301,CDE0wGADDSXxD15WU/HWC8f5jRA=,eZl4+DYE+ZZJR/8lmH8nnVAH/iA=
182,-300,CDE0wGADDSXxD15WU/HWC8f5jRA=,eZl4+DYE+ZZJR/8lmH8nnVAH/iA=
183,-303,CDE0wGADDSXxD15WU/HWC8f5jRA=,eZl4+DYE+ZZJR/8lmH8nnVAH/iA=
184,-301,CDE0wGADDSXxD15WU/HWC8f5jRA=,hDrPj6yhvTT9B//Kjb5Di4HJkYc=
178,-298,CDE0wGADDSXxD15WU/HWC8f5jRA=,eZl4+DYE+ZZJR/8lmH8nnVAH/iA=
180,-301,CDE0wGADDSXxD15WU/HWC8f5jRA=,eZl4+DYE+ZZJR/8lmH8nnVAH/iA=
183,-298,CDE0wGADDSXxD15WU/HWC8f5jRA=,eZl4+DYE+ZZJR/8lmH8nnVAH/iA=
184,-300,CDE0wGADDSXxD15WU/HWC8f5jRA=,hDrPj6yhvTT9B//Kjb5Di4HJkYc=
183,-300,CDE0wGADDSXxD15WU/HWC8f5jRA=,eZl4+DYE+ZZJR/8lmH8nnVAH/iA=
177,-297,CDE0wGADDSXxD15WU/HWC8f5jRA=,eZl4+DYE+ZZJR/8lmH8nnVAH/iA=
181,-301,CDE0wGADDSXxD15WU/HWC8f5jRA=,eZl4+DYE+ZZJR/8lmH8nnVAH/iA=
182,-301,CDE0wGADDSXxD15WU/HWC8f5jRA=,eZl4+DYE+ZZJR/8lmH8nnVAH/iA=
183,-301,CDE0wGADDSXxD15WU/HWC8f5jRA=,eZl4+DYE+ZZJR/8lmH8nnVAH/iA=
177,-302,CDE0wGADDSXxD15WU/HWC8f5jRA=,eZl4+DYE+ZZJR/8lmH8nnVAH/iA=
184,-299,CDE0wGADDSXxD15WU/HWC8f5jRA=,hDrPj6yhvTT9B//Kjb5Di4HJkYc=
178,-297,CDE0wGADDSXxD15WU/HWC8f5jRA=,eZl4+DYE+ZZJR/8lmH8nnVAH/iA=
177,-301,CDE0wGADDSXxD15WU/HWC8f5jRA=,eZl4+DYE+ZZJR/8lmH8nnVAH/iA=
179,-297,CDE0wGADDSXxD15WU/HWC8f5jRA=,eZl4+DYE+ZZJR/8lmH8nnVAH/iA=
177,-299,CDE0wGADDSXxD15WU/HWC8f5jRA=,eZl4+DYE+ZZJR/8lmH8nnVAH/iA=
179,-298,CDE0wGADDSXxD15WU/HWC8f5jRA=,eZl4+DYE+ZZJR/8lmH8nnVAH/iA=
177,-300,CDE0wGADDSXxD15WU/HWC8f5jRA=,eZl4+DYE+ZZJR/8lmH8nnVAH/iA=
191,-298,CDE0wGADDSXxD15WU/HWC8f5jRA=,hDrPj6yhvTT9B//Kjb5Di4HJkYc=
191,-302,CDE0wGADDSXxD15WU/HWC8f5jRA=,hDrPj6yhvTT9B//Kjb5Di4HJkYc=
191,-301,CDE0wGADDSXxD15WU/HWC8f5jRA=,hDrPj6yhvTT9B//Kjb5Di4HJkYc=
191,-300,CDE0wGADDSXxD15WU/HWC8f5jRA=,hDrPj6yhvTT9B//Kjb5Di4HJkYc=
191,-299,CDE0wGADDSXxD15WU/HWC8f5jRA=,hDrPj6yhvTT9B//Kjb5Di4HJkYc=
191,-297,CDE0wGADDSXxD15WU/HWC8f5jRA=,hDrPj6yhvTT9B//Kjb5Di4HJkYc=
176,-298,CDE0wGADDSXxD15WU/HWC8f5jRA=,eZl4+DYE+ZZJR/8lmH8nnVAH/iA=
176,-301,CDE0wGADDSXxD15WU/HWC8f5jRA=,eZl4+DYE+ZZJR/8lmH8nnVAH/iA=
176,-302,CDE0wGADDSXxD15WU/HWC8f5jRA=,eZl4+DYE+ZZJR/8lmH8nnVAH/iA=
176,-300,CDE0wGADDSXxD15WU/HWC8f5jRA=,eZl4+DYE+ZZJR/8lmH8nnVAH/iA=
176,-299,CDE0wGADDSXxD15WU/HWC8f5jRA=,eZl4+DYE+ZZJR/8lmH8nnVAH/iA=
176,-297,CDE0wGADDSXxD15WU/HWC8f5jRA=,eZl4+DYE+ZZJR/8lmH8nnVAH/iA=
189,-303,CDE0wGADDSXxD15WU/HWC8f5jRA=,hDrPj6yhvTT9B//Kjb5Di4HJkYc=
190,-303,CDE0wGADDSXxD15WU/HWC8f5jRA=,hDrPj6yhvTT9B//Kjb5Di4HJkYc=
188,-303,CDE0wGADDSXxD15WU/HWC8f5jRA=,hDrPj6yhvTT9B//Kjb5Di4HJkYc=
191,-303,CDE0wGADDSXxD15WU/HWC8f5jRA=,hDrPj6yhvTT9B//Kjb5Di4HJkYc=
188,-304,CDE0wGADDSXxD15WU/HWC8f5jRA=,hDrPj6yhvTT9B//Kjb5Di4HJkYc=
187,-303,CDE0wGADDSXxD15WU/HWC8f5jRA=,hDrPj6yhvTT9B//Kjb5Di4HJkYc=
189,-304,CDE0wGADDSXxD15WU/HWC8f5jRA=,hDrPj6yhvTT9B//Kjb5Di4HJkYc=
185,-304,CDE0wGADDSXxD15WU/HWC8f5jRA=,hDrPj6yhvTT9B//Kjb5Di4HJkYc=
178,-303,CDE0wGADDSXxD15WU/HWC8f5jRA=,eZl4+DYE+ZZJR/8lmH8nnVAH/iA=
184,-304,CDE0wGADDSXxD15WU/HWC8f5jRA=,hDrPj6yhvTT9B//Kjb5Di4HJkYc=
191,-304,CDE0wGADDSXxD15WU/HWC8f5jRA=,hDrPj6yhvTT9B//Kjb5Di4HJkYc=
177,-303,CDE0wGADDSXxD15WU/HWC8f5jRA=,eZl4+DYE+ZZJR/8lmH8nnVAH/iA=
186,-304,CDE0wGADDSXxD15WU/HWC8f5jRA=,hDrPj6yhvTT9B//Kjb5Di4HJkYc=
190,-304,CDE0wGADDSXxD15WU/HWC8f5jRA=,hDrPj6yhvTT9B//Kjb5Di4HJkYc=
183,-304,CDE0wGADDSXxD15WU/HWC8f5jRA=,eZl4+DYE+ZZJR/8lmH8nnVAH/iA=
182,-304,CDE0wGADDSXxD15WU/HWC8f5jRA=,eZl4+DYE+ZZJR/8lmH8nnVAH/iA=
181,-304,F80Gi8N0zEkR9M7zPgSfoxdiGC0=,eZl4+DYE+ZZJR/8lmH8nnVAH/iA=
187,-304,F80Gi8N0zEkR9M7zPgSfoxdiGC0=,hDrPj6yhvTT9B//Kjb5Di4HJkYc=
180,-304,F80Gi8N0zEkR9M7zPgSfoxdiGC0=,eZl4+DYE+ZZJR/8lmH8nnVAH/iA=
176,-303,F80Gi8N0zEkR9M7zPgSfoxdiGC0=,eZl4+DYE+ZZJR/8lmH8nnVAH/iA=
179,-304,F80Gi8N0zEkR9M7zPgSfoxdiGC0=,eZl4+DYE+ZZJR/8lmH8nnVAH/iA=
177,-304,F80Gi8N0zEkR9M7zPgSfoxdiGC0=,eZl4+DYE+ZZJR/8lmH8nnVAH/iA=
178,-304,F80Gi8N0zEkR9M7zPgSfoxdiGC0=,eZl4+DYE+ZZJR/8lmH8nnVAH/iA=
176,-304,F80Gi8N0zEkR9M7zPgSfoxdiGC0=,eZl4+DYE+ZZJR/8lmH8nnVAH/iA=
185,-312,F80Gi8N0zEkR9M7zPgSfoxdiGC0=,hDrPj6yhvTT9B//Kjb5Di4HJkYc=
186,-312,F80Gi8N0zEkR9M7zPgSfoxdiGC0=,hDrPj6yhvTT9B//Kjb5Di4HJkYc=
187,-312,EIZ94hrleSmfvgPTiz7t+uvFNgw=,hDrPj6yhvTT9B//Kjb5Di4HJkYc=
188,-312,EIZ94hrleSmfvgPTiz7t+uvFNgw=,hDrPj6yhvTT9B//Kjb5Di4HJkYc=
189,-312,EIZ94hrleSmfvgPTiz7t+uvFNgw=,hDrPj6yhvTT9B//Kjb5Di4HJkYc=
190,-312,EIZ94hrleSmfvgPTiz7t+uvFNgw=,hDrPj6yhvTT9B//Kjb5Di4HJkYc=
191,-312,EIZ94hrleSmfvgPTiz7t+uvFNgw=,hDrPj6yhvTT9B//Kjb5Di4HJkYc=
185,-311,EIZ94hrleSmfvgPTiz7t+uvFNgw=,hDrPj6yhvTT9B//Kjb5Di4HJkYc=
186,-311,EIZ94hrleSmfvgPTiz7t+uvFNgw=,hDrPj6yhvTT9B//Kjb5Di4HJkYc=
187,-311,EIZ94hrleSmfvgPTiz7t+uvFNgw=,hDrPj6yhvTT9B//Kjb5Di4HJkYc=
188,-311,EIZ94hrleSmfvgPTiz7t+uvFNgw=,hDrPj6yhvTT9B//Kjb5Di4HJkYc=
189,-311,EIZ94hrleSmfvgPTiz7t+uvFNgw=,hDrPj6yhvTT9B//Kjb5Di4HJkYc=
190,-311,EIZ94hrleSmfvgPTiz7t+uvFNgw=,hDrPj6yhvTT9B//Kjb5Di4HJkYc=
191,-311,EIZ94hrleSmfvgPTiz7t+uvFNgw=,hDrPj6yhvTT9B//Kjb5Di4HJkYc=
191,-310,EIZ94hrleSmfvgPTiz7t+uvFNgw=,hDrPj6yhvTT9B//Kjb5Di4HJkYc=
190,-310,EIZ94hrleSmfvgPTiz7t+uvFNgw=,hDrPj6yhvTT9B//Kjb5Di4HJkYc=
189,-310,EIZ94hrleSmfvgPTiz7t+uvFNgw=,hDrPj6yhvTT9B//Kjb5Di4HJkYc=
188,-310,EIZ94hrleSmfvgPTiz7t+uvFNgw=,hDrPj6yhvTT9B//Kjb5Di4HJkYc=
187,-310,EIZ94hrleSmfvgPTiz7t+uvFNgw=,hDrPj6yhvTT9B//Kjb5Di4HJkYc=
185,-310,EIZ94hrleSmfvgPTiz7t+uvFNgw=,hDrPj6yhvTT9B//Kjb5Di4HJkYc=
186,-310,EIZ94hrleSmfvgPTiz7t+uvFNgw=,hDrPj6yhvTT9B//Kjb5Di4HJkYc=
184,-312,EIZ94hrleSmfvgPTiz7t+uvFNgw=,hDrPj6yhvTT9B//Kjb5Di4HJkYc=
176,-311,EIZ94hrleSmfvgPTiz7t+uvFNgw=,skBlEMeUmsw5kf929yNhlUmvL7k=
180,-312,EIZ94hrleSmfvgPTiz7t+uvFNgw=,skBlEMeUmsw5kf929yNhlUmvL7k=
177,-311,EIZ94hrleSmfvgPTiz7t+uvFNgw=,skBlEMeUmsw5kf929yNhlUmvL7k=
176,-310,EIZ94hrleSmfvgPTiz7t+uvFNgw=,skBlEMeUmsw5kf929yNhlUmvL7k=
183,-310,EIZ94hrleSmfvgPTiz7t+uvFNgw=,skBlEMeUmsw5kf929yNhlUmvL7k=
184,-311,EIZ94hrleSmfvgPTiz7t+uvFNgw=,hDrPj6yhvTT9B//Kjb5Di4HJkYc=
177,-310,EIZ94hrleSmfvgPTiz7t+uvFNgw=,skBlEMeUmsw5kf929yNhlUmvL7k=
176,-312,EIZ94hrleSmfvgPTiz7t+uvFNgw=,skBlEMeUmsw5kf929yNhlUmvL7k=
184,-310,EIZ94hrleSmfvgPTiz7t+uvFNgw=,hDrPj6yhvTT9B//Kjb5Di4HJkYc=
183,-312,EIZ94hrleSmfvgPTiz7t+uvFNgw=,skBlEMeUmsw5kf929yNhlUmvL7k=
182,-310,EIZ94hrleSmfvgPTiz7t+uvFNgw=,skBlEMeUmsw5kf929yNhlUmvL7k=
181,-310,EIZ94hrleSmfvgPTiz7t+uvFNgw=,skBlEMeUmsw5kf929yNhlUmvL7k=
181,-312,EIZ94hrleSmfvgPTiz7t+uvFNgw=,skBlEMeUmsw5kf929yNhlUmvL7k=
183,-311,EIZ94hrleSmfvgPTiz7t+uvFNgw=,skBlEMeUmsw5kf929yNhlUmvL7k=
188,-306,EIZ94hrleSmfvgPTiz7t+uvFNgw=,hDrPj6yhvTT9B//Kjb5Di4HJkYc=
188,-307,EIZ94hrleSmfvgPTiz7t+uvFNgw=,hDrPj6yhvTT9B//Kjb5Di4HJkYc=
188,-309,EIZ94hrleSmfvgPTiz7t+uvFNgw=,hDrPj6yhvTT9B//Kjb5Di4HJkYc=
179,-305,7H9JLTZaSrSHFpJqCd22nLqN2lE=,skBlEMeUmsw5kf929yNhlUmvL7k=
190,-308,7H9JLTZaSrSHFpJqCd22nLqN2lE=,hDrPj6yhvTT9B//Kjb5Di4HJkYc=
191,-309,7H9JLTZaSrSHFpJqCd22nLqN2lE=,hDrPj6yhvTT9B//Kjb5Di4HJkYc=
189,-307,7H9JLTZaSrSHFpJqCd22nLqN2lE=,hDrPj6yhvTT9B//Kjb5Di4HJkYc=
191,-308,7H9JLTZaSrSHFpJqCd22nLqN2lE=,hDrPj6yhvTT9B//Kjb5Di4HJkYc=
182,-311,7H9JLTZaSrSHFpJqCd22nLqN2lE=,skBlEMeUmsw5kf929yNhlUmvL7k=
180,-310,7H9JLTZaSrSHFpJqCd22nLqN2lE=,skBlEMeUmsw5kf929yNhlUmvL7k=
191,-306,7H9JLTZaSrSHFpJqCd22nLqN2lE=,hDrPj6yhvTT9B//Kjb5Di4HJkYc=
181,-311,7H9JLTZaSrSHFpJqCd22nLqN2lE=,skBlEMeUmsw5kf929yNhlUmvL7k=
189,-305,7H9JLTZaSrSHFpJqCd22nLqN2lE=,hDrPj6yhvTT9B//Kjb5Di4HJkYc=
190,-305,7H9JLTZaSrSHFpJqCd22nLqN2lE=,hDrPj6yhvTT9B//Kjb5Di4HJkYc=
190,-309,7H9JLTZaSrSHFpJqCd22nLqN2lE=,hDrPj6yhvTT9B//Kjb5Di4HJkYc=
190,-307,7H9JLTZaSrSHFpJqCd22nLqN2lE=,hDrPj6yhvTT9B//Kjb5Di4HJkYc=
179,-312,7H9JLTZaSrSHFpJqCd22nLqN2lE=,skBlEMeUmsw5kf929yNhlUmvL7k=
191,-307,7H9JLTZaSrSHFpJqCd22nLqN2lE=,hDrPj6yhvTT9B//Kjb5Di4HJkYc=
190,-306,7H9JLTZaSrSHFpJqCd22nLqN2lE=,hDrPj6yhvTT9B//Kjb5Di4HJkYc=
189,-306,7H9JLTZaSrSHFpJqCd22nLqN2lE=,hDrPj6yhvTT9B//Kjb5Di4HJkYc=
178,-312,7H9JLTZaSrSHFpJqCd22nLqN2lE=,skBlEMeUmsw5kf929yNhlUmvL7k=
188,-305,7H9JLTZaSrSHFpJqCd22nLqN2lE=,hDrPj6yhvTT9B//Kjb5Di4HJkYc=
179,-310,7H9JLTZaSrSHFpJqCd22nLqN2lE=,skBlEMeUmsw5kf929yNhlUmvL7k=
180,-311,7H9JLTZaSrSHFpJqCd22nLqN2lE=,skBlEMeUmsw5kf929yNhlUmvL7k=
191,-305,7H9JLTZaSrSHFpJqCd22nLqN2lE=,hDrPj6yhvTT9B//Kjb5Di4HJkYc=
189,-308,7H9JLTZaSrSHFpJqCd22nLqN2lE=,hDrPj6yhvTT9B//Kjb5Di4HJkYc=
179,-311,7H9JLTZaSrSHFpJqCd22nLqN2lE=,skBlEMeUmsw5kf929yNhlUmvL7k=
178,-311,7H9JLTZaSrSHFpJqCd22nLqN2lE=,skBlEMeUmsw5kf929yNhlUmvL7k=
177,-312,7H9JLTZaSrSHFpJqCd22nLqN2lE=,skBlEMeUmsw5kf929yNhlUmvL7k=
182,-312,7H9JLTZaSrSHFpJqCd22nLqN2lE=,skBlEMeUmsw5kf929yNhlUmvL7k=
188,-308,7H9JLTZaSrSHFpJqCd22nLqN2lE=,hDrPj6yhvTT9B//Kjb5Di4HJkYc=
178,-310,7H9JLTZaSrSHFpJqCd22nLqN2lE=,skBlEMeUmsw5kf929yNhlUmvL7k=
187,-306,7H9JLTZaSrSHFpJqCd22nLqN2lE=,hDrPj6yhvTT9B//Kjb5Di4HJkYc=
187,-305,k4/Vmo+ho4nAJYpHbM2eZDZs7Cg=,hDrPj6yhvTT9B//Kjb5Di4HJkYc=
186,-307,k4/Vmo+ho4nAJYpHbM2eZDZs7Cg=,hDrPj6yhvTT9B//Kjb5Di4HJkYc=
176,-306,k4/Vmo+ho4nAJYpHbM2eZDZs7Cg=,skBlEMeUmsw5kf929yNhlUmvL7k=
176,-308,k4/Vmo+ho4nAJYpHbM2eZDZs7Cg=,skBlEMeUmsw5kf929yNhlUmvL7k=
189,-309,k4/Vmo+ho4nAJYpHbM2eZDZs7Cg=,hDrPj6yhvTT9B//Kjb5Di4HJkYc=
184,-307,k4/Vmo+ho4nAJYpHbM2eZDZs7Cg=,hDrPj6yhvTT9B//Kjb5Di4HJkYc=
176,-305,k4/Vmo+ho4nAJYpHbM2eZDZs7Cg=,skBlEMeUmsw5kf929yNhlUmvL7k=
187,-308,k4/Vmo+ho4nAJYpHbM2eZDZs7Cg=,hDrPj6yhvTT9B//Kjb5Di4HJkYc=
184,-308,k4/Vmo+ho4nAJYpHbM2eZDZs7Cg=,hDrPj6yhvTT9B//Kjb5Di4HJkYc=
184,-309,k4/Vmo+ho4nAJYpHbM2eZDZs7Cg=,hDrPj6yhvTT9B//Kjb5Di4HJkYc=
185,-306,DZHOLHIKtfMR2yHcteH6rO/uWYI=,hDrPj6yhvTT9B//Kjb5Di4HJkYc=
179,-306,DZHOLHIKtfMR2yHcteH6rO/uWYI=,skBlEMeUmsw5kf929yNhlUmvL7k=
185,-305,DZHOLHIKtfMR2yHcteH6rO/uWYI=,hDrPj6yhvTT9B//Kjb5Di4HJkYc=
178,-305,DZHOLHIKtfMR2yHcteH6rO/uWYI=,skBlEMeUmsw5kf929yNhlUmvL7k=
186,-306,DZHOLHIKtfMR2yHcteH6rO/uWYI=,hDrPj6yhvTT9B//Kjb5Di4HJkYc=
182,-309,DZHOLHIKtfMR2yHcteH6rO/uWYI=,skBlEMeUmsw5kf929yNhlUmvL7k=
176,-307,DZHOLHIKtfMR2yHcteH6rO/uWYI=,skBlEMeUmsw5kf929yNhlUmvL7k=
186,-305,DZHOLHIKtfMR2yHcteH6rO/uWYI=,hDrPj6yhvTT9B//Kjb5Di4HJkYc=
187,-307,DZHOLHIKtfMR2yHcteH6rO/uWYI=,hDrPj6yhvTT9B//Kjb5Di4HJkYc=
185,-307,DZHOLHIKtfMR2yHcteH6rO/uWYI=,hDrPj6yhvTT9B//Kjb5Di4HJkYc=
177,-305,DZHOLHIKtfMR2yHcteH6rO/uWYI=,skBlEMeUmsw5kf929yNhlUmvL7k=
179,-307,PujfDPb+ApaWeehxPArav482I28=,skBlEMeUmsw5kf929yNhlUmvL7k=
177,-306,PujfDPb+ApaWeehxPArav482I28=,skBlEMeUmsw5kf929yNhlUmvL7k=
177,-307,PujfDPb+ApaWeehxPArav482I28=,skBlEMeUmsw5kf929yNhlUmvL7k=
183,-306,PujfDPb+ApaWeehxPArav482I28=,skBlEMeUmsw5kf929yNhlUmvL7k=
177,-308,PujfDPb+ApaWeehxPArav482I28=,skBlEMeUmsw5kf929yNhlUmvL7k=
183,-309,PujfDPb+ApaWeehxPArav482I28=,skBlEMeUmsw5kf929yNhlUmvL7k=
178,-306,PujfDPb+ApaWeehxPArav482I28=,skBlEMeUmsw5kf929yNhlUmvL7k=
181,-309,PujfDPb+ApaWeehxPArav482I28=,skBlEMeUmsw5kf929yNhlUmvL7k=
184,-305,oO/EGG+TjcmlIkNc2GLS3LOHeEw=,hDrPj6yhvTT9B//Kjb5Di4HJkYc=
183,-307,oO/EGG+TjcmlIkNc2GLS3LOHeEw=,skBlEMeUmsw5kf929yNhlUmvL7k=
181,-307,oO/EGG+TjcmlIkNc2GLS3LOHeEw=,skBlEMeUmsw5kf929yNhlUmvL7k=
182,-307,oO/EGG+TjcmlIkNc2GLS3LOHeEw=,skBlEMeUmsw5kf929yNhlUmvL7k=
180,-307,oO/EGG+TjcmlIkNc2GLS3LOHeEw=,skBlEMeUmsw5kf929yNhlUmvL7k=
178,-307,oO/EGG+TjcmlIkNc2GLS3LOHeEw=,skBlEMeUmsw5kf929yNhlUmvL7k=
183,-308,HaUBknIbO/bVAw0clpwHAO2Tqdc=,skBlEMeUmsw5kf929yNhlUmvL7k=
180,-309,HaUBknIbO/bVAw0clpwHAO2Tqdc=,skBlEMeUmsw5kf929yNhlUmvL7k=
182,-308,HaUBknIbO/bVAw0clpwHAO2Tqdc=,skBlEMeUmsw5kf929yNhlUmvL7k=
181,-308,HaUBknIbO/bVAw0clpwHAO2Tqdc=,skBlEMeUmsw5kf929yNhlUmvL7k=
180,-308,HaUBknIbO/bVAw0clpwHAO2Tqdc=,skBlEMeUmsw5kf929yNhlUmvL7k=
179,-308,HaUBknIbO/bVAw0clpwHAO2Tqdc=,skBlEMeUmsw5kf929yNhlUmvL7k=
178,-308,HaUBknIbO/bVAw0clpwHAO2Tqdc=,skBlEMeUmsw5kf929yNhlUmvL7k=
179,-309,HaUBknIbO/bVAw0clpwHAO2Tqdc=,skBlEMeUmsw5kf929yNhlUmvL7k=
186,-309,HaUBknIbO/bVAw0clpwHAO2Tqdc=,hDrPj6yhvTT9B//Kjb5Di4HJkYc=
178,-309,CSxDVPAwhpqlHTZ9CCn5snCPRK4=,skBlEMeUmsw5kf929yNhlUmvL7k=
183,-305,CSxDVPAwhpqlHTZ9CCn5snCPRK4=,skBlEMeUmsw5kf929yNhlUmvL7k=
177,-309,CSxDVPAwhpqlHTZ9CCn5snCPRK4=,skBlEMeUmsw5kf929yNhlUmvL7k=
185,-309,CSxDVPAwhpqlHTZ9CCn5snCPRK4=,hDrPj6yhvTT9B//Kjb5Di4HJkYc=
184,-306,CSxDVPAwhpqlHTZ9CCn5snCPRK4=,hDrPj6yhvTT9B//Kjb5Di4HJkYc=
187,-309,CSxDVPAwhpqlHTZ9CCn5snCPRK4=,hDrPj6yhvTT9B//Kjb5Di4HJkYc=
185,-308,CSxDVPAwhpqlHTZ9CCn5snCPRK4=,hDrPj6yhvTT9B//Kjb5Di4HJkYc=
181,-306,CSxDVPAwhpqlHTZ9CCn5snCPRK4=,skBlEMeUmsw5kf929yNhlUmvL7k=
186,-308,CSxDVPAwhpqlHTZ9CCn5snCPRK4=,hDrPj6yhvTT9B//Kjb5Di4HJkYc=
182,-305,CSxDVPAwhpqlHTZ9CCn5snCPRK4=,skBlEMeUmsw5kf929yNhlUmvL7k=
181,-305,CSxDVPAwhpqlHTZ9CCn5snCPRK4=,skBlEMeUmsw5kf929yNhlUmvL7k=
176,-309,CSxDVPAwhpqlHTZ9CCn5snCPRK4=,skBlEMeUmsw5kf929yNhlUmvL7k=
180,-305,CSxDVPAwhpqlHTZ9CCn5snCPRK4=,skBlEMeUmsw5kf929yNhlUmvL7k=
182,-306,CSxDVPAwhpqlHTZ9CCn5snCPRK4=,skBlEMeUmsw5kf929yNhlUmvL7k=
180,-306,CSxDVPAwhpqlHTZ9CCn5snCPRK4=,skBlEMeUmsw5kf929yNhlUmvL7k=
169,-312,wIkpzHNUYnFJosG/FSF/0nyfGiM=,RjzUlwVlRpkzyVvNegHMI6VbwrY=
170,-312,wIkpzHNUYnFJosG/FSF/0nyfGiM=,RjzUlwVlRpkzyVvNegHMI6VbwrY=
171,-312,wIkpzHNUYnFJosG/FSF/0nyfGiM=,RjzUlwVlRpkzyVvNegHMI6VbwrY=
172,-312,wIkpzHNUYnFJosG/FSF/0nyfGiM=,RjzUlwVlRpkzyVvNegHMI6VbwrY=
173,-312,wIkpzHNUYnFJosG/FSF/0nyfGiM=,RjzUlwVlRpkzyVvNegHMI6VbwrY=
174,-312,wIkpzHNUYnFJosG/FSF/0nyfGiM=,RjzUlwVlRpkzyVvNegHMI6VbwrY=
175,-312,wIkpzHNUYnFJosG/FSF/0nyfGiM=,RjzUlwVlRpkzyVvNegHMI6VbwrY=
175,-310,wIkpzHNUYnFJosG/FSF/0nyfGiM=,RjzUlwVlRpkzyVvNegHMI6VbwrY=
174,-310,4x+GbS/O2l/2u0g3sqgxRrRKrYw=,RjzUlwVlRpkzyVvNegHMI6VbwrY=
174,-307,4x+GbS/O2l/2u0g3sqgxRrRKrYw=,RjzUlwVlRpkzyVvNegHMI6VbwrY=
172,-308,4x+GbS/O2l/2u0g3sqgxRrRKrYw=,RjzUlwVlRpkzyVvNegHMI6VbwrY=
175,-308,4x+GbS/O2l/2u0g3sqgxRrRKrYw=,RjzUlwVlRpkzyVvNegHMI6VbwrY=
175,-311,4x+GbS/O2l/2u0g3sqgxRrRKrYw=,RjzUlwVlRpkzyVvNegHMI6VbwrY=
173,-307,4x+GbS/O2l/2u0g3sqgxRrRKrYw=,RjzUlwVlRpkzyVvNegHMI6VbwrY=
160,-311,4x+GbS/O2l/2u0g3sqgxRrRKrYw=,FYYIyUy9BwimoNvU+0jU3VnX4eA=
160,-312,4x+GbS/O2l/2u0g3sqgxRrRKrYw=,FYYIyUy9BwimoNvU+0jU3VnX4eA=
168,-312,4x+GbS/O2l/2u0g3sqgxRrRKrYw=,RjzUlwVlRpkzyVvNegHMI6VbwrY=
164,-312,4x+GbS/O2l/2u0g3sqgxRrRKrYw=,FYYIyUy9BwimoNvU+0jU3VnX4eA=
166,-312,4x+GbS/O2l/2u0g3sqgxRrRKrYw=,FYYIyUy9BwimoNvU+0jU3VnX4eA=
162,-312,4x+GbS/O2l/2u0g3sqgxRrRKrYw=,FYYIyUy9BwimoNvU+0jU3VnX4eA=
161,-311,4x+GbS/O2l/2u0g3sqgxRrRKrYw=,FYYIyUy9BwimoNvU+0jU3VnX4eA=
162,-311,4x+GbS/O2l/2u0g3sqgxRrRKrYw=,FYYIyUy9BwimoNvU+0jU3VnX4eA=
174,-309,4x+GbS/O2l/2u0g3sqgxRrRKrYw=,RjzUlwVlRpkzyVvNegHMI6VbwrY=
174,-311,4x+GbS/O2l/2u0g3sqgxRrRKrYw=,RjzUlwVlRpkzyVvNegHMI6VbwrY=
173,-308,crOkDT1WyN4+fI/NIHk5Il6WmnA=,RjzUlwVlRpkzyVvNegHMI6VbwrY=
175,-309,crOkDT1WyN4+fI/NIHk5Il6WmnA=,RjzUlwVlRpkzyVvNegHMI6VbwrY=
173,-310,crOkDT1WyN4+fI/NIHk5Il6WmnA=,RjzUlwVlRpkzyVvNegHMI6VbwrY=
172,-309,crOkDT1WyN4+fI/NIHk5Il6WmnA=,RjzUlwVlRpkzyVvNegHMI6VbwrY=
172,-307,crOkDT1WyN4+fI/NIHk5Il6WmnA=,RjzUlwVlRpkzyVvNegHMI6VbwrY=
175,-307,crOkDT1WyN4+fI/NIHk5Il6WmnA=,RjzUlwVlRpkzyVvNegHMI6VbwrY=
174,-308,crOkDT1WyN4+fI/NIHk5Il6WmnA=,RjzUlwVlRpkzyVvNegHMI6VbwrY=
173,-311,crOkDT1WyN4+fI/NIHk5Il6WmnA=,RjzUlwVlRpkzyVvNegHMI6VbwrY=
173,-309,crOkDT1WyN4+fI/NIHk5Il6WmnA=,RjzUlwVlRpkzyVvNegHMI6VbwrY=
172,-310,crOkDT1WyN4+fI/NIHk5Il6WmnA=,RjzUlwVlRpkzyVvNegHMI6VbwrY=
167,-311,crOkDT1WyN4+fI/NIHk5Il6WmnA=,FYYIyUy9BwimoNvU+0jU3VnX4eA=
170,-305,r0WtLr5i7JL02sTIb7u3YhdiDvY=,RjzUlwVlRpkzyVvNegHMI6VbwrY=
172,-311,r0WtLr5i7JL02sTIb7u3YhdiDvY=,RjzUlwVlRpkzyVvNegHMI6VbwrY=
169,-311,r0WtLr5i7JL02sTIb7u3YhdiDvY=,RjzUlwVlRpkzyVvNegHMI6VbwrY=
164,-310,r0WtLr5i7JL02sTIb7u3YhdiDvY=,FYYIyUy9BwimoNvU+0jU3VnX4eA=
175,-305,r0WtLr5i7JL02sTIb7u3YhdiDvY=,RjzUlwVlRpkzyVvNegHMI6VbwrY=
170,-311,r0WtLr5i7JL02sTIb7u3YhdiDvY=,RjzUlwVlRpkzyVvNegHMI6VbwrY=
175,-306,r0WtLr5i7JL02sTIb7u3YhdiDvY=,RjzUlwVlRpkzyVvNegHMI6VbwrY=
171,-311,r0WtLr5i7JL02sTIb7u3YhdiDvY=,RjzUlwVlRpkzyVvNegHMI6VbwrY=
174,-305,r0WtLr5i7JL02sTIb7u3YhdiDvY=,RjzUlwVlRpkzyVvNegHMI6VbwrY=
171,-305,r0WtLr5i7JL02sTIb7u3YhdiDvY=,RjzUlwVlRpkzyVvNegHMI6VbwrY=
173,-306,cxHTYh8eVzV8zmC5932E+83bWL0=,RjzUlwVlRpkzyVvNegHMI6VbwrY=
172,-305,cxHTYh8eVzV8zmC5932E+83bWL0=,RjzUlwVlRpkzyVvNegHMI6VbwrY=
167,-312,cxHTYh8eVzV8zmC5932E+83bWL0=,FYYIyUy9BwimoNvU+0jU3VnX4eA=
165,-312,cxHTYh8eVzV8zmC5932E+83bWL0=,FYYIyUy9BwimoNvU+0jU3VnX4eA=
169,-305,cxHTYh8eVzV8zmC5932E+83bWL0=,RjzUlwVlRpkzyVvNegHMI6VbwrY=
173,-305,cxHTYh8eVzV8zmC5932E+83bWL0=,RjzUlwVlRpkzyVvNegHMI6VbwrY=
160,-308,cxHTYh8eVzV8zmC5932E+83bWL0=,FYYIyUy9BwimoNvU+0jU3VnX4eA=
163,-306,cxHTYh8eVzV8zmC5932E+83bWL0=,FYYIyUy9BwimoNvU+0jU3VnX4eA=
163,-312,cxHTYh8eVzV8zmC5932E+83bWL0=,FYYIyUy9BwimoNvU+0jU3VnX4eA=
174,-306,cxHTYh8eVzV8zmC5932E+83bWL0=,RjzUlwVlRpkzyVvNegHMI6VbwrY=
163,-311,cxHTYh8eVzV8zmC5932E+83bWL0=,FYYIyUy9BwimoNvU+0jU3VnX4eA=
166,-311,cxHTYh8eVzV8zmC5932E+83bWL0=,FYYIyUy9BwimoNvU+0jU3VnX4eA=
165,-311,cxHTYh8eVzV8zmC5932E+83bWL0=,FYYIyUy9BwimoNvU+0jU3VnX4eA=
164,-311,cxHTYh8eVzV8zmC5932E+83bWL0=,FYYIyUy9BwimoNvU+0jU3VnX4eA=
163,-307,cxHTYh8eVzV8zmC5932E+83bWL0=,FYYIyUy9BwimoNvU+0jU3VnX4eA=
161,-312,cxHTYh8eVzV8zmC5932E+83bWL0=,FYYIyUy9BwimoNvU+0jU3VnX4eA=
165,-310,cxHTYh8eVzV8zmC5932E+83bWL0=,FYYIyUy9BwimoNvU+0jU3VnX4eA=
162,-307,pqY/HD+uUSu+byihK2jZQ16WJ+Y=,FYYIyUy9BwimoNvU+0jU3VnX4eA=
161,-308,pqY/HD+uUSu+byihK2jZQ16WJ+Y=,FYYIyUy9BwimoNvU+0jU3VnX4eA=
167,-310,pqY/HD+uUSu+byihK2jZQ16WJ+Y=,FYYIyUy9BwimoNvU+0jU3VnX4eA=
166,-310,pqY/HD+uUSu+byihK2jZQ16WJ+Y=,FYYIyUy9BwimoNvU+0jU3VnX4eA=
172,-306,pqY/HD+uUSu+byihK2jZQ16WJ+Y=,RjzUlwVlRpkzyVvNegHMI6VbwrY=
168,-308,pqY/HD+uUSu+byihK2jZQ16WJ+Y=,RjzUlwVlRpkzyVvNegHMI6VbwrY=
171,-306,pqY/HD+uUSu+byihK2jZQ16WJ+Y=,RjzUlwVlRpkzyVvNegHMI6VbwrY=
169,-306,dc8WK9tWRg2flOmwzzMpjW06ZC4=,RjzUlwVlRpkzyVvNegHMI6VbwrY=
167,-309,zAQP9m2/1Jr1pq3X3AyY3pBs68E=,FYYIyUy9BwimoNvU+0jU3VnX4eA=
170,-306,zAQP9m2/1Jr1pq3X3AyY3pBs68E=,RjzUlwVlRpkzyVvNegHMI6VbwrY=
171,-307,zAQP9m2/1Jr1pq3X3AyY3pBs68E=,RjzUlwVlRpkzyVvNegHMI6VbwrY=
170,-309,zAQP9m2/1Jr1pq3X3AyY3pBs68E=,RjzUlwVlRpkzyVvNegHMI6VbwrY=
168,-309,zAQP9m2/1Jr1pq3X3AyY3pBs68E=,RjzUlwVlRpkzyVvNegHMI6VbwrY=
169,-309,zAQP9m2/1Jr1pq3X3AyY3pBs68E=,RjzUlwVlRpkzyVvNegHMI6VbwrY=
170,-308,zAQP9m2/1Jr1pq3X3AyY3pBs68E=,RjzUlwVlRpkzyVvNegHMI6VbwrY=
170,-310,zAQP9m2/1Jr1pq3X3AyY3pBs68E=,RjzUlwVlRpkzyVvNegHMI6VbwrY=
171,-309,zAQP9m2/1Jr1pq3X3AyY3pBs68E=,RjzUlwVlRpkzyVvNegHMI6VbwrY=
171,-308,zAQP9m2/1Jr1pq3X3AyY3pBs68E=,RjzUlwVlRpkzyVvNegHMI6VbwrY=
169,-308,zAQP9m2/1Jr1pq3X3AyY3pBs68E=,RjzUlwVlRpkzyVvNegHMI6VbwrY=
169,-307,zAQP9m2/1Jr1pq3X3AyY3pBs68E=,RjzUlwVlRpkzyVvNegHMI6VbwrY=
170,-307,zAQP9m2/1Jr1pq3X3AyY3pBs68E=,RjzUlwVlRpkzyVvNegHMI6VbwrY=
171,-310,zAQP9m2/1Jr1pq3X3AyY3pBs68E=,RjzUlwVlRpkzyVvNegHMI6VbwrY=
162,-306,zAQP9m2/1Jr1pq3X3AyY3pBs68E=,FYYIyUy9BwimoNvU+0jU3VnX4eA=
163,-310,zAQP9m2/1Jr1pq3X3AyY3pBs68E=,FYYIyUy9BwimoNvU+0jU3VnX4eA=
161,-307,zAQP9m2/1Jr1pq3X3AyY3pBs68E=,FYYIyUy9BwimoNvU+0jU3VnX4eA=
168,-311,zAQP9m2/1Jr1pq3X3AyY3pBs68E=,RjzUlwVlRpkzyVvNegHMI6VbwrY=
160,-306,zAQP9m2/1Jr1pq3X3AyY3pBs68E=,FYYIyUy9BwimoNvU+0jU3VnX4eA=
162,-310,zAQP9m2/1Jr1pq3X3AyY3pBs68E=,FYYIyUy9BwimoNvU+0jU3VnX4eA=
161,-306,zAQP9m2/1Jr1pq3X3AyY3pBs68E=,FYYIyUy9BwimoNvU+0jU3VnX4eA=
166,-307,zAQP9m2/1Jr1pq3X3AyY3pBs68E=,FYYIyUy9BwimoNvU+0jU3VnX4eA=
168,-310,zAQP9m2/1Jr1pq3X3AyY3pBs68E=,RjzUlwVlRpkzyVvNegHMI6VbwrY=
166,-309,zAQP9m2/1Jr1pq3X3AyY3pBs68E=,FYYIyUy9BwimoNvU+0jU3VnX4eA=
161,-310,zAQP9m2/1Jr1pq3X3AyY3pBs68E=,FYYIyUy9BwimoNvU+0jU3VnX4eA=
167,-307,zAQP9m2/1Jr1pq3X3AyY3pBs68E=,FYYIyUy9BwimoNvU+0jU3VnX4eA=
168,-306,zAQP9m2/1Jr1pq3X3AyY3pBs68E=,RjzUlwVlRpkzyVvNegHMI6VbwrY=
168,-305,zAQP9m2/1Jr1pq3X3AyY3pBs68E=,RjzUlwVlRpkzyVvNegHMI6VbwrY=
165,-307,zAQP9m2/1Jr1pq3X3AyY3pBs68E=,FYYIyUy9BwimoNvU+0jU3VnX4eA=
164,-309,zAQP9m2/1Jr1pq3X3AyY3pBs68E=,FYYIyUy9BwimoNvU+0jU3VnX4eA=
165,-309,zAQP9m2/1Jr1pq3X3AyY3pBs68E=,FYYIyUy9BwimoNvU+0jU3VnX4eA=
164,-305,zAQP9m2/1Jr1pq3X3AyY3pBs68E=,FYYIyUy9BwimoNvU+0jU3VnX4eA=
164,-307,zAQP9m2/1Jr1pq3X3AyY3pBs68E=,FYYIyUy9BwimoNvU+0jU3VnX4eA=
167,-305,zAQP9m2/1Jr1pq3X3AyY3pBs68E=,FYYIyUy9BwimoNvU+0jU3VnX4eA=
160,-307,zAQP9m2/1Jr1pq3X3AyY3pBs68E=,FYYIyUy9BwimoNvU+0jU3VnX4eA=
166,-305,zAQP9m2/1Jr1pq3X3AyY3pBs68E=,FYYIyUy9BwimoNvU+0jU3VnX4eA=
163,-305,zAQP9m2/1Jr1pq3X3AyY3pBs68E=,FYYIyUy9BwimoNvU+0jU3VnX4eA=
163,-309,zAQP9m2/1Jr1pq3X3AyY3pBs68E=,FYYIyUy9BwimoNvU+0jU3VnX4eA=
163,-308,zAQP9m2/1Jr1pq3X3AyY3pBs68E=,FYYIyUy9BwimoNvU+0jU3VnX4eA=
162,-309,zAQP9m2/1Jr1pq3X3AyY3pBs68E=,FYYIyUy9BwimoNvU+0jU3VnX4eA=
160,-305,zAQP9m2/1Jr1pq3X3AyY3pBs68E=,FYYIyUy9BwimoNvU+0jU3VnX4eA=
161,-305,zAQP9m2/1Jr1pq3X3AyY3pBs68E=,FYYIyUy9BwimoNvU+0jU3VnX4eA=
161,-309,zAQP9m2/1Jr1pq3X3AyY3pBs68E=,FYYIyUy9BwimoNvU+0jU3VnX4eA=
162,-305,zAQP9m2/1Jr1pq3X3AyY3pBs68E=,FYYIyUy9BwimoNvU+0jU3VnX4eA=
165,-305,zAQP9m2/1Jr1pq3X3AyY3pBs68E=,FYYIyUy9BwimoNvU+0jU3VnX4eA=
167,-308,zAQP9m2/1Jr1pq3X3AyY3pBs68E=,FYYIyUy9BwimoNvU+0jU3VnX4eA=
160,-309,zAQP9m2/1Jr1pq3X3AyY3pBs68E=,FYYIyUy9BwimoNvU+0jU3VnX4eA=
164,-306,zAQP9m2/1Jr1pq3X3AyY3pBs68E=,FYYIyUy9BwimoNvU+0jU3VnX4eA=
160,-310,zAQP9m2/1Jr1pq3X3AyY3pBs68E=,FYYIyUy9BwimoNvU+0jU3VnX4eA=
162,-308,zAQP9m2/1Jr1pq3X3AyY3pBs68E=,FYYIyUy9BwimoNvU+0jU3VnX4eA=
166,-308,zAQP9m2/1Jr1pq3X3AyY3pBs68E=,FYYIyUy9BwimoNvU+0jU3VnX4eA=
165,-308,zAQP9m2/1Jr1pq3X3AyY3pBs68E=,FYYIyUy9BwimoNvU+0jU3VnX4eA=
164,-308,zAQP9m2/1Jr1pq3X3AyY3pBs68E=,FYYIyUy9BwimoNvU+0jU3VnX4eA=
167,-306,zAQP9m2/1Jr1pq3X3AyY3pBs68E=,FYYIyUy9BwimoNvU+0jU3VnX4eA=
168,-307,zAQP9m2/1Jr1pq3X3AyY3pBs68E=,RjzUlwVlRpkzyVvNegHMI6VbwrY=
166,-306,zAQP9m2/1Jr1pq3X3AyY3pBs68E=,FYYIyUy9BwimoNvU+0jU3VnX4eA=
165,-306,zAQP9m2/1Jr1pq3X3AyY3pBs68E=,FYYIyUy9BwimoNvU+0jU3VnX4eA=
169,-310,zAQP9m2/1Jr1pq3X3AyY3pBs68E=,RjzUlwVlRpkzyVvNegHMI6VbwrY=
161,-301,zAQP9m2/1Jr1pq3X3AyY3pBs68E=,s6AsAE6ATE0WEwH8Uvkn6BAhfkg=
161,-303,zAQP9m2/1Jr1pq3X3AyY3pBs68E=,s6AsAE6ATE0WEwH8Uvkn6BAhfkg=
162,-301,zAQP9m2/1Jr1pq3X3AyY3pBs68E=,s6AsAE6ATE0WEwH8Uvkn6BAhfkg=
163,-301,zAQP9m2/1Jr1pq3X3AyY3pBs68E=,s6AsAE6ATE0WEwH8Uvkn6BAhfkg=
164,-301,zAQP9m2/1Jr1pq3X3AyY3pBs68E=,s6AsAE6ATE0WEwH8Uvkn6BAhfkg=
165,-301,zAQP9m2/1Jr1pq3X3AyY3pBs68E=,s6AsAE6ATE0WEwH8Uvkn6BAhfkg=
161,-299,zAQP9m2/1Jr1pq3X3AyY3pBs68E=,s6AsAE6ATE0WEwH8Uvkn6BAhfkg=
162,-299,zAQP9m2/1Jr1pq3X3AyY3pBs68E=,s6AsAE6ATE0WEwH8Uvkn6BAhfkg=
163,-299,zAQP9m2/1Jr1pq3X3AyY3pBs68E=,s6AsAE6ATE0WEwH8Uvkn6BAhfkg=
163,-298,zAQP9m2/1Jr1pq3X3AyY3pBs68E=,s6AsAE6ATE0WEwH8Uvkn6BAhfkg=
164,-298,zAQP9m2/1Jr1pq3X3AyY3pBs68E=,s6AsAE6ATE0WEwH8Uvkn6BAhfkg=
164,-299,zAQP9m2/1Jr1pq3X3AyY3pBs68E=,s6AsAE6ATE0WEwH8Uvkn6BAhfkg=
165,-299,zAQP9m2/1Jr1pq3X3AyY3pBs68E=,s6AsAE6ATE0WEwH8Uvkn6BAhfkg=
166,-299,zAQP9m2/1Jr1pq3X3AyY3pBs68E=,s6AsAE6ATE0WEwH8Uvkn6BAhfkg=
162,-303,zAQP9m2/1Jr1pq3X3AyY3pBs68E=,s6AsAE6ATE0WEwH8Uvkn6BAhfkg=
166,-303,zAQP9m2/1Jr1pq3X3AyY3pBs68E=,s6AsAE6ATE0WEwH8Uvkn6BAhfkg=
165,-298,zAQP9m2/1Jr1pq3X3AyY3pBs68E=,s6AsAE6ATE0WEwH8Uvkn6BAhfkg=
161,-300,zAQP9m2/1Jr1pq3X3AyY3pBs68E=,s6AsAE6ATE0WEwH8Uvkn6BAhfkg=
162,-300,zAQP9m2/1Jr1pq3X3AyY3pBs68E=,s6AsAE6ATE0WEwH8Uvkn6BAhfkg=
166,-301,zAQP9m2/1Jr1pq3X3AyY3pBs68E=,s6AsAE6ATE0WEwH8Uvkn6BAhfkg=
163,-300,zAQP9m2/1Jr1pq3X3AyY3pBs68E=,s6AsAE6ATE0WEwH8Uvkn6BAhfkg=
164,-300,zAQP9m2/1Jr1pq3X3AyY3pBs68E=,s6AsAE6ATE0WEwH8Uvkn6BAhfkg=
165,-300,xYrm/DokknUKU4C2JbaELIKhARc=,s6AsAE6ATE0WEwH8Uvkn6BAhfkg=
166,-300,xYrm/DokknUKU4C2JbaELIKhARc=,s6AsAE6ATE0WEwH8Uvkn6BAhfkg=
163,-303,xYrm/DokknUKU4C2JbaELIKhARc=,s6AsAE6ATE0WEwH8Uvkn6BAhfkg=
164,-303,xYrm/DokknUKU4C2JbaELIKhARc=,s6AsAE6ATE0WEwH8Uvkn6BAhfkg=
166,-298,xYrm/DokknUKU4C2JbaELIKhARc=,s6AsAE6ATE0WEwH8Uvkn6BAhfkg=
161,-302,xYrm/DokknUKU4C2JbaELIKhARc=,s6AsAE6ATE0WEwH8Uvkn6BAhfkg=
165,-303,xYrm/DokknUKU4C2JbaELIKhARc=,s6AsAE6ATE0WEwH8Uvkn6BAhfkg=
162,-302,xYrm/DokknUKU4C2JbaELIKhARc=,s6AsAE6ATE0WEwH8Uvkn6BAhfkg=
163,-302,xYrm/DokknUKU4C2JbaELIKhARc=,s6AsAE6ATE0WEwH8Uvkn6BAhfkg=
161,-298,xYrm/DokknUKU4C2JbaELIKhARc=,s6AsAE6ATE0WEwH8Uvkn6BAhfkg=
162,-298,xYrm/DokknUKU4C2JbaELIKhARc=,s6AsAE6ATE0WEwH8Uvkn6BAhfkg=
164,-302,xYrm/DokknUKU4C2JbaELIKhARc=,s6AsAE6ATE0WEwH8Uvkn6BAhfkg=
165,-302,xYrm/DokknUKU4C2JbaELIKhARc=,s6AsAE6ATE0WEwH8Uvkn6BAhfkg=
166,-302,xYrm/DokknUKU4C2JbaELIKhARc=,s6AsAE6ATE0WEwH8Uvkn6BAhfkg=
163,-297,xYrm/DokknUKU4C2JbaELIKhARc=,s6AsAE6ATE0WEwH8Uvkn6BAhfkg=
164,-297,xYrm/DokknUKU4C2JbaELIKhARc=,s6AsAE6ATE0WEwH8Uvkn6BAhfkg=
165,-297,xYrm/DokknUKU4C2JbaELIKhARc=,s6AsAE6ATE0WEwH8Uvkn6BAhfkg=
166,-297,xYrm/DokknUKU4C2JbaELIKhARc=,s6AsAE6ATE0WEwH8Uvkn6BAhfkg=
161,-297,xYrm/DokknUKU4C2JbaELIKhARc=,s6AsAE6ATE0WEwH8Uvkn6BAhfkg=
162,-297,xYrm/DokknUKU4C2JbaELIKhARc=,s6AsAE6ATE0WEwH8Uvkn6BAhfkg=
167,-297,xYrm/DokknUKU4C2JbaELIKhARc=,s6AsAE6ATE0WEwH8Uvkn6BAhfkg=
168,-298,xYrm/DokknUKU4C2JbaELIKhARc=,RjzUlwVlRpkzyVvNegHMI6VbwrY=
167,-302,xYrm/DokknUKU4C2JbaELIKhARc=,s6AsAE6ATE0WEwH8Uvkn6BAhfkg=
169,-298,xYrm/DokknUKU4C2JbaELIKhARc=,RjzUlwVlRpkzyVvNegHMI6VbwrY=
168,-303,xYrm/DokknUKU4C2JbaELIKhARc=,RjzUlwVlRpkzyVvNegHMI6VbwrY=
170,-298,xYrm/DokknUKU4C2JbaELIKhARc=,RjzUlwVlRpkzyVvNegHMI6VbwrY=
169,-303,xYrm/DokknUKU4C2JbaELIKhARc=,RjzUlwVlRpkzyVvNegHMI6VbwrY=
171,-298,xYrm/DokknUKU4C2JbaELIKhARc=,RjzUlwVlRpkzyVvNegHMI6VbwrY=
172,-298,xYrm/DokknUKU4C2JbaELIKhARc=,RjzUlwVlRpkzyVvNegHMI6VbwrY=
167,-299,xYrm/DokknUKU4C2JbaELIKhARc=,s6AsAE6ATE0WEwH8Uvkn6BAhfkg=
168,-302,xYrm/DokknUKU4C2JbaELIKhARc=,RjzUlwVlRpkzyVvNegHMI6VbwrY=
169,-302,xYrm/DokknUKU4C2JbaELIKhARc=,RjzUlwVlRpkzyVvNegHMI6VbwrY=
170,-302,xYrm/DokknUKU4C2JbaELIKhARc=,RjzUlwVlRpkzyVvNegHMI6VbwrY=
171,-302,xYrm/DokknUKU4C2JbaELIKhARc=,RjzUlwVlRpkzyVvNegHMI6VbwrY=
173,-298,xYrm/DokknUKU4C2JbaELIKhARc=,RjzUlwVlRpkzyVvNegHMI6VbwrY=
174,-298,xYrm/DokknUKU4C2JbaELIKhARc=,RjzUlwVlRpkzyVvNegHMI6VbwrY=
172,-302,xYrm/DokknUKU4C2JbaELIKhARc=,RjzUlwVlRpkzyVvNegHMI6VbwrY=
168,-297,xYrm/DokknUKU4C2JbaELIKhARc=,RjzUlwVlRpkzyVvNegHMI6VbwrY=
169,-297,xYrm/DokknUKU4C2JbaELIKhARc=,RjzUlwVlRpkzyVvNegHMI6VbwrY=
170,-297,xYrm/DokknUKU4C2JbaELIKhARc=,RjzUlwVlRpkzyVvNegHMI6VbwrY=
171,-297,xYrm/DokknUKU4C2JbaELIKhARc=,RjzUlwVlRpkzyVvNegHMI6VbwrY=
172,-297,xYrm/DokknUKU4C2JbaELIKhARc=,RjzUlwVlRpkzyVvNegHMI6VbwrY=
173,-297,xYrm/DokknUKU4C2JbaELIKhARc=,RjzUlwVlRpkzyVvNegHMI6VbwrY=
167,-303,xYrm/DokknUKU4C2JbaELIKhARc=,s6AsAE6ATE0WEwH8Uvkn6BAhfkg=
174,-297,xYrm/DokknUKU4C2JbaELIKhARc=,RjzUlwVlRpkzyVvNegHMI6VbwrY=
173,-302,xYrm/DokknUKU4C2JbaELIKhARc=,RjzUlwVlRpkzyVvNegHMI6VbwrY=
174,-302,xYrm/DokknUKU4C2JbaELIKhARc=,RjzUlwVlRpkzyVvNegHMI6VbwrY=
168,-301,xYrm/DokknUKU4C2JbaELIKhARc=,RjzUlwVlRpkzyVvNegHMI6VbwrY=
169,-301,xYrm/DokknUKU4C2JbaELIKhARc=,RjzUlwVlRpkzyVvNegHMI6VbwrY=
170,-301,xYrm/DokknUKU4C2JbaELIKhARc=,RjzUlwVlRpkzyVvNegHMI6VbwrY=
171,-301,xYrm/DokknUKU4C2JbaELIKhARc=,RjzUlwVlRpkzyVvNegHMI6VbwrY=
167,-298,xYrm/DokknUKU4C2JbaELIKhARc=,s6AsAE6ATE0WEwH8Uvkn6BAhfkg=
172,-301,xYrm/DokknUKU4C2JbaELIKhARc=,RjzUlwVlRpkzyVvNegHMI6VbwrY=
173,-301,xYrm/DokknUKU4C2JbaELIKhARc=,RjzUlwVlRpkzyVvNegHMI6VbwrY=
174,-301,xYrm/DokknUKU4C2JbaELIKhARc=,RjzUlwVlRpkzyVvNegHMI6VbwrY=
168,-300,xYrm/DokknUKU4C2JbaELIKhARc=,RjzUlwVlRpkzyVvNegHMI6VbwrY=
169,-300,xYrm/DokknUKU4C2JbaELIKhARc=,RjzUlwVlRpkzyVvNegHMI6VbwrY=
170,-300,xYrm/DokknUKU4C2JbaELIKhARc=,RjzUlwVlRpkzyVvNegHMI6VbwrY=
167,-301,xYrm/DokknUKU4C2JbaELIKhARc=,s6AsAE6ATE0WEwH8Uvkn6BAhfkg=
171,-300,xYrm/DokknUKU4C2JbaELIKhARc=,RjzUlwVlRpkzyVvNegHMI6VbwrY=
172,-300,xYrm/DokknUKU4C2JbaELIKhARc=,RjzUlwVlRpkzyVvNegHMI6VbwrY=
173,-300,xYrm/DokknUKU4C2JbaELIKhARc=,RjzUlwVlRpkzyVvNegHMI6VbwrY=
174,-300,xYrm/DokknUKU4C2JbaELIKhARc=,RjzUlwVlRpkzyVvNegHMI6VbwrY=
167,-300,xYrm/DokknUKU4C2JbaELIKhARc=,s6AsAE6ATE0WEwH8Uvkn6BAhfkg=
168,-299,xYrm/DokknUKU4C2JbaELIKhARc=,RjzUlwVlRpkzyVvNegHMI6VbwrY=
169,-299,xYrm/DokknUKU4C2JbaELIKhARc=,RjzUlwVlRpkzyVvNegHMI6VbwrY=
170,-299,xYrm/DokknUKU4C2JbaELIKhARc=,RjzUlwVlRpkzyVvNegHMI6VbwrY=
171,-299,xYrm/DokknUKU4C2JbaELIKhARc=,RjzUlwVlRpkzyVvNegHMI6VbwrY=
172,-299,xYrm/DokknUKU4C2JbaELIKhARc=,RjzUlwVlRpkzyVvNegHMI6VbwrY=
173,-299,xYrm/DokknUKU4C2JbaELIKhARc=,RjzUlwVlRpkzyVvNegHMI6VbwrY=
174,-299,xYrm/DokknUKU4C2JbaELIKhARc=,RjzUlwVlRpkzyVvNegHMI6VbwrY=
175,-299,xYrm/DokknUKU4C2JbaELIKhARc=,RjzUlwVlRpkzyVvNegHMI6VbwrY=
175,-298,xYrm/DokknUKU4C2JbaELIKhARc=,RjzUlwVlRpkzyVvNegHMI6VbwrY=
175,-297,xYrm/DokknUKU4C2JbaELIKhARc=,RjzUlwVlRpkzyVvNegHMI6VbwrY=
175,-302,xYrm/DokknUKU4C2JbaELIKhARc=,RjzUlwVlRpkzyVvNegHMI6VbwrY=
175,-301,xYrm/DokknUKU4C2JbaELIKhARc=,RjzUlwVlRpkzyVvNegHMI6VbwrY=
175,-300,xYrm/DokknUKU4C2JbaELIKhARc=,RjzUlwVlRpkzyVvNegHMI6VbwrY=
160,-303,xYrm/DokknUKU4C2JbaELIKhARc=,s6AsAE6ATE0WEwH8Uvkn6BAhfkg=
160,-301,xYrm/DokknUKU4C2JbaELIKhARc=,s6AsAE6ATE0WEwH8Uvkn6BAhfkg=
160,-302,xYrm/DokknUKU4C2JbaELIKhARc=,s6AsAE6ATE0WEwH8Uvkn6BAhfkg=
160,-298,xYrm/DokknUKU4C2JbaELIKhARc=,s6AsAE6ATE0WEwH8Uvkn6BAhfkg=
160,-300,xYrm/DokknUKU4C2JbaELIKhARc=,s6AsAE6ATE0WEwH8Uvkn6BAhfkg=
160,-299,xYrm/DokknUKU4C2JbaELIKhARc=,s6AsAE6ATE0WEwH8Uvkn6BAhfkg=
160,-297,xYrm/DokknUKU4C2JbaELIKhARc=,s6AsAE6ATE0WEwH8Uvkn6BAhfkg=
168,-304,xYrm/DokknUKU4C2JbaELIKhARc=,RjzUlwVlRpkzyVvNegHMI6VbwrY=
160,-304,xYrm/DokknUKU4C2JbaELIKhARc=,s6AsAE6ATE0WEwH8Uvkn6BAhfkg=
167,-304,xYrm/DokknUKU4C2JbaELIKhARc=,s6AsAE6ATE0WEwH8Uvkn6BAhfkg=
161,-304,xYrm/DokknUKU4C2JbaELIKhARc=,s6AsAE6ATE0WEwH8Uvkn6BAhfkg=
163,-304,xYrm/DokknUKU4C2JbaELIKhARc=,s6AsAE6ATE0WEwH8Uvkn6BAhfkg=
162,-304,xYrm/DokknUKU4C2JbaELIKhARc=,s6AsAE6ATE0WEwH8Uvkn6BAhfkg=
166,-304,hiy00ZfLtDN3jIfRo8iSyrhVVSw=,s6AsAE6ATE0WEwH8Uvkn6BAhfkg=
164,-304,hiy00ZfLtDN3jIfRo8iSyrhVVSw=,s6AsAE6ATE0WEwH8Uvkn6BAhfkg=
165,-304,hiy00ZfLtDN3jIfRo8iSyrhVVSw=,s6AsAE6ATE0WEwH8Uvkn6BAhfkg=
170,-303,hiy00ZfLtDN3jIfRo8iSyrhVVSw=,RjzUlwVlRpkzyVvNegHMI6VbwrY=
175,-303,hiy00ZfLtDN3jIfRo8iSyrhVVSw=,RjzUlwVlRpkzyVvNegHMI6VbwrY=
174,-303,hiy00ZfLtDN3jIfRo8iSyrhVVSw=,RjzUlwVlRpkzyVvNegHMI6VbwrY=
171,-303,hiy00ZfLtDN3jIfRo8iSyrhVVSw=,RjzUlwVlRpkzyVvNegHMI6VbwrY=
172,-303,hiy00ZfLtDN3jIfRo8iSyrhVVSw=,RjzUlwVlRpkzyVvNegHMI6VbwrY=
173,-303,hiy00ZfLtDN3jIfRo8iSyrhVVSw=,RjzUlwVlRpkzyVvNegHMI6VbwrY=
170,-304,hiy00ZfLtDN3jIfRo8iSyrhVVSw=,RjzUlwVlRpkzyVvNegHMI6VbwrY=
169,-304,hiy00ZfLtDN3jIfRo8iSyrhVVSw=,RjzUlwVlRpkzyVvNegHMI6VbwrY=
174,-304,mlotyPr6eb5iGwqZE/I7YJRJ9Sc=,RjzUlwVlRpkzyVvNegHMI6VbwrY=
175,-304,mlotyPr6eb5iGwqZE/I7YJRJ9Sc=,RjzUlwVlRpkzyVvNegHMI6VbwrY=
171,-304,mlotyPr6eb5iGwqZE/I7YJRJ9Sc=,RjzUlwVlRpkzyVvNegHMI6VbwrY=
173,-304,mlotyPr6eb5iGwqZE/I7YJRJ9Sc=,RjzUlwVlRpkzyVvNegHMI6VbwrY=
172,-304,mlotyPr6eb5iGwqZE/I7YJRJ9Sc=,RjzUlwVlRpkzyVvNegHMI6VbwrY=
